Active,Business Unit,Material,Item Code,Quantity,Destination Hub,Project ID,Project Chapter ID,k EUR,RDD,CDD
Yes,EHM Equip,Multi-Param Sensor Module MP-5,6600701801.01-01,10,Hamburg DC,6600701801,6600701801,24.92,2026-09-29 00:00:00,2026-09-26 00:00:00
Yes,Clinical Measurements,Ventilator Circuit Kit Neonatal,6600702609.01-01,7,Leipzig DC,6600702609,6600702609,41.85,2026-08-14 00:00:00,2026-08-18 00:00:00
Yes,Speciality Monitoring,Ventilator Circuit Kit Reusable Adult,6600704142.01-01,8,Herrsching DC,6600704142,6600704142,59.76,2026-09-21 00:00:00,2026-09-26 00:00:00
Yes,Speciality Monitoring,Defibrillator Pad Set Adult,6600704142.01-02,10,Herrsching DC,6600704142,6600704142,13.66,2026-09-21 00:00:00,2026-09-26 00:00:00
Yes,Speciality Monitoring,Multi-Param Sensor Module MP-8 Plus,6600704142.01-03,11,Herrsching DC,6600704142,6600704142,23.24,2026-09-21 00:00:00,2026-09-26 00:00:00
Yes,Speciality Monitoring,Central Monitoring Software License 20-Bed,6600704142.01-04,5,Herrsching DC,6600704142,6600704142,99.8,2026-09-21 00:00:00,2026-09-26 00:00:00
Yes,Next-Gen Acute Care Monitoring,Patient Cable NIBP Hose 2.5m,6600706993.01-01,1,Hamburg DC,6600706993,6600706993,62.09,2026-09-18 00:00:00,2026-09-22 00:00:00
Yes,Next-Gen Acute Care Monitoring,Central Monitoring Software License 40-Bed Enterprise,6600706993.01-02,12,Hamburg DC,6600706993,6600706993,14.75,2026-09-18 00:00:00,2026-09-22 00:00:00
Yes,EHM Equip,Network Interface Card Standard,6600707386.01-01,6,Leipzig DC,6600707386,6600707386,23.26,2026-10-12 00:00:00,2026-10-10 00:00:00
Yes,EHM Equip,NIBP Cuff Set Pediatric,6600707386.01-02,11,Leipzig DC,6600707386,6600707386,91.34,2026-10-12 00:00:00,2026-10-10 00:00:00
Yes,Next-Gen Acute Care Monitoring,Patient Monitor Gateway X1,6600708880.01-01,4,Herrsching DC,6600708880,6600708880,47.21,2026-10-14 00:00:00,2026-10-13 00:00:00
Yes,EHM Equip,Telemetry Transmitter T5 Dual-Channel,6600710231.01-01,11,Herrsching DC,6600710231,6600710231,85.77,2026-09-06 00:00:00,2026-09-13 00:00:00
Yes,EHM Equip,Patient Cable ECG 5-lead 3m,6600710231.01-02,1,Herrsching DC,6600710231,6600710231,52.17,2026-09-06 00:00:00,2026-09-13 00:00:00
Yes,Next-Gen Acute Care Monitoring,Bedside Monitor Mount Wall Arm,6600712833.01-01,2,Leipzig DC,6600712833,6600712833,53.72,2026-09-14 00:00:00,2026-09-16 00:00:00
Yes,EHM Equip,SpO2 Sensor Reusable Pediatric,6600712852.01-01,4,Boeblingen DC,6600712852,6600712852,20.44,2026-09-04 00:00:00,2026-09-11 00:00:00
Yes,EHM Equip,Anesthesia Gas Module Standard 5-Gas,6600712852.01-02,3,Boeblingen DC,6600712852,6600712852,24.81,2026-09-04 00:00:00,2026-09-11 00:00:00
Yes,EHM Equip,Infusion Pump IP-300 Compact,6600712852.01-03,3,Boeblingen DC,6600712852,6600712852,52.5,2026-09-04 00:00:00,2026-09-11 00:00:00
Yes,EHM Equip,Vital Signs Monitor V100 Compact,6600712852.01-04,1,Boeblingen DC,6600712852,6600712852,19.92,2026-09-04 00:00:00,2026-09-11 00:00:00
Yes,Next-Gen Acute Care Monitoring,NIBP Cuff Set Adult Long,6600715270.01-01,4,Hamburg DC,6600715270,6600715270,16.01,2026-08-14 00:00:00,2026-08-11 00:00:00
Yes,Next-Gen Acute Care Monitoring,ECG Lead Set 5-wire,6600715270.01-02,6,Hamburg DC,6600715270,6600715270,9.6,2026-08-14 00:00:00,2026-08-11 00:00:00
Yes,Next-Gen Acute Care Monitoring,Telemetry Transmitter T3,6600715270.01-03,11,Hamburg DC,6600715270,6600715270,18.35,2026-08-14 00:00:00,2026-08-11 00:00:00
Yes,Speciality Monitoring,Wall Mount Arm Dual Monitor,6600716458.01-01,2,Leipzig DC,6600716458,6600716458,43.02,2026-08-16 00:00:00,2026-08-17 00:00:00
Yes,Speciality Monitoring,Temperature Probe Rectal,6600720941.01-01,4,Hamburg DC,6600720941,6600720941,2.08,2026-08-17 00:00:00,2026-08-21 00:00:00
Yes,Speciality Monitoring,Infusion Pump IP-700 Dual,6600720941.01-02,5,Hamburg DC,6600720941,6600720941,79.7,2026-08-17 00:00:00,2026-08-21 00:00:00
Yes,Clinical Measurements,Temperature Probe Rectal,6600722442.01-01,12,Herrsching DC,6600722442,6600722442,3.19,2026-10-11 00:00:00,2026-10-12 00:00:00
Yes,Clinical Measurements,Central Station Display 24in,6600722442.01-02,1,Herrsching DC,6600722442,6600722442,22.49,2026-10-11 00:00:00,2026-10-12 00:00:00
Yes,EHM Equip,SpO2 Sensor Finger Clip,6600723621.01-01,1,Boeblingen DC,6600723621,6600723621,17.69,2026-09-06 00:00:00,2026-09-12 00:00:00
Yes,EHM Equip,Anesthesia Gas Module Standard 5-Gas,6600723621.01-02,8,Boeblingen DC,6600723621,6600723621,6.27,2026-09-06 00:00:00,2026-09-12 00:00:00
Yes,EHM Equip,Defibrillator Pad Set Pediatric,6600724920.01-01,3,Leipzig DC,6600724920,6600724920,20,2026-08-16 00:00:00,2026-08-17 00:00:00
Yes,EHM Equip,Ultrasound Probe Cardiac P4,6600724920.01-02,7,Leipzig DC,6600724920,6600724920,27.03,2026-08-16 00:00:00,2026-08-17 00:00:00
Yes,EHM Equip,Ventilator Circuit Kit Reusable Adult,6600724920.01-03,3,Leipzig DC,6600724920,6600724920,6.37,2026-08-16 00:00:00,2026-08-17 00:00:00
Yes,EHM Equip,Central Monitoring Software License 40-Bed Enterprise,6600725368.01-01,1,Hamburg DC,6600725368,6600725368,17.7,2026-08-28 00:00:00,2026-09-02 00:00:00
Yes,EHM Equip,Patient Monitor Gateway X1,6600726401.01-01,3,Hamburg DC,6600726401,6600726401,12.45,2026-10-09 00:00:00,2026-10-11 00:00:00
Yes,EHM Equip,Temperature Probe Esophageal,6600727304.01-01,1,Boeblingen DC,6600727304,6600727304,51.6,2026-09-28 00:00:00,2026-10-04 00:00:00
Yes,ACI Clinical Integ. & Insights,ECG Lead Set 3-wire,6600728082.01-01,8,Herrsching DC,6600728082,6600728082,38.27,2026-09-03 00:00:00,2026-09-02 00:00:00
Yes,EHM Equip,Temperature Probe Esophageal,6600730290.01-01,6,Hamburg DC,6600730290,6600730290,10.09,2026-09-02 00:00:00,2026-09-07 00:00:00
Yes,EHM Equip,Vital Signs Monitor V300 Touch,6600730456.01-01,11,Herrsching DC,6600730456,6600730456,16.45,2026-10-14 00:00:00,2026-10-12 00:00:00
Yes,EHM Equip,Anesthesia Gas Module Compact 3-Gas,6600730456.01-02,12,Herrsching DC,6600730456,6600730456,28.7,2026-10-14 00:00:00,2026-10-12 00:00:00
Yes,EHM Equip,Patient Monitor Gateway X2 Wireless,6600730456.01-03,7,Herrsching DC,6600730456,6600730456,74.58,2026-10-14 00:00:00,2026-10-12 00:00:00
Yes,EHM Equip,Telemetry Transmitter T3 Mini,6600730456.01-04,10,Herrsching DC,6600730456,6600730456,45.36,2026-10-14 00:00:00,2026-10-12 00:00:00
Yes,ACI ICCA,Central Station Display 32in Curved,6600732453.01-01,6,Hamburg DC,6600732453,6600732453,7.37,2026-09-07 00:00:00,2026-09-08 00:00:00
Yes,ACI ICCA,Infusion Pump IP-700 Dual,6600732706.01-01,1,Leipzig DC,6600732706,6600732706,22.3,2026-08-19 00:00:00,2026-08-26 00:00:00
Yes,EHM Equip,Patient Cable SpO2 Extension 2m,6600733970.01-01,5,Leipzig DC,6600733970,6600733970,34.37,2026-09-23 00:00:00,2026-09-21 00:00:00
Yes,EHM Equip,ECG Lead Set 5-wire,6600733970.01-02,12,Leipzig DC,6600733970,6600733970,4.88,2026-09-23 00:00:00,2026-09-21 00:00:00
Yes,EHM Equip,Network Interface Card Redundant Dual-Port,6600733970.01-03,8,Leipzig DC,6600733970,6600733970,72.9,2026-09-23 00:00:00,2026-09-21 00:00:00
Yes,Clinical Measurements,Anesthesia Gas Module Compact 3-Gas,6600734631.01-01,12,Hamburg DC,6600734631,6600734631,7.97,2026-08-26 00:00:00,2026-08-30 00:00:00
Yes,Clinical Measurements,Wall Mount Arm Single Monitor,6600737520.01-01,5,Herrsching DC,6600737520,6600737520,46.09,2026-09-21 00:00:00,2026-09-20 00:00:00
Yes,Clinical Measurements,Defibrillator Pad Set Training,6600737520.01-02,9,Herrsching DC,6600737520,6600737520,38,2026-09-21 00:00:00,2026-09-20 00:00:00
Yes,Clinical Measurements,NIBP Cuff Set Pediatric,6600737520.01-03,9,Herrsching DC,6600737520,6600737520,21.2,2026-09-21 00:00:00,2026-09-20 00:00:00
Yes,Clinical Measurements,CO2 Sensor Module Sidestream,6600737520.01-04,3,Herrsching DC,6600737520,6600737520,15.05,2026-09-21 00:00:00,2026-09-20 00:00:00
Yes,Next-Gen Acute Care Monitoring,Ventilator Circuit Kit Adult,6600737632.01-01,5,Leipzig DC,6600737632,6600737632,60.88,2026-10-01 00:00:00,2026-10-08 00:00:00
Yes,Next-Gen Acute Care Monitoring,Temperature Probe Esophageal,6600737632.01-02,5,Leipzig DC,6600737632,6600737632,26.23,2026-10-01 00:00:00,2026-10-08 00:00:00
Yes,EHM Equip,CO2 Sensor Module Mainstream,6600738960.01-01,3,Boeblingen DC,6600738960,6600738960,34.61,2026-09-16 00:00:00,2026-09-17 00:00:00
Yes,EHM Equip,SpO2 Sensor Reusable Pediatric,6600738960.01-02,3,Boeblingen DC,6600738960,6600738960,37.54,2026-09-16 00:00:00,2026-09-17 00:00:00
Yes,EHM Equip,Anesthesia Gas Module Standard 5-Gas,6600738960.01-03,4,Boeblingen DC,6600738960,6600738960,33.9,2026-09-16 00:00:00,2026-09-17 00:00:00
Yes,EHM Equip,Bedside Monitor Mount Rail Mount,6600738960.01-04,8,Boeblingen DC,6600738960,6600738960,26.91,2026-09-16 00:00:00,2026-09-17 00:00:00
Yes,Next-Gen Acute Care Monitoring,Infusion Pump IP-300 Compact,6600742284.01-01,6,Herrsching DC,6600742284,6600742284,16.65,2026-09-05 00:00:00,2026-09-09 00:00:00
Yes,EHM Equip,Central Monitoring Software License 10-Bed,6600743079.01-01,5,Leipzig DC,6600743079,6600743079,14.8,2026-09-19 00:00:00,2026-09-26 00:00:00
Yes,Clinical Measurements,Vital Signs Monitor V100 Compact,6600744258.01-01,2,Leipzig DC,6600744258,6600744258,21.87,2026-09-08 00:00:00,2026-09-08 00:00:00
Yes,Speciality Monitoring,Temperature Probe Esophageal,6600746184.01-01,9,Herrsching DC,6600746184,6600746184,63.19,2026-09-19 00:00:00,2026-09-22 00:00:00
Yes,Speciality Monitoring,Multi-Param Sensor Module MP-3 Compact,6600746184.01-02,11,Herrsching DC,6600746184,6600746184,42.05,2026-09-19 00:00:00,2026-09-22 00:00:00
Yes,Speciality Monitoring,Printer Module PM-3,6600746184.01-03,2,Herrsching DC,6600746184,6600746184,17.28,2026-09-19 00:00:00,2026-09-22 00:00:00
Yes,EHM Equip,Calibration Kit Advanced Diagnostic,6600747918.01-01,6,Herrsching DC,6600747918,6600747918,1.38,2026-08-24 00:00:00,2026-08-29 00:00:00
Yes,EHM Equip,Infusion Pump IP-700 Dual,6600747918.01-02,8,Herrsching DC,6600747918,6600747918,24.17,2026-08-24 00:00:00,2026-08-29 00:00:00
Yes,ACI ICCA,Temperature Probe Esophageal,6600750211.01-01,2,Hamburg DC,6600750211,6600750211,25.92,2026-09-29 00:00:00,2026-10-03 00:00:00
Yes,EHM Equip,Central Monitoring Software License 20-Bed,6600757754.01-01,9,Boeblingen DC,6600757754,6600757754,64.97,2026-08-21 00:00:00,2026-08-20 00:00:00
Yes,EHM Equip,Vital Signs Monitor V200 Cart Mount,6600757754.01-02,6,Boeblingen DC,6600757754,6600757754,22.49,2026-08-21 00:00:00,2026-08-20 00:00:00
Yes,EHM Equip,Calibration Kit Standard,6600758707.01-01,12,Herrsching DC,6600758707,6600758707,84.89,2026-08-29 00:00:00,2026-08-31 00:00:00
Yes,Clinical Measurements,Central Monitoring Software License 10-Bed,6600759026.01-01,6,Leipzig DC,6600759026,6600759026,19,2026-10-05 00:00:00,2026-10-12 00:00:00
Yes,EHM Equip,SpO2 Sensor Reusable Adult,6600759697.01-01,3,Boeblingen DC,6600759697,6600759697,25.99,2026-09-14 00:00:00,2026-09-11 00:00:00
Yes,EHM Equip,Temperature Probe Esophageal,6600759697.01-02,7,Boeblingen DC,6600759697,6600759697,7.39,2026-09-14 00:00:00,2026-09-11 00:00:00
Yes,Clinical Measurements,Multi-Param Sensor Module MP-3 Compact,6600761956.01-01,5,Boeblingen DC,6600761956,6600761956,27.65,2026-09-18 00:00:00,2026-09-19 00:00:00
Yes,Clinical Measurements,Calibration Kit Standard,6600762866.01-01,11,Herrsching DC,6600762866,6600762866,11.84,2026-09-24 00:00:00,2026-09-24 00:00:00
Yes,Clinical Measurements,Temperature Probe Skin,6600762866.01-02,8,Herrsching DC,6600762866,6600762866,6.91,2026-09-24 00:00:00,2026-09-24 00:00:00
Yes,ACI ICCA,NIBP Cuff Set Neonatal,6600763147.01-01,3,Hamburg DC,6600763147,6600763147,42.61,2026-10-01 00:00:00,2026-10-02 00:00:00
Yes,ACI ICCA,Printer Module PM-3,6600763147.01-02,4,Hamburg DC,6600763147,6600763147,8.71,2026-10-01 00:00:00,2026-10-02 00:00:00
Yes,ACI ICCA,NIBP Cuff Set Adult,6600766268.01-01,3,Hamburg DC,6600766268,6600766268,28.37,2026-08-16 00:00:00,2026-08-14 00:00:00
Yes,ACI ICCA,Temperature Probe Skin,6600766268.01-02,6,Hamburg DC,6600766268,6600766268,10.29,2026-08-16 00:00:00,2026-08-14 00:00:00
Yes,ACI Clinical Integ. & Insights,Infusion Pump IP-700 Dual,6600767688.01-01,12,Herrsching DC,6600767688,6600767688,22.31,2026-09-03 00:00:00,2026-09-07 00:00:00
Yes,Clinical Measurements,Patient Cable ECG 5-lead 3m,6600769472.01-01,1,Herrsching DC,6600769472,6600769472,60.86,2026-09-27 00:00:00,2026-09-25 00:00:00
Yes,ACI Clinical Integ. & Insights,Patient Cable SpO2 Extension 2m,6600773877.01-01,12,Leipzig DC,6600773877,6600773877,68.43,2026-09-11 00:00:00,2026-09-11 00:00:00
Yes,ACI Clinical Integ. & Insights,Infusion Pump IP-700 Dual,6600773877.01-02,7,Leipzig DC,6600773877,6600773877,36.46,2026-09-11 00:00:00,2026-09-11 00:00:00
Yes,ACI Clinical Integ. & Insights,Battery Pack BP-08 Compact,6600776346.01-01,4,Leipzig DC,6600776346,6600776346,2.18,2026-09-09 00:00:00,2026-09-11 00:00:00
Yes,ACI Clinical Integ. & Insights,Ventilator Circuit Kit Neonatal,6600776346.01-02,7,Leipzig DC,6600776346,6600776346,43.44,2026-09-09 00:00:00,2026-09-11 00:00:00
Yes,Clinical Measurements,SpO2 Sensor Disposable Adult,6600777476.01-01,9,Leipzig DC,6600777476,6600777476,40.23,2026-10-09 00:00:00,2026-10-10 00:00:00
Yes,Clinical Measurements,Ultrasound Probe Linear L12,6600777476.01-02,9,Leipzig DC,6600777476,6600777476,30.24,2026-10-09 00:00:00,2026-10-10 00:00:00
Yes,EHM Equip,Patient Cable NIBP Hose 2.5m,6600777519.01-01,8,Boeblingen DC,6600777519,6600777519,8.35,2026-10-12 00:00:00,2026-10-10 00:00:00
Yes,EHM Equip,SpO2 Sensor Reusable Pediatric,6600778314.01-01,3,Boeblingen DC,6600778314,6600778314,6.24,2026-10-08 00:00:00,2026-10-08 00:00:00
Yes,EHM Equip,Patient Monitor Gateway X2 Wireless,6600778314.01-02,8,Boeblingen DC,6600778314,6600778314,23.69,2026-10-08 00:00:00,2026-10-08 00:00:00
Yes,EHM Equip,Infusion Pump Docking Station Triple Bay,6600778314.01-03,6,Boeblingen DC,6600778314,6600778314,35.76,2026-10-08 00:00:00,2026-10-08 00:00:00
Yes,EHM Equip,Battery Pack BP-12,6600778314.01-04,12,Boeblingen DC,6600778314,6600778314,5.56,2026-10-08 00:00:00,2026-10-08 00:00:00
Yes,Next-Gen Acute Care Monitoring,Telemetry Transmitter T3,6600778358.01-01,2,Herrsching DC,6600778358,6600778358,48.4,2026-08-14 00:00:00,2026-08-18 00:00:00
Yes,Next-Gen Acute Care Monitoring,Infusion Pump Docking Station Triple Bay,6600778358.01-02,7,Herrsching DC,6600778358,6600778358,29.63,2026-08-14 00:00:00,2026-08-18 00:00:00
Yes,Clinical Measurements,SpO2 Sensor Reusable Adult,6600779611.01-01,3,Herrsching DC,6600779611,6600779611,56.73,2026-09-18 00:00:00,2026-09-15 00:00:00
Yes,EHM Equip,Defibrillator Pad Set Training,6600779780.01-01,4,Boeblingen DC,6600779780,6600779780,22.38,2026-08-19 00:00:00,2026-08-25 00:00:00
Yes,EHM Equip,Service Cart Mobile Locking,6600779780.01-02,4,Boeblingen DC,6600779780,6600779780,22.49,2026-08-19 00:00:00,2026-08-25 00:00:00
Yes,ACI Clinical Integ. & Insights,Telemetry Transmitter T3 Mini,6600783878.01-01,11,Herrsching DC,6600783878,6600783878,116.89,2026-09-24 00:00:00,2026-09-27 00:00:00
Yes,Next-Gen Acute Care Monitoring,Printer Module PM-3 Thermal,6600786100.01-01,3,Hamburg DC,6600786100,6600786100,6.26,2026-08-27 00:00:00,2026-09-01 00:00:00
Yes,Next-Gen Acute Care Monitoring,Service Cart Mobile Standard,6600786100.01-02,10,Hamburg DC,6600786100,6600786100,13.85,2026-08-27 00:00:00,2026-09-01 00:00:00
Yes,Next-Gen Acute Care Monitoring,Defibrillator Pad Set Training,6600786100.01-03,11,Hamburg DC,6600786100,6600786100,3.6,2026-08-27 00:00:00,2026-09-01 00:00:00
Yes,Next-Gen Acute Care Monitoring,Ultrasound Probe Linear L12,6600786100.01-04,3,Hamburg DC,6600786100,6600786100,34.75,2026-08-27 00:00:00,2026-09-01 00:00:00
Yes,EHM Equip,SpO2 Sensor Disposable Adult,6600791549.01-01,5,Boeblingen DC,6600791549,6600791549,47.51,2026-08-15 00:00:00,2026-08-18 00:00:00
Yes,EHM Equip,Ventilator Circuit Kit Neonatal,6600791549.01-02,10,Boeblingen DC,6600791549,6600791549,37.51,2026-08-15 00:00:00,2026-08-18 00:00:00
Yes,EHM Equip,ECG Lead Set 5-wire,6600791549.01-03,12,Boeblingen DC,6600791549,6600791549,51.27,2026-08-15 00:00:00,2026-08-18 00:00:00
Yes,EHM Equip,NIBP Cuff Set Pediatric,6600791549.01-04,6,Boeblingen DC,6600791549,6600791549,2.3,2026-08-15 00:00:00,2026-08-18 00:00:00
Yes,ACI ICCA,NIBP Cuff Set Adult Long,6600792848.01-01,10,Herrsching DC,6600792848,6600792848,22.47,2026-09-22 00:00:00,2026-09-29 00:00:00
Yes,ACI ICCA,Telemetry Transmitter T5 Dual-Channel,6600792848.01-02,5,Herrsching DC,6600792848,6600792848,50.13,2026-09-22 00:00:00,2026-09-29 00:00:00
Yes,Clinical Measurements,Bedside Monitor Mount Wall Arm,6600793401.01-01,6,Leipzig DC,6600793401,6600793401,38.72,2026-09-02 00:00:00,2026-09-02 00:00:00
Yes,Clinical Measurements,Multi-Param Sensor Module MP-3 Compact,6600793401.01-02,5,Leipzig DC,6600793401,6600793401,38.59,2026-09-02 00:00:00,2026-09-02 00:00:00
Yes,Clinical Measurements,Anesthesia Gas Module Standard 5-Gas,6600793401.01-03,6,Leipzig DC,6600793401,6600793401,31.43,2026-09-02 00:00:00,2026-09-02 00:00:00
Yes,EHM Equip,CO2 Sensor Module Mainstream,6600793450.01-01,6,Hamburg DC,6600793450,6600793450,52.64,2026-10-10 00:00:00,2026-10-07 00:00:00
Yes,EHM Equip,Ultrasound Probe Convex C5,6600793450.01-02,3,Hamburg DC,6600793450,6600793450,26.5,2026-10-10 00:00:00,2026-10-07 00:00:00
Yes,Clinical Measurements,ECG Lead Set 12-wire Diagnostic,6600797550.01-01,3,Leipzig DC,6600797550,6600797550,3.59,2026-09-16 00:00:00,2026-09-17 00:00:00
Yes,Clinical Measurements,Multi-Param Sensor Module MP-8 Plus,6600798409.01-01,3,Leipzig DC,6600798409,6600798409,20.69,2026-08-17 00:00:00,2026-08-22 00:00:00
Yes,Clinical Measurements,Battery Pack BP-08 Compact,6600798409.01-02,11,Leipzig DC,6600798409,6600798409,20.29,2026-08-17 00:00:00,2026-08-22 00:00:00
Yes,Speciality Monitoring,Ultrasound Probe Cardiac P4,6600800950.01-01,9,Boeblingen DC,6600800950,6600800950,1.31,2026-09-08 00:00:00,2026-09-05 00:00:00
Yes,Speciality Monitoring,Temperature Probe Skin,6600800950.01-02,4,Boeblingen DC,6600800950,6600800950,14.82,2026-09-08 00:00:00,2026-09-05 00:00:00
Yes,Next-Gen Acute Care Monitoring,SpO2 Sensor Disposable Adult,6600801653.01-01,6,Herrsching DC,6600801653,6600801653,10.83,2026-10-04 00:00:00,2026-10-07 00:00:00
Yes,Next-Gen Acute Care Monitoring,Infusion Pump IP-300 Compact,6600801653.01-02,4,Herrsching DC,6600801653,6600801653,38.97,2026-10-04 00:00:00,2026-10-07 00:00:00
Yes,EHM Equip,Network Interface Card Redundant Dual-Port,6600802065.01-01,4,Boeblingen DC,6600802065,6600802065,50.59,2026-08-30 00:00:00,2026-08-30 00:00:00
Yes,EHM Equip,Telemetry Transmitter T5 Dual-Channel,6600802065.01-02,11,Boeblingen DC,6600802065,6600802065,31.81,2026-08-30 00:00:00,2026-08-30 00:00:00
Yes,EHM Equip,Ventilator Circuit Kit Reusable Adult,6600802065.01-03,4,Boeblingen DC,6600802065,6600802065,11.07,2026-08-30 00:00:00,2026-08-30 00:00:00
Yes,EHM Equip,CO2 Sensor Module Mainstream,6600802065.01-04,6,Boeblingen DC,6600802065,6600802065,18.44,2026-08-30 00:00:00,2026-08-30 00:00:00
Yes,EHM Equip,Temperature Probe Skin,6600805172.01-01,5,Hamburg DC,6600805172,6600805172,35.46,2026-09-23 00:00:00,2026-09-28 00:00:00
Yes,EHM Equip,Vital Signs Monitor V200,6600805591.01-01,1,Herrsching DC,6600805591,6600805591,81.79,2026-09-25 00:00:00,2026-09-30 00:00:00
Yes,EHM Equip,Printer Module PM-3,6600805669.01-01,1,Leipzig DC,6600805669,6600805669,15.07,2026-08-30 00:00:00,2026-08-28 00:00:00
Yes,EHM Equip,Vital Signs Monitor V300 Touch,6600805669.01-02,9,Leipzig DC,6600805669,6600805669,15.26,2026-08-30 00:00:00,2026-08-28 00:00:00
Yes,EHM Equip,Temperature Probe Esophageal,6600805669.01-03,2,Leipzig DC,6600805669,6600805669,13.58,2026-08-30 00:00:00,2026-08-28 00:00:00
Yes,ACI ICCA,SpO2 Sensor Finger Clip,6600806780.01-01,8,Leipzig DC,6600806780,6600806780,52.05,2026-08-26 00:00:00,2026-08-28 00:00:00
Yes,EHM Equip,Wall Mount Arm Single Monitor,6600808444.01-01,4,Hamburg DC,6600808444,6600808444,28.9,2026-09-28 00:00:00,2026-09-30 00:00:00
Yes,EHM Equip,Central Monitoring Software License 40-Bed Enterprise,6600808444.01-02,3,Hamburg DC,6600808444,6600808444,4.9,2026-09-28 00:00:00,2026-09-30 00:00:00
Yes,EHM Equip,Anesthesia Gas Module Compact 3-Gas,6600808444.01-03,8,Hamburg DC,6600808444,6600808444,12.98,2026-09-28 00:00:00,2026-09-30 00:00:00
Yes,EHM Equip,SpO2 Sensor Reusable Pediatric,6600808444.01-04,9,Hamburg DC,6600808444,6600808444,13.71,2026-09-28 00:00:00,2026-09-30 00:00:00
Yes,ACI ICCA,Central Station Display 32in Curved,6600810121.01-01,3,Herrsching DC,6600810121,6600810121,13.34,2026-10-09 00:00:00,2026-10-08 00:00:00
Yes,ACI ICCA,NIBP Cuff Set Adult,6600810121.01-02,1,Herrsching DC,6600810121,6600810121,7.02,2026-10-09 00:00:00,2026-10-08 00:00:00
Yes,EHM Equip,Infusion Pump Docking Station Single Bay,6600812212.01-01,7,Hamburg DC,6600812212,6600812212,5.25,2026-09-06 00:00:00,2026-09-03 00:00:00
Yes,EHM Equip,Vital Signs Monitor V300 Wall Mount,6600812212.01-02,9,Hamburg DC,6600812212,6600812212,37.05,2026-09-06 00:00:00,2026-09-03 00:00:00
Yes,Next-Gen Acute Care Monitoring,ECG Lead Set 12-wire Diagnostic,6600813603.01-01,5,Leipzig DC,6600813603,6600813603,62.87,2026-08-24 00:00:00,2026-08-22 00:00:00
Yes,Next-Gen Acute Care Monitoring,Central Station Display 27in,6600813603.01-02,11,Leipzig DC,6600813603,6600813603,20.77,2026-08-24 00:00:00,2026-08-22 00:00:00
Yes,EHM Equip,ECG Lead Set 5-wire Reusable,6600816100.01-01,6,Boeblingen DC,6600816100,6600816100,25.11,2026-09-13 00:00:00,2026-09-12 00:00:00
Yes,EHM Equip,Telemetry Transmitter T5 Dual-Channel,6600816100.01-02,4,Boeblingen DC,6600816100,6600816100,38.26,2026-09-13 00:00:00,2026-09-12 00:00:00
Yes,EHM Equip,NIBP Cuff Set Adult Long,6600817700.01-01,1,Leipzig DC,6600817700,6600817700,56.79,2026-09-26 00:00:00,2026-09-28 00:00:00
Yes,EHM Equip,Ventilator Circuit Kit Reusable Adult,6600817700.01-02,5,Leipzig DC,6600817700,6600817700,40.92,2026-09-26 00:00:00,2026-09-28 00:00:00
Yes,EHM Equip,Network Interface Card Redundant Dual-Port,6600817700.01-03,2,Leipzig DC,6600817700,6600817700,63.1,2026-09-26 00:00:00,2026-09-28 00:00:00
Yes,EHM Equip,Battery Pack BP-12,6600817700.01-04,9,Leipzig DC,6600817700,6600817700,7.18,2026-09-26 00:00:00,2026-09-28 00:00:00
Yes,EHM Equip,ECG Lead Set 5-wire,6600817808.01-01,6,Herrsching DC,6600817808,6600817808,12.93,2026-09-18 00:00:00,2026-09-19 00:00:00
Yes,EHM Equip,ECG Lead Set 3-wire,6600817808.01-02,6,Herrsching DC,6600817808,6600817808,41.66,2026-09-18 00:00:00,2026-09-19 00:00:00
Yes,ACI Clinical Integ. & Insights,Multi-Param Sensor Module MP-8 Plus,6600817948.01-01,4,Herrsching DC,6600817948,6600817948,1.22,2026-09-12 00:00:00,2026-09-14 00:00:00
Yes,Next-Gen Acute Care Monitoring,Telemetry Transmitter T5 Dual-Channel,6600819077.01-01,3,Hamburg DC,6600819077,6600819077,41.43,2026-08-23 00:00:00,2026-08-29 00:00:00
Yes,EHM Equip,Service Cart Mobile Locking,6600819613.01-01,4,Herrsching DC,6600819613,6600819613,23.92,2026-09-27 00:00:00,2026-09-29 00:00:00
Yes,EHM Equip,Telemetry Transmitter T3,6600820437.01-01,12,Herrsching DC,6600820437,6600820437,38.09,2026-09-16 00:00:00,2026-09-15 00:00:00
Yes,EHM Equip,CO2 Sensor Module Sidestream,6600820437.01-02,2,Herrsching DC,6600820437,6600820437,59.26,2026-09-16 00:00:00,2026-09-15 00:00:00
Yes,EHM Equip,Bedside Monitor Mount Rolling Stand,6600826875.01-01,10,Hamburg DC,6600826875,6600826875,30.92,2026-09-06 00:00:00,2026-09-09 00:00:00
Yes,Next-Gen Acute Care Monitoring,Vital Signs Monitor V200 Cart Mount,6600827619.01-01,4,Boeblingen DC,6600827619,6600827619,37.97,2026-09-23 00:00:00,2026-09-30 00:00:00
Yes,Next-Gen Acute Care Monitoring,Battery Pack BP-24 Extended,6600827619.01-02,8,Boeblingen DC,6600827619,6600827619,55.86,2026-09-23 00:00:00,2026-09-30 00:00:00
Yes,Next-Gen Acute Care Monitoring,CO2 Sensor Module Sidestream,6600827619.01-03,7,Boeblingen DC,6600827619,6600827619,26.97,2026-09-23 00:00:00,2026-09-30 00:00:00
Yes,Speciality Monitoring,Patient Cable ECG 5-lead 3m,6600828296.01-01,4,Boeblingen DC,6600828296,6600828296,17.34,2026-09-02 00:00:00,2026-09-02 00:00:00
Yes,Speciality Monitoring,Vital Signs Monitor V200 Cart Mount,6600828296.01-02,6,Boeblingen DC,6600828296,6600828296,18.82,2026-09-02 00:00:00,2026-09-02 00:00:00
Yes,Next-Gen Acute Care Monitoring,Central Station Display 32in Curved,6600828361.01-01,10,Hamburg DC,6600828361,6600828361,14.89,2026-08-21 00:00:00,2026-08-18 00:00:00
Yes,Next-Gen Acute Care Monitoring,Central Station Display 32in Curved,6600833372.01-01,5,Leipzig DC,6600833372,6600833372,12.62,2026-09-21 00:00:00,2026-09-22 00:00:00
Yes,Next-Gen Acute Care Monitoring,NIBP Cuff Set Neonatal,6600833372.01-02,6,Leipzig DC,6600833372,6600833372,48.86,2026-09-21 00:00:00,2026-09-22 00:00:00
Yes,EHM Equip,Ultrasound Probe Convex C5,6600833484.01-01,7,Herrsching DC,6600833484,6600833484,29.6,2026-08-28 00:00:00,2026-08-31 00:00:00
Yes,ACI ICCA,Vital Signs Monitor V200,6600834707.01-01,10,Boeblingen DC,6600834707,6600834707,12.16,2026-10-12 00:00:00,2026-10-12 00:00:00
Yes,ACI ICCA,Printer Module PM-3,6600834707.01-02,1,Boeblingen DC,6600834707,6600834707,35.18,2026-10-12 00:00:00,2026-10-12 00:00:00
Yes,Clinical Measurements,Ultrasound Probe Convex C5,6600836848.01-01,5,Boeblingen DC,6600836848,6600836848,22.92,2026-09-01 00:00:00,2026-09-03 00:00:00
Yes,Next-Gen Acute Care Monitoring,SpO2 Sensor Reusable Adult,6600838153.01-01,2,Hamburg DC,6600838153,6600838153,19.08,2026-09-24 00:00:00,2026-09-27 00:00:00
Yes,Next-Gen Acute Care Monitoring,Vital Signs Monitor V100 Compact,6600838153.01-02,2,Hamburg DC,6600838153,6600838153,36.36,2026-09-24 00:00:00,2026-09-27 00:00:00
Yes,Next-Gen Acute Care Monitoring,Ventilator Circuit Kit Reusable Adult,6600838153.01-03,4,Hamburg DC,6600838153,6600838153,25.58,2026-09-24 00:00:00,2026-09-27 00:00:00
Yes,EHM Equip,Ventilator Circuit Kit Neonatal,6600838763.01-01,6,Leipzig DC,6600838763,6600838763,41.54,2026-08-23 00:00:00,2026-08-20 00:00:00
Yes,Next-Gen Acute Care Monitoring,Battery Pack BP-24 Extended,6600841554.01-01,1,Hamburg DC,6600841554,6600841554,13.82,2026-08-12 00:00:00,2026-08-09 00:00:00
Yes,Next-Gen Acute Care Monitoring,Battery Pack BP-12,6600841554.01-02,8,Hamburg DC,6600841554,6600841554,34.23,2026-08-12 00:00:00,2026-08-09 00:00:00
Yes,EHM Equip,Telemetry Transmitter T5 Dual-Channel,6600844232.01-01,10,Herrsching DC,6600844232,6600844232,33.8,2026-10-14 00:00:00,2026-10-18 00:00:00
Yes,EHM Equip,Central Station Display 24in,6600845116.01-01,3,Hamburg DC,6600845116,6600845116,12.87,2026-08-13 00:00:00,2026-08-17 00:00:00
Yes,EHM Equip,Printer Module PM-3,6600845116.01-02,6,Hamburg DC,6600845116,6600845116,34.67,2026-08-13 00:00:00,2026-08-17 00:00:00
Yes,EHM Equip,ECG Lead Set 3-wire,6600845116.01-03,4,Hamburg DC,6600845116,6600845116,17.87,2026-08-13 00:00:00,2026-08-17 00:00:00
Yes,EHM Equip,Defibrillator Pad Set Training,6600846045.01-01,4,Hamburg DC,6600846045,6600846045,19.73,2026-08-11 00:00:00,2026-08-11 00:00:00
Yes,Clinical Measurements,Central Monitoring Software License 10-Bed,6600846126.01-01,3,Herrsching DC,6600846126,6600846126,7.83,2026-08-24 00:00:00,2026-08-29 00:00:00
Yes,Clinical Measurements,Battery Pack BP-12,6600846126.01-02,1,Herrsching DC,6600846126,6600846126,19.1,2026-08-24 00:00:00,2026-08-29 00:00:00
Yes,Clinical Measurements,Vital Signs Monitor V100 Compact,6600846126.01-03,9,Herrsching DC,6600846126,6600846126,14.56,2026-08-24 00:00:00,2026-08-29 00:00:00
Yes,EHM Equip,Telemetry Transmitter T3 Mini,6600848977.01-01,4,Boeblingen DC,6600848977,6600848977,3.03,2026-08-16 00:00:00,2026-08-20 00:00:00
Yes,Clinical Measurements,Defibrillator Pad Set Training,6600853093.01-01,8,Leipzig DC,6600853093,6600853093,17.17,2026-09-02 00:00:00,2026-09-03 00:00:00
Yes,Clinical Measurements,NIBP Cuff Set Pediatric,6600853093.01-02,9,Leipzig DC,6600853093,6600853093,16.3,2026-09-02 00:00:00,2026-09-03 00:00:00
Yes,Next-Gen Acute Care Monitoring,NIBP Cuff Set Neonatal,6600854950.01-01,10,Herrsching DC,6600854950,6600854950,7.1,2026-09-29 00:00:00,2026-09-27 00:00:00
Yes,EHM Equip,Defibrillator Pad Set Training,6600856041.01-01,1,Boeblingen DC,6600856041,6600856041,49.39,2026-08-21 00:00:00,2026-08-18 00:00:00
Yes,EHM Equip,NIBP Cuff Set Pediatric,6600856041.01-02,1,Boeblingen DC,6600856041,6600856041,20.86,2026-08-21 00:00:00,2026-08-18 00:00:00
Yes,ACI ICCA,Central Monitoring Software License 20-Bed,6600857150.01-01,4,Leipzig DC,6600857150,6600857150,8.03,2026-10-14 00:00:00,2026-10-13 00:00:00
Yes,Next-Gen Acute Care Monitoring,Patient Cable SpO2 Extension 2m,6600860202.01-01,5,Leipzig DC,6600860202,6600860202,14.43,2026-10-11 00:00:00,2026-10-15 00:00:00
Yes,Speciality Monitoring,Central Station Display 27in,6600861433.01-01,7,Boeblingen DC,6600861433,6600861433,58.86,2026-09-05 00:00:00,2026-09-08 00:00:00
Yes,ACI Clinical Integ. & Insights,Ventilator Circuit Kit Neonatal,6600862212.01-01,9,Hamburg DC,6600862212,6600862212,44.15,2026-08-28 00:00:00,2026-08-31 00:00:00
Yes,ACI Clinical Integ. & Insights,Ventilator Circuit Kit Adult,6600862212.01-02,9,Hamburg DC,6600862212,6600862212,12.98,2026-08-28 00:00:00,2026-08-31 00:00:00
Yes,ACI Clinical Integ. & Insights,Service Cart Mobile Standard,6600862212.01-03,7,Hamburg DC,6600862212,6600862212,13.85,2026-08-28 00:00:00,2026-08-31 00:00:00
Yes,Speciality Monitoring,NIBP Cuff Set Thigh,6600865128.01-01,2,Hamburg DC,6600865128,6600865128,6.77,2026-08-17 00:00:00,2026-08-17 00:00:00
Yes,Speciality Monitoring,NIBP Cuff Set Neonatal,6600865128.01-02,4,Hamburg DC,6600865128,6600865128,29.29,2026-08-17 00:00:00,2026-08-17 00:00:00
Yes,ACI Clinical Integ. & Insights,Vital Signs Monitor V300 Wall Mount,6600865577.01-01,9,Leipzig DC,6600865577,6600865577,42.9,2026-09-09 00:00:00,2026-09-14 00:00:00
Yes,ACI Clinical Integ. & Insights,Central Station Display 32in Curved,6600865577.01-02,6,Leipzig DC,6600865577,6600865577,16.78,2026-09-09 00:00:00,2026-09-14 00:00:00
Yes,ACI Clinical Integ. & Insights,Multi-Param Sensor Module MP-5,6600867782.01-01,1,Boeblingen DC,6600867782,6600867782,24.66,2026-09-16 00:00:00,2026-09-13 00:00:00
Yes,ACI Clinical Integ. & Insights,Temperature Probe Rectal,6600867782.01-02,5,Boeblingen DC,6600867782,6600867782,15.26,2026-09-16 00:00:00,2026-09-13 00:00:00
Yes,Speciality Monitoring,CO2 Sensor Module Sidestream,6600870723.01-01,6,Leipzig DC,6600870723,6600870723,2.41,2026-08-20 00:00:00,2026-08-18 00:00:00
Yes,Speciality Monitoring,SpO2 Sensor Disposable Adult,6600870723.01-02,8,Leipzig DC,6600870723,6600870723,29.64,2026-08-20 00:00:00,2026-08-18 00:00:00
Yes,Speciality Monitoring,Infusion Pump Docking Station Single Bay,6600870723.01-03,11,Leipzig DC,6600870723,6600870723,21.09,2026-08-20 00:00:00,2026-08-18 00:00:00
Yes,Speciality Monitoring,Vital Signs Monitor V300 Touch,6600870723.01-04,3,Leipzig DC,6600870723,6600870723,29.25,2026-08-20 00:00:00,2026-08-18 00:00:00
Yes,Speciality Monitoring,Telemetry Transmitter T3 Mini,6600872389.01-01,10,Boeblingen DC,6600872389,6600872389,24.61,2026-10-12 00:00:00,2026-10-14 00:00:00
Yes,Speciality Monitoring,Central Station Display 32in Curved,6600872389.01-02,3,Boeblingen DC,6600872389,6600872389,131.72,2026-10-12 00:00:00,2026-10-14 00:00:00
Yes,EHM Equip,Infusion Pump IP-300 Compact,6600874579.01-01,3,Herrsching DC,6600874579,6600874579,42.88,2026-08-30 00:00:00,2026-09-02 00:00:00
Yes,EHM Equip,Network Interface Card Standard,6600875965.01-01,4,Leipzig DC,6600875965,6600875965,45.91,2026-09-19 00:00:00,2026-09-23 00:00:00
Yes,EHM Equip,Infusion Pump IP-700 Dual,6600875965.01-02,10,Leipzig DC,6600875965,6600875965,56.46,2026-09-19 00:00:00,2026-09-23 00:00:00
Yes,ACI Clinical Integ. & Insights,ECG Lead Set 12-wire Diagnostic,6600877249.01-01,1,Boeblingen DC,6600877249,6600877249,8.79,2026-09-15 00:00:00,2026-09-16 00:00:00
Yes,EHM Equip,Defibrillator Pad Set Adult,6600877487.01-01,4,Herrsching DC,6600877487,6600877487,10.19,2026-09-24 00:00:00,2026-09-22 00:00:00
Yes,EHM Equip,Patient Cable SpO2 Extension 2m,6600877487.01-02,9,Herrsching DC,6600877487,6600877487,53.92,2026-09-24 00:00:00,2026-09-22 00:00:00
Yes,ACI Clinical Integ. & Insights,Vital Signs Monitor V100 Compact,6600877877.01-01,2,Leipzig DC,6600877877,6600877877,28.05,2026-09-07 00:00:00,2026-09-04 00:00:00
Yes,ACI Clinical Integ. & Insights,Ventilator Circuit Kit Adult,6600877877.01-02,1,Leipzig DC,6600877877,6600877877,39.08,2026-09-07 00:00:00,2026-09-04 00:00:00
Yes,ACI Clinical Integ. & Insights,Ultrasound Probe Cardiac P4,6600877877.01-03,9,Leipzig DC,6600877877,6600877877,11.22,2026-09-07 00:00:00,2026-09-04 00:00:00
Yes,Speciality Monitoring,Wall Mount Arm Single Monitor,6600878827.01-01,11,Hamburg DC,6600878827,6600878827,57.33,2026-10-05 00:00:00,2026-10-11 00:00:00
Yes,Speciality Monitoring,Patient Cable ECG 5-lead 3m,6600878827.01-02,11,Hamburg DC,6600878827,6600878827,69.96,2026-10-05 00:00:00,2026-10-11 00:00:00
Yes,Next-Gen Acute Care Monitoring,ECG Lead Set 5-wire,6600880207.01-01,1,Hamburg DC,6600880207,6600880207,32.57,2026-08-16 00:00:00,2026-08-19 00:00:00
Yes,Next-Gen Acute Care Monitoring,SpO2 Sensor Disposable Adult,6600880207.01-02,10,Hamburg DC,6600880207,6600880207,10.27,2026-08-16 00:00:00,2026-08-19 00:00:00
Yes,EHM Equip,SpO2 Sensor Reusable Pediatric,6600883608.01-01,5,Leipzig DC,6600883608,6600883608,47.8,2026-09-22 00:00:00,2026-09-21 00:00:00
Yes,EHM Equip,NIBP Cuff Set Adult Long,6600883608.01-02,4,Leipzig DC,6600883608,6600883608,6.36,2026-09-22 00:00:00,2026-09-21 00:00:00
Yes,EHM Equip,Central Monitoring Software License 40-Bed Enterprise,6600883608.01-03,11,Leipzig DC,6600883608,6600883608,9.98,2026-09-22 00:00:00,2026-09-21 00:00:00
Yes,Next-Gen Acute Care Monitoring,Vital Signs Monitor V300 Touch,6600888178.01-01,6,Leipzig DC,6600888178,6600888178,42.42,2026-09-28 00:00:00,2026-09-30 00:00:00
Yes,Next-Gen Acute Care Monitoring,Temperature Probe Rectal,6600888178.01-02,7,Leipzig DC,6600888178,6600888178,26.73,2026-09-28 00:00:00,2026-09-30 00:00:00
Yes,Next-Gen Acute Care Monitoring,Battery Pack BP-12,6600888178.01-03,5,Leipzig DC,6600888178,6600888178,37.13,2026-09-28 00:00:00,2026-09-30 00:00:00
Yes,ACI ICCA,Vital Signs Monitor V100 Compact,6600888810.01-01,2,Leipzig DC,6600888810,6600888810,27.01,2026-09-30 00:00:00,2026-10-07 00:00:00
Yes,ACI ICCA,Anesthesia Gas Module Compact 3-Gas,6600888810.01-02,10,Leipzig DC,6600888810,6600888810,21.78,2026-09-30 00:00:00,2026-10-07 00:00:00
Yes,ACI ICCA,ECG Lead Set 5-wire Reusable,6600888810.01-03,11,Leipzig DC,6600888810,6600888810,31.1,2026-09-30 00:00:00,2026-10-07 00:00:00
Yes,EHM Equip,Central Station Display 27in,6600888978.01-01,12,Leipzig DC,6600888978,6600888978,31.05,2026-10-13 00:00:00,2026-10-18 00:00:00
Yes,EHM Equip,Telemetry Transmitter T5 Dual-Channel,6600888978.01-02,8,Leipzig DC,6600888978,6600888978,95.76,2026-10-13 00:00:00,2026-10-18 00:00:00
Yes,EHM Equip,Service Cart Mobile Standard,6600888978.01-03,8,Leipzig DC,6600888978,6600888978,8.38,2026-10-13 00:00:00,2026-10-18 00:00:00
Yes,ACI Clinical Integ. & Insights,Network Interface Card Redundant Dual-Port,6600890118.01-01,8,Hamburg DC,6600890118,6600890118,77.33,2026-10-09 00:00:00,2026-10-12 00:00:00
Yes,ACI Clinical Integ. & Insights,ECG Lead Set 3-wire,6600890118.01-02,8,Hamburg DC,6600890118,6600890118,51.88,2026-10-09 00:00:00,2026-10-12 00:00:00
Yes,ACI Clinical Integ. & Insights,Patient Cable NIBP Hose 2.5m,6600890118.01-03,6,Hamburg DC,6600890118,6600890118,12.3,2026-10-09 00:00:00,2026-10-12 00:00:00
Yes,Next-Gen Acute Care Monitoring,Printer Module PM-3 Thermal,6600895290.01-01,4,Leipzig DC,6600895290,6600895290,21.54,2026-08-26 00:00:00,2026-08-26 00:00:00
Yes,ACI Clinical Integ. & Insights,Temperature Probe Esophageal,6600900516.01-01,10,Hamburg DC,6600900516,6600900516,27.61,2026-09-04 00:00:00,2026-09-02 00:00:00
Yes,ACI Clinical Integ. & Insights,Battery Pack BP-08 Compact,6600900516.01-02,6,Hamburg DC,6600900516,6600900516,8.39,2026-09-04 00:00:00,2026-09-02 00:00:00
Yes,ACI Clinical Integ. & Insights,Ventilator Circuit Kit Adult,6600900516.01-03,2,Hamburg DC,6600900516,6600900516,24.34,2026-09-04 00:00:00,2026-09-02 00:00:00
Yes,ACI Clinical Integ. & Insights,Patient Cable NIBP Hose 2.5m,6600900516.01-04,3,Hamburg DC,6600900516,6600900516,14.67,2026-09-04 00:00:00,2026-09-02 00:00:00
Yes,EHM Equip,Multi-Param Sensor Module MP-5,6600902874.01-01,4,Leipzig DC,6600902874,6600902874,46.17,2026-08-25 00:00:00,2026-08-26 00:00:00
Yes,ACI Clinical Integ. & Insights,ECG Lead Set 5-wire,6600903069.01-01,1,Herrsching DC,6600903069,6600903069,37.21,2026-08-17 00:00:00,2026-08-17 00:00:00
Yes,EHM Equip,NIBP Cuff Set Neonatal,6600904275.01-01,7,Herrsching DC,6600904275,6600904275,53.43,2026-09-29 00:00:00,2026-09-28 00:00:00
Yes,Next-Gen Acute Care Monitoring,Network Interface Card Standard,6600905535.01-01,5,Boeblingen DC,6600905535,6600905535,27.65,2026-10-09 00:00:00,2026-10-13 00:00:00
Yes,ACI Clinical Integ. & Insights,CO2 Sensor Module Sidestream,6600906382.01-01,1,Herrsching DC,6600906382,6600906382,34.57,2026-09-09 00:00:00,2026-09-11 00:00:00
Yes,Clinical Measurements,Multi-Param Sensor Module MP-3 Compact,6600906585.01-01,8,Herrsching DC,6600906585,6600906585,50.64,2026-10-08 00:00:00,2026-10-10 00:00:00
Yes,Clinical Measurements,Patient Cable ECG 5-lead 3m,6600906585.01-02,2,Herrsching DC,6600906585,6600906585,10.27,2026-10-08 00:00:00,2026-10-10 00:00:00
Yes,Clinical Measurements,Patient Cable SpO2 Extension 2m,6600906585.01-03,9,Herrsching DC,6600906585,6600906585,36.8,2026-10-08 00:00:00,2026-10-10 00:00:00
Yes,EHM Equip,Temperature Probe Skin,6600907801.01-01,9,Herrsching DC,6600907801,6600907801,9.02,2026-08-13 00:00:00,2026-08-15 00:00:00
Yes,EHM Equip,Service Cart Mobile Locking,6600907801.01-02,3,Herrsching DC,6600907801,6600907801,37.92,2026-08-13 00:00:00,2026-08-15 00:00:00
Yes,EHM Equip,SpO2 Sensor Reusable Pediatric,6600907801.01-03,3,Herrsching DC,6600907801,6600907801,17.51,2026-08-13 00:00:00,2026-08-15 00:00:00
Yes,EHM Equip,Infusion Pump Docking Station Triple Bay,6600907801.01-04,1,Herrsching DC,6600907801,6600907801,53.84,2026-08-13 00:00:00,2026-08-15 00:00:00
Yes,Speciality Monitoring,NIBP Cuff Set Pediatric,6600909303.01-01,3,Hamburg DC,6600909303,6600909303,65.34,2026-09-29 00:00:00,2026-09-26 00:00:00
Yes,Clinical Measurements,Ventilator Circuit Kit Neonatal,6600912099.01-01,3,Boeblingen DC,6600912099,6600912099,65.64,2026-08-14 00:00:00,2026-08-11 00:00:00
Yes,Clinical Measurements,Ultrasound Probe Convex C5,6600912099.01-02,12,Boeblingen DC,6600912099,6600912099,30.72,2026-08-14 00:00:00,2026-08-11 00:00:00
Yes,Clinical Measurements,Ventilator Circuit Kit Reusable Adult,6600912099.01-03,4,Boeblingen DC,6600912099,6600912099,50,2026-08-14 00:00:00,2026-08-11 00:00:00
Yes,Clinical Measurements,Infusion Pump IP-700 Dual,6600912099.01-04,5,Boeblingen DC,6600912099,6600912099,3.9,2026-08-14 00:00:00,2026-08-11 00:00:00
Yes,EHM Equip,ECG Lead Set 5-wire Reusable,6600915719.01-01,5,Hamburg DC,6600915719,6600915719,5.58,2026-09-21 00:00:00,2026-09-21 00:00:00
Yes,EHM Equip,SpO2 Sensor Finger Clip,6600915719.01-02,5,Hamburg DC,6600915719,6600915719,19.53,2026-09-21 00:00:00,2026-09-21 00:00:00
Yes,EHM Equip,Telemetry Transmitter T3,6600915719.01-03,6,Hamburg DC,6600915719,6600915719,43.71,2026-09-21 00:00:00,2026-09-21 00:00:00
Yes,EHM Equip,ECG Lead Set 3-wire,6600915719.01-04,4,Hamburg DC,6600915719,6600915719,25.57,2026-09-21 00:00:00,2026-09-21 00:00:00
Yes,ACI Clinical Integ. & Insights,ECG Lead Set 5-wire Reusable,6600916456.01-01,8,Leipzig DC,6600916456,6600916456,26.89,2026-10-13 00:00:00,2026-10-20 00:00:00
Yes,ACI ICCA,Central Station Display 24in,6600923613.01-01,1,Leipzig DC,6600923613,6600923613,34.91,2026-09-05 00:00:00,2026-09-11 00:00:00
Yes,ACI Clinical Integ. & Insights,Infusion Pump Docking Station Single Bay,6600925092.01-01,5,Hamburg DC,6600925092,6600925092,9.12,2026-09-27 00:00:00,2026-10-03 00:00:00
Yes,Next-Gen Acute Care Monitoring,Anesthesia Gas Module Standard 5-Gas,6600925402.01-01,11,Herrsching DC,6600925402,6600925402,8.93,2026-09-30 00:00:00,2026-10-07 00:00:00
Yes,Next-Gen Acute Care Monitoring,Vital Signs Monitor V100 Compact,6600925402.01-02,1,Herrsching DC,6600925402,6600925402,43.2,2026-09-30 00:00:00,2026-10-07 00:00:00
Yes,EHM Equip,Defibrillator Pad Set Pediatric,6600926206.01-01,4,Boeblingen DC,6600926206,6600926206,12.56,2026-09-13 00:00:00,2026-09-19 00:00:00
Yes,Clinical Measurements,Central Station Display 27in,6600927775.01-01,4,Herrsching DC,6600927775,6600927775,19.18,2026-09-07 00:00:00,2026-09-13 00:00:00
Yes,Clinical Measurements,Vital Signs Monitor V200,6600927775.01-02,7,Herrsching DC,6600927775,6600927775,36.52,2026-09-07 00:00:00,2026-09-13 00:00:00
Yes,Clinical Measurements,Printer Module PM-3,6600927775.01-03,12,Herrsching DC,6600927775,6600927775,15.68,2026-09-07 00:00:00,2026-09-13 00:00:00
Yes,Clinical Measurements,Infusion Pump Docking Station Triple Bay,6600927775.01-04,10,Herrsching DC,6600927775,6600927775,102.56,2026-09-07 00:00:00,2026-09-13 00:00:00
Yes,Clinical Measurements,SpO2 Sensor Disposable Adult,6600929564.01-01,9,Leipzig DC,6600929564,6600929564,39.78,2026-08-21 00:00:00,2026-08-23 00:00:00
Yes,Clinical Measurements,Ultrasound Probe Linear L12,6600931614.01-01,10,Herrsching DC,6600931614,6600931614,67.82,2026-09-25 00:00:00,2026-09-23 00:00:00
Yes,Clinical Measurements,ECG Lead Set 5-wire Reusable,6600931614.01-02,12,Herrsching DC,6600931614,6600931614,8.43,2026-09-25 00:00:00,2026-09-23 00:00:00
Yes,EHM Equip,Vital Signs Monitor V200,6600931626.01-01,5,Leipzig DC,6600931626,6600931626,3.25,2026-10-09 00:00:00,2026-10-10 00:00:00
Yes,EHM Equip,Battery Pack BP-24 Extended,6600932094.01-01,5,Boeblingen DC,6600932094,6600932094,63.8,2026-09-04 00:00:00,2026-09-03 00:00:00
Yes,EHM Equip,Bedside Monitor Mount Wall Arm,6600932094.01-02,10,Boeblingen DC,6600932094,6600932094,24.16,2026-09-04 00:00:00,2026-09-03 00:00:00
Yes,EHM Equip,ECG Lead Set 5-wire,6600933169.01-01,2,Boeblingen DC,6600933169,6600933169,28.35,2026-09-04 00:00:00,2026-09-08 00:00:00
Yes,EHM Equip,Wall Mount Arm Single Monitor,6600933169.01-02,3,Boeblingen DC,6600933169,6600933169,28.82,2026-09-04 00:00:00,2026-09-08 00:00:00
Yes,EHM Equip,Multi-Param Sensor Module MP-5,6600933169.01-03,9,Boeblingen DC,6600933169,6600933169,60.88,2026-09-04 00:00:00,2026-09-08 00:00:00
Yes,EHM Equip,Patient Cable ECG 5-lead 3m,6600933169.01-04,11,Boeblingen DC,6600933169,6600933169,6.64,2026-09-04 00:00:00,2026-09-08 00:00:00
Yes,EHM Equip,SpO2 Sensor Reusable Pediatric,6600934815.01-01,12,Leipzig DC,6600934815,6600934815,7.57,2026-08-22 00:00:00,2026-08-24 00:00:00
Yes,EHM Equip,ECG Lead Set 5-wire Reusable,6600938674.01-01,6,Leipzig DC,6600938674,6600938674,31.44,2026-09-01 00:00:00,2026-09-08 00:00:00
Yes,EHM Equip,Vital Signs Monitor V300 Touch,6600938674.01-02,3,Leipzig DC,6600938674,6600938674,42.17,2026-09-01 00:00:00,2026-09-08 00:00:00
Yes,Clinical Measurements,ECG Lead Set 3-wire,6600939464.01-01,8,Herrsching DC,6600939464,6600939464,16.13,2026-09-20 00:00:00,2026-09-19 00:00:00
Yes,Clinical Measurements,Battery Pack BP-12,6600939464.01-02,11,Herrsching DC,6600939464,6600939464,28.71,2026-09-20 00:00:00,2026-09-19 00:00:00
Yes,Clinical Measurements,Battery Pack BP-24 Extended,6600939464.01-03,2,Herrsching DC,6600939464,6600939464,16.71,2026-09-20 00:00:00,2026-09-19 00:00:00
Yes,Clinical Measurements,Anesthesia Gas Module Compact 3-Gas,6600939464.01-04,3,Herrsching DC,6600939464,6600939464,13.51,2026-09-20 00:00:00,2026-09-19 00:00:00
Yes,Next-Gen Acute Care Monitoring,ECG Lead Set 3-wire,6600940559.01-01,1,Leipzig DC,6600940559,6600940559,14.11,2026-10-01 00:00:00,2026-10-06 00:00:00
Yes,Next-Gen Acute Care Monitoring,ECG Lead Set 12-wire Diagnostic,6600940559.01-02,10,Leipzig DC,6600940559,6600940559,31.29,2026-10-01 00:00:00,2026-10-06 00:00:00
Yes,Next-Gen Acute Care Monitoring,Printer Module PM-3,6600940559.01-03,8,Leipzig DC,6600940559,6600940559,19.11,2026-10-01 00:00:00,2026-10-06 00:00:00
Yes,Clinical Measurements,Battery Pack BP-24 Extended,6600942074.01-01,8,Boeblingen DC,6600942074,6600942074,49.01,2026-10-10 00:00:00,2026-10-08 00:00:00
Yes,Clinical Measurements,Wall Mount Arm Single Monitor,6600942074.01-02,5,Boeblingen DC,6600942074,6600942074,23.7,2026-10-10 00:00:00,2026-10-08 00:00:00
Yes,Clinical Measurements,Battery Pack BP-12,6600942074.01-03,1,Boeblingen DC,6600942074,6600942074,35.45,2026-10-10 00:00:00,2026-10-08 00:00:00
Yes,Clinical Measurements,Multi-Param Sensor Module MP-3 Compact,6600942153.01-01,1,Leipzig DC,6600942153,6600942153,12.16,2026-10-03 00:00:00,2026-10-01 00:00:00
Yes,EHM Equip,Central Monitoring Software License 40-Bed Enterprise,6600942298.01-01,6,Hamburg DC,6600942298,6600942298,26.58,2026-09-12 00:00:00,2026-09-16 00:00:00
Yes,EHM Equip,Central Monitoring Software License 20-Bed,6600944666.01-01,5,Herrsching DC,6600944666,6600944666,7.82,2026-08-12 00:00:00,2026-08-17 00:00:00
Yes,EHM Equip,Bedside Monitor Mount Rail Mount,6600953423.01-01,1,Herrsching DC,6600953423,6600953423,20.82,2026-08-23 00:00:00,2026-08-29 00:00:00
Yes,EHM Equip,Service Cart Mobile Locking,6600954923.01-01,2,Boeblingen DC,6600954923,6600954923,29.6,2026-09-15 00:00:00,2026-09-17 00:00:00
Yes,EHM Equip,Central Monitoring Software License 10-Bed,6600954923.01-02,12,Boeblingen DC,6600954923,6600954923,30.38,2026-09-15 00:00:00,2026-09-17 00:00:00
Yes,EHM Equip,Patient Cable SpO2 Extension 2m,6600955479.01-01,10,Boeblingen DC,6600955479,6600955479,41.44,2026-09-20 00:00:00,2026-09-22 00:00:00
Yes,EHM Equip,Ultrasound Probe Convex C5,6600956091.01-01,5,Hamburg DC,6600956091,6600956091,5.07,2026-09-02 00:00:00,2026-08-30 00:00:00
Yes,EHM Equip,Anesthesia Gas Module Standard 5-Gas,6600958798.01-01,8,Boeblingen DC,6600958798,6600958798,7.26,2026-09-17 00:00:00,2026-09-15 00:00:00
Yes,EHM Equip,NIBP Cuff Set Pediatric,6600961418.01-01,2,Boeblingen DC,6600961418,6600961418,0.55,2026-10-13 00:00:00,2026-10-12 00:00:00
Yes,EHM Equip,Bedside Monitor Mount Rail Mount,6600961418.01-02,3,Boeblingen DC,6600961418,6600961418,44.2,2026-10-13 00:00:00,2026-10-12 00:00:00
Yes,ACI ICCA,Infusion Pump IP-500,6600962637.01-01,11,Herrsching DC,6600962637,6600962637,58.06,2026-09-28 00:00:00,2026-10-05 00:00:00
Yes,ACI ICCA,Service Cart Mobile Locking,6600962637.01-02,12,Herrsching DC,6600962637,6600962637,31.61,2026-09-28 00:00:00,2026-10-05 00:00:00
Yes,EHM Equip,Ultrasound Probe Cardiac P4,6600966467.01-01,12,Boeblingen DC,6600966467,6600966467,28.87,2026-08-31 00:00:00,2026-09-06 00:00:00
Yes,EHM Equip,Vital Signs Monitor V200,6600966467.01-02,11,Boeblingen DC,6600966467,6600966467,85.43,2026-08-31 00:00:00,2026-09-06 00:00:00
Yes,EHM Equip,Central Monitoring Software License 10-Bed,6600967118.01-01,12,Herrsching DC,6600967118,6600967118,14.97,2026-10-13 00:00:00,2026-10-20 00:00:00
Yes,ACI ICCA,NIBP Cuff Set Adult,6600970211.01-01,9,Hamburg DC,6600970211,6600970211,11.08,2026-08-30 00:00:00,2026-09-01 00:00:00
Yes,ACI ICCA,Vital Signs Monitor V300 Touch,6600970211.01-02,1,Hamburg DC,6600970211,6600970211,19.82,2026-08-30 00:00:00,2026-09-01 00:00:00
Yes,ACI ICCA,NIBP Cuff Set Adult Long,6600970634.01-01,9,Leipzig DC,6600970634,6600970634,13.1,2026-08-20 00:00:00,2026-08-23 00:00:00
Yes,ACI ICCA,Infusion Pump Docking Station Triple Bay,6600970634.01-02,1,Leipzig DC,6600970634,6600970634,7.91,2026-08-20 00:00:00,2026-08-23 00:00:00
Yes,ACI ICCA,Ultrasound Probe Linear L12,6600970634.01-03,2,Leipzig DC,6600970634,6600970634,20.59,2026-08-20 00:00:00,2026-08-23 00:00:00
Yes,Next-Gen Acute Care Monitoring,Ventilator Circuit Kit Neonatal,6600970635.01-01,12,Hamburg DC,6600970635,6600970635,30,2026-09-22 00:00:00,2026-09-27 00:00:00
Yes,Next-Gen Acute Care Monitoring,Patient Cable NIBP Hose 2.5m,6600970635.01-02,1,Hamburg DC,6600970635,6600970635,29.63,2026-09-22 00:00:00,2026-09-27 00:00:00
Yes,Clinical Measurements,Central Station Display 32in Curved,6600972126.01-01,12,Boeblingen DC,6600972126,6600972126,28.2,2026-09-27 00:00:00,2026-09-30 00:00:00
Yes,EHM Equip,Multi-Param Sensor Module MP-3 Compact,6600975417.01-01,4,Boeblingen DC,6600975417,6600975417,16.06,2026-10-08 00:00:00,2026-10-09 00:00:00
Yes,ACI Clinical Integ. & Insights,Infusion Pump IP-300 Compact,6600977017.01-01,12,Leipzig DC,6600977017,6600977017,4.79,2026-08-16 00:00:00,2026-08-17 00:00:00
Yes,Next-Gen Acute Care Monitoring,Central Station Display 24in,6600977693.01-01,2,Boeblingen DC,6600977693,6600977693,20.76,2026-09-21 00:00:00,2026-09-18 00:00:00
Yes,Speciality Monitoring,Central Monitoring Software License 40-Bed Enterprise,6600977742.01-01,6,Leipzig DC,6600977742,6600977742,55.86,2026-10-12 00:00:00,2026-10-11 00:00:00
Yes,Speciality Monitoring,SpO2 Sensor Reusable Pediatric,6600977742.01-02,4,Leipzig DC,6600977742,6600977742,49.1,2026-10-12 00:00:00,2026-10-11 00:00:00
Yes,Speciality Monitoring,Temperature Probe Skin,6600977742.01-03,4,Leipzig DC,6600977742,6600977742,40.17,2026-10-12 00:00:00,2026-10-11 00:00:00
Yes,Speciality Monitoring,Vital Signs Monitor V300 Wall Mount,6600977742.01-04,4,Leipzig DC,6600977742,6600977742,31.78,2026-10-12 00:00:00,2026-10-11 00:00:00
Yes,EHM Equip,Central Station Display 27in,6600978672.01-01,1,Leipzig DC,6600978672,6600978672,40.12,2026-09-16 00:00:00,2026-09-19 00:00:00
Yes,EHM Equip,CO2 Sensor Module Mainstream,6600979164.01-01,5,Herrsching DC,6600979164,6600979164,4.2,2026-10-06 00:00:00,2026-10-04 00:00:00
Yes,ACI Clinical Integ. & Insights,Ultrasound Probe Linear L12,6600979887.01-01,6,Herrsching DC,6600979887,6600979887,16.61,2026-08-18 00:00:00,2026-08-18 00:00:00
Yes,EHM Equip,Battery Pack BP-24 Extended,6600981489.01-01,7,Herrsching DC,6600981489,6600981489,21.5,2026-08-11 00:00:00,2026-08-16 00:00:00
Yes,EHM Equip,NIBP Cuff Set Adult Long,6600981489.01-02,3,Herrsching DC,6600981489,6600981489,9.58,2026-08-11 00:00:00,2026-08-16 00:00:00
Yes,EHM Equip,Battery Pack BP-12,6600981489.01-03,10,Herrsching DC,6600981489,6600981489,7.65,2026-08-11 00:00:00,2026-08-16 00:00:00
Yes,Speciality Monitoring,Network Interface Card Redundant Dual-Port,6600981712.01-01,1,Herrsching DC,6600981712,6600981712,83.73,2026-08-27 00:00:00,2026-08-25 00:00:00
Yes,Next-Gen Acute Care Monitoring,Infusion Pump IP-700 Dual,6600982336.01-01,11,Leipzig DC,6600982336,6600982336,15.75,2026-10-09 00:00:00,2026-10-13 00:00:00
Yes,EHM Equip,Temperature Probe Rectal,6600984276.01-01,5,Leipzig DC,6600984276,6600984276,14.85,2026-10-01 00:00:00,2026-10-05 00:00:00
Yes,EHM Equip,Central Monitoring Software License 40-Bed Enterprise,6600984276.01-02,10,Leipzig DC,6600984276,6600984276,21.47,2026-10-01 00:00:00,2026-10-05 00:00:00
Yes,EHM Equip,Printer Module PM-3 Thermal,6600984276.01-03,2,Leipzig DC,6600984276,6600984276,18.47,2026-10-01 00:00:00,2026-10-05 00:00:00
Yes,Next-Gen Acute Care Monitoring,Infusion Pump IP-300 Compact,6600988104.01-01,5,Boeblingen DC,6600988104,6600988104,92.37,2026-09-27 00:00:00,2026-10-01 00:00:00
Yes,Next-Gen Acute Care Monitoring,CO2 Sensor Module Mainstream,6600988104.01-02,5,Boeblingen DC,6600988104,6600988104,12.09,2026-09-27 00:00:00,2026-10-01 00:00:00
Yes,EHM Equip,SpO2 Sensor Reusable Adult,6600988733.01-01,3,Leipzig DC,6600988733,6600988733,33.06,2026-08-19 00:00:00,2026-08-22 00:00:00
Yes,EHM Equip,Patient Monitor Gateway X1,6600988733.01-02,4,Leipzig DC,6600988733,6600988733,23.12,2026-08-19 00:00:00,2026-08-22 00:00:00
Yes,EHM Equip,Infusion Pump IP-300 Compact,6600988733.01-03,9,Leipzig DC,6600988733,6600988733,32.38,2026-08-19 00:00:00,2026-08-22 00:00:00
Yes,ACI ICCA,SpO2 Sensor Finger Clip,6600989287.01-01,10,Hamburg DC,6600989287,6600989287,33.43,2026-10-11 00:00:00,2026-10-17 00:00:00
Yes,ACI ICCA,Bedside Monitor Mount Wall Arm,6600989287.01-02,3,Hamburg DC,6600989287,6600989287,36.78,2026-10-11 00:00:00,2026-10-17 00:00:00
Yes,ACI ICCA,Ultrasound Probe Linear L12,6600989287.01-03,1,Hamburg DC,6600989287,6600989287,4.44,2026-10-11 00:00:00,2026-10-17 00:00:00
Yes,ACI ICCA,CO2 Sensor Module Sidestream,6600989287.01-04,8,Hamburg DC,6600989287,6600989287,46.15,2026-10-11 00:00:00,2026-10-17 00:00:00
Yes,Next-Gen Acute Care Monitoring,Patient Cable NIBP Hose 2.5m,6600995228.01-01,2,Boeblingen DC,6600995228,6600995228,39.39,2026-10-11 00:00:00,2026-10-10 00:00:00
Yes,Next-Gen Acute Care Monitoring,Network Interface Card Redundant Dual-Port,6600996275.01-01,4,Herrsching DC,6600996275,6600996275,8.02,2026-09-04 00:00:00,2026-09-07 00:00:00
Yes,EHM Equip,ECG Lead Set 12-wire Diagnostic,6600997578.01-01,8,Herrsching DC,6600997578,6600997578,38.65,2026-10-11 00:00:00,2026-10-08 00:00:00
Yes,EHM Equip,Patient Monitor Gateway X1 Pro,6600997578.01-02,9,Herrsching DC,6600997578,6600997578,2.15,2026-10-11 00:00:00,2026-10-08 00:00:00
Yes,EHM Equip,Infusion Pump IP-300 Compact,6600997578.01-03,8,Herrsching DC,6600997578,6600997578,7.93,2026-10-11 00:00:00,2026-10-08 00:00:00
Yes,EHM Equip,Vital Signs Monitor V200,6600998006.01-01,1,Boeblingen DC,6600998006,6600998006,31.11,2026-08-27 00:00:00,2026-08-27 00:00:00
Yes,EHM Equip,Central Station Display 32in Curved,6600998104.01-01,9,Leipzig DC,6600998104,6600998104,64.92,2026-09-21 00:00:00,2026-09-26 00:00:00
Yes,EHM Equip,SpO2 Sensor Finger Clip,6600998104.01-02,3,Leipzig DC,6600998104,6600998104,44.28,2026-09-21 00:00:00,2026-09-26 00:00:00
Yes,EHM Equip,Vital Signs Monitor V300 Touch,6600998104.01-03,5,Leipzig DC,6600998104,6600998104,40.06,2026-09-21 00:00:00,2026-09-26 00:00:00
Yes,EHM Equip,ECG Lead Set 5-wire Reusable,6600998104.01-04,10,Leipzig DC,6600998104,6600998104,49.89,2026-09-21 00:00:00,2026-09-26 00:00:00
Yes,Next-Gen Acute Care Monitoring,Vital Signs Monitor V200 Cart Mount,6600998129.01-01,5,Hamburg DC,6600998129,6600998129,44.53,2026-09-12 00:00:00,2026-09-18 00:00:00
Yes,Next-Gen Acute Care Monitoring,Central Monitoring Software License 20-Bed,6600998129.01-02,2,Hamburg DC,6600998129,6600998129,6.37,2026-09-12 00:00:00,2026-09-18 00:00:00
Yes,Next-Gen Acute Care Monitoring,Service Cart Mobile Locking,6600998129.01-03,12,Hamburg DC,6600998129,6600998129,26.91,2026-09-12 00:00:00,2026-09-18 00:00:00
Yes,ACI Clinical Integ. & Insights,Vital Signs Monitor V100 Compact,6600999829.01-01,6,Hamburg DC,6600999829,6600999829,26.19,2026-08-30 00:00:00,2026-09-03 00:00:00
Yes,EHM Equip,NIBP Cuff Set Pediatric,6601000652.01-01,9,Boeblingen DC,6601000652,6601000652,42.61,2026-08-24 00:00:00,2026-08-31 00:00:00
Yes,Clinical Measurements,NIBP Cuff Set Thigh,6601003246.01-01,3,Herrsching DC,6601003246,6601003246,65.29,2026-10-10 00:00:00,2026-10-08 00:00:00
Yes,ACI Clinical Integ. & Insights,Multi-Param Sensor Module MP-5,6601003432.01-01,1,Boeblingen DC,6601003432,6601003432,7.71,2026-10-04 00:00:00,2026-10-03 00:00:00
Yes,EHM Equip,Central Station Display 24in,6601007129.01-01,12,Leipzig DC,6601007129,6601007129,38.46,2026-10-01 00:00:00,2026-10-06 00:00:00
Yes,EHM Equip,Vital Signs Monitor V200 Cart Mount,6601007129.01-02,4,Leipzig DC,6601007129,6601007129,50.9,2026-10-01 00:00:00,2026-10-06 00:00:00
Yes,EHM Equip,Infusion Pump Docking Station Single Bay,6601007129.01-03,1,Leipzig DC,6601007129,6601007129,25.36,2026-10-01 00:00:00,2026-10-06 00:00:00
Yes,Next-Gen Acute Care Monitoring,Telemetry Transmitter T5 Dual-Channel,6601010428.01-01,12,Herrsching DC,6601010428,6601010428,12.64,2026-09-02 00:00:00,2026-09-06 00:00:00
Yes,Next-Gen Acute Care Monitoring,Service Cart Mobile Locking,6601010428.01-02,2,Herrsching DC,6601010428,6601010428,19.83,2026-09-02 00:00:00,2026-09-06 00:00:00
Yes,ACI Clinical Integ. & Insights,Infusion Pump IP-700 Dual,6601010746.01-01,12,Boeblingen DC,6601010746,6601010746,14.97,2026-09-27 00:00:00,2026-09-28 00:00:00
Yes,ACI Clinical Integ. & Insights,Ultrasound Probe Cardiac P4,6601010746.01-02,3,Boeblingen DC,6601010746,6601010746,22.17,2026-09-27 00:00:00,2026-09-28 00:00:00
Yes,Next-Gen Acute Care Monitoring,Infusion Pump IP-700 Dual,6601013556.01-01,4,Boeblingen DC,6601013556,6601013556,36.4,2026-10-11 00:00:00,2026-10-12 00:00:00
Yes,Next-Gen Acute Care Monitoring,Bedside Monitor Mount Rolling Stand,6601013556.01-02,8,Boeblingen DC,6601013556,6601013556,45.78,2026-10-11 00:00:00,2026-10-12 00:00:00
Yes,EHM Equip,Temperature Probe Esophageal,6601013658.01-01,7,Herrsching DC,6601013658,6601013658,44.99,2026-08-20 00:00:00,2026-08-25 00:00:00
Yes,EHM Equip,Infusion Pump Docking Station Triple Bay,6601013658.01-02,3,Herrsching DC,6601013658,6601013658,45.27,2026-08-20 00:00:00,2026-08-25 00:00:00
Yes,Next-Gen Acute Care Monitoring,Network Interface Card Redundant Dual-Port,6601014093.01-01,9,Boeblingen DC,6601014093,6601014093,15,2026-09-30 00:00:00,2026-10-05 00:00:00
Yes,Next-Gen Acute Care Monitoring,Calibration Kit Advanced Diagnostic,6601014093.01-02,5,Boeblingen DC,6601014093,6601014093,55.02,2026-09-30 00:00:00,2026-10-05 00:00:00
Yes,EHM Equip,Patient Cable ECG 5-lead 3m,6601015809.01-01,9,Leipzig DC,6601015809,6601015809,34.68,2026-09-19 00:00:00,2026-09-25 00:00:00
Yes,EHM Equip,Calibration Kit Standard,6601018566.01-01,8,Hamburg DC,6601018566,6601018566,25.23,2026-09-11 00:00:00,2026-09-08 00:00:00
Yes,EHM Equip,Infusion Pump Docking Station Single Bay,6601018566.01-02,6,Hamburg DC,6601018566,6601018566,4.12,2026-09-11 00:00:00,2026-09-08 00:00:00
Yes,EHM Equip,Patient Cable SpO2 Extension 2m,6601018566.01-03,1,Hamburg DC,6601018566,6601018566,44.53,2026-09-11 00:00:00,2026-09-08 00:00:00
Yes,EHM Equip,Multi-Param Sensor Module MP-8 Plus,6601018566.01-04,9,Hamburg DC,6601018566,6601018566,52.67,2026-09-11 00:00:00,2026-09-08 00:00:00
Yes,ACI Clinical Integ. & Insights,Ventilator Circuit Kit Neonatal,6601018687.01-01,8,Leipzig DC,6601018687,6601018687,21.89,2026-10-03 00:00:00,2026-10-01 00:00:00
Yes,ACI Clinical Integ. & Insights,Vital Signs Monitor V200 Cart Mount,6601018687.01-02,5,Leipzig DC,6601018687,6601018687,14.33,2026-10-03 00:00:00,2026-10-01 00:00:00
Yes,Next-Gen Acute Care Monitoring,Patient Monitor Gateway X1 Pro,6601019175.01-01,10,Herrsching DC,6601019175,6601019175,47.64,2026-09-19 00:00:00,2026-09-19 00:00:00
Yes,Next-Gen Acute Care Monitoring,Temperature Probe Rectal,6601019175.01-02,8,Herrsching DC,6601019175,6601019175,17.91,2026-09-19 00:00:00,2026-09-19 00:00:00
Yes,Next-Gen Acute Care Monitoring,Patient Cable ECG 5-lead 3m,6601019175.01-03,2,Herrsching DC,6601019175,6601019175,9.74,2026-09-19 00:00:00,2026-09-19 00:00:00
Yes,EHM Equip,Infusion Pump IP-300 Compact,6601021215.01-01,5,Herrsching DC,6601021215,6601021215,12.16,2026-08-26 00:00:00,2026-08-28 00:00:00
Yes,EHM Equip,Bedside Monitor Mount Rail Mount,6601021215.01-02,2,Herrsching DC,6601021215,6601021215,36.17,2026-08-26 00:00:00,2026-08-28 00:00:00
Yes,Next-Gen Acute Care Monitoring,Vital Signs Monitor V100 Compact,6601021444.01-01,11,Leipzig DC,6601021444,6601021444,35.83,2026-09-24 00:00:00,2026-09-22 00:00:00
Yes,Next-Gen Acute Care Monitoring,Defibrillator Pad Set Adult,6601021444.01-02,2,Leipzig DC,6601021444,6601021444,23.7,2026-09-24 00:00:00,2026-09-22 00:00:00
Yes,Next-Gen Acute Care Monitoring,Wall Mount Arm Dual Monitor,6601021444.01-03,5,Leipzig DC,6601021444,6601021444,32.29,2026-09-24 00:00:00,2026-09-22 00:00:00
Yes,Next-Gen Acute Care Monitoring,Multi-Param Sensor Module MP-3 Compact,6601021444.01-04,12,Leipzig DC,6601021444,6601021444,39.29,2026-09-24 00:00:00,2026-09-22 00:00:00
Yes,Clinical Measurements,Ultrasound Probe Convex C5,6601026028.01-01,7,Herrsching DC,6601026028,6601026028,43.73,2026-08-27 00:00:00,2026-09-01 00:00:00
Yes,Clinical Measurements,Patient Monitor Gateway X1,6601026028.01-02,12,Herrsching DC,6601026028,6601026028,36.89,2026-08-27 00:00:00,2026-09-01 00:00:00
Yes,ACI ICCA,Infusion Pump IP-500,6601026388.01-01,2,Leipzig DC,6601026388,6601026388,28.75,2026-09-03 00:00:00,2026-09-04 00:00:00
Yes,Next-Gen Acute Care Monitoring,Ultrasound Probe Linear L12,6601027118.01-01,1,Herrsching DC,6601027118,6601027118,15.43,2026-09-09 00:00:00,2026-09-16 00:00:00
Yes,Next-Gen Acute Care Monitoring,CO2 Sensor Module Sidestream,6601027118.01-02,3,Herrsching DC,6601027118,6601027118,42.7,2026-09-09 00:00:00,2026-09-16 00:00:00
Yes,Next-Gen Acute Care Monitoring,Central Station Display 32in Curved,6601027118.01-03,11,Herrsching DC,6601027118,6601027118,27.39,2026-09-09 00:00:00,2026-09-16 00:00:00
Yes,Next-Gen Acute Care Monitoring,Battery Pack BP-24 Extended,6601027118.01-04,7,Herrsching DC,6601027118,6601027118,12.34,2026-09-09 00:00:00,2026-09-16 00:00:00
Yes,ACI ICCA,Temperature Probe Esophageal,6601029456.01-01,9,Boeblingen DC,6601029456,6601029456,46.11,2026-09-12 00:00:00,2026-09-19 00:00:00
Yes,ACI ICCA,Vital Signs Monitor V300 Touch,6601029456.01-02,2,Boeblingen DC,6601029456,6601029456,18.22,2026-09-12 00:00:00,2026-09-19 00:00:00
Yes,ACI ICCA,Patient Monitor Gateway X2 Wireless,6601029456.01-03,3,Boeblingen DC,6601029456,6601029456,26.59,2026-09-12 00:00:00,2026-09-19 00:00:00
Yes,ACI ICCA,Patient Monitor Gateway X1,6601029456.01-04,12,Boeblingen DC,6601029456,6601029456,15.2,2026-09-12 00:00:00,2026-09-19 00:00:00
Yes,Next-Gen Acute Care Monitoring,Temperature Probe Skin,6601030985.01-01,11,Boeblingen DC,6601030985,6601030985,71.88,2026-10-02 00:00:00,2026-10-06 00:00:00
Yes,EHM Equip,Calibration Kit Advanced Diagnostic,6601033050.01-01,3,Leipzig DC,6601033050,6601033050,8.28,2026-08-27 00:00:00,2026-09-02 00:00:00
Yes,Clinical Measurements,Wall Mount Arm Single Monitor,6601033787.01-01,1,Hamburg DC,6601033787,6601033787,31.93,2026-08-17 00:00:00,2026-08-21 00:00:00
Yes,EHM Equip,Battery Pack BP-12,6601034642.01-01,12,Leipzig DC,6601034642,6601034642,18.16,2026-09-24 00:00:00,2026-09-22 00:00:00
Yes,EHM Equip,Multi-Param Sensor Module MP-5,6601035048.01-01,11,Leipzig DC,6601035048,6601035048,58.58,2026-09-25 00:00:00,2026-10-02 00:00:00
Yes,EHM Equip,SpO2 Sensor Reusable Adult,6601035048.01-02,6,Leipzig DC,6601035048,6601035048,13.94,2026-09-25 00:00:00,2026-10-02 00:00:00
Yes,EHM Equip,NIBP Cuff Set Adult Long,6601035826.01-01,2,Leipzig DC,6601035826,6601035826,61.27,2026-08-20 00:00:00,2026-08-24 00:00:00
Yes,EHM Equip,Patient Cable ECG 5-lead 3m,6601035826.01-02,7,Leipzig DC,6601035826,6601035826,23.97,2026-08-20 00:00:00,2026-08-24 00:00:00
Yes,EHM Equip,Central Station Display 32in Curved,6601035826.01-03,7,Leipzig DC,6601035826,6601035826,53.2,2026-08-20 00:00:00,2026-08-24 00:00:00
Yes,Clinical Measurements,CO2 Sensor Module Sidestream,6601038025.01-01,5,Boeblingen DC,6601038025,6601038025,59.97,2026-09-17 00:00:00,2026-09-15 00:00:00
Yes,EHM Equip,CO2 Sensor Module Sidestream,6601038621.01-01,2,Herrsching DC,6601038621,6601038621,78.58,2026-09-11 00:00:00,2026-09-14 00:00:00
Yes,EHM Equip,CO2 Sensor Module Mainstream,6601038621.01-02,5,Herrsching DC,6601038621,6601038621,29.35,2026-09-11 00:00:00,2026-09-14 00:00:00
Yes,EHM Equip,Multi-Param Sensor Module MP-5,6601043674.01-01,11,Boeblingen DC,6601043674,6601043674,21.67,2026-09-26 00:00:00,2026-09-29 00:00:00
Yes,EHM Equip,Ultrasound Probe Linear L12,6601043674.01-02,2,Boeblingen DC,6601043674,6601043674,51.73,2026-09-26 00:00:00,2026-09-29 00:00:00
Yes,EHM Equip,Vital Signs Monitor V200,6601043674.01-03,3,Boeblingen DC,6601043674,6601043674,46.81,2026-09-26 00:00:00,2026-09-29 00:00:00
Yes,ACI Clinical Integ. & Insights,Service Cart Mobile Locking,6601044917.01-01,6,Hamburg DC,6601044917,6601044917,26.31,2026-08-16 00:00:00,2026-08-17 00:00:00
Yes,EHM Equip,Ventilator Circuit Kit Adult,6601052710.01-01,11,Boeblingen DC,6601052710,6601052710,16.86,2026-08-21 00:00:00,2026-08-25 00:00:00
Yes,Clinical Measurements,Battery Pack BP-08 Compact,6601052937.01-01,2,Leipzig DC,6601052937,6601052937,18.34,2026-08-17 00:00:00,2026-08-22 00:00:00
Yes,Clinical Measurements,Wall Mount Arm Single Monitor,6601052937.01-02,12,Leipzig DC,6601052937,6601052937,12.12,2026-08-17 00:00:00,2026-08-22 00:00:00
Yes,Clinical Measurements,Multi-Param Sensor Module MP-5,6601052937.01-03,11,Leipzig DC,6601052937,6601052937,19.51,2026-08-17 00:00:00,2026-08-22 00:00:00
Yes,Clinical Measurements,Vital Signs Monitor V200 Cart Mount,6601052937.01-04,8,Leipzig DC,6601052937,6601052937,42.33,2026-08-17 00:00:00,2026-08-22 00:00:00
Yes,Next-Gen Acute Care Monitoring,CO2 Sensor Module Sidestream,6601053249.01-01,2,Boeblingen DC,6601053249,6601053249,46.5,2026-10-12 00:00:00,2026-10-13 00:00:00
Yes,Next-Gen Acute Care Monitoring,ECG Lead Set 3-wire,6601053249.01-02,2,Boeblingen DC,6601053249,6601053249,8.76,2026-10-12 00:00:00,2026-10-13 00:00:00
Yes,EHM Equip,Ventilator Circuit Kit Adult,6601054702.01-01,12,Herrsching DC,6601054702,6601054702,30.48,2026-09-24 00:00:00,2026-09-26 00:00:00
Yes,EHM Equip,Infusion Pump IP-700 Dual,6601054702.01-02,10,Herrsching DC,6601054702,6601054702,17.51,2026-09-24 00:00:00,2026-09-26 00:00:00
Yes,Clinical Measurements,Multi-Param Sensor Module MP-8 Plus,6601054707.01-01,5,Herrsching DC,6601054707,6601054707,20.2,2026-08-21 00:00:00,2026-08-24 00:00:00
Yes,Clinical Measurements,CO2 Sensor Module Mainstream,6601054707.01-02,11,Herrsching DC,6601054707,6601054707,29.79,2026-08-21 00:00:00,2026-08-24 00:00:00
Yes,EHM Equip,Central Station Display 27in,6601054934.01-01,11,Leipzig DC,6601054934,6601054934,48.48,2026-08-11 00:00:00,2026-08-14 00:00:00
Yes,EHM Equip,NIBP Cuff Set Pediatric,6601054934.01-02,5,Leipzig DC,6601054934,6601054934,6.25,2026-08-11 00:00:00,2026-08-14 00:00:00
Yes,ACI Clinical Integ. & Insights,Ventilator Circuit Kit Neonatal,6601056150.01-01,11,Herrsching DC,6601056150,6601056150,8.07,2026-10-03 00:00:00,2026-10-04 00:00:00
Yes,ACI Clinical Integ. & Insights,Patient Cable NIBP Hose 2.5m,6601056150.01-02,1,Herrsching DC,6601056150,6601056150,58.47,2026-10-03 00:00:00,2026-10-04 00:00:00
Yes,ACI Clinical Integ. & Insights,SpO2 Sensor Disposable Adult,6601056150.01-03,3,Herrsching DC,6601056150,6601056150,4.1,2026-10-03 00:00:00,2026-10-04 00:00:00
Yes,EHM Equip,Bedside Monitor Mount Rail Mount,6601057244.01-01,8,Boeblingen DC,6601057244,6601057244,41.72,2026-09-11 00:00:00,2026-09-14 00:00:00
Yes,EHM Equip,Patient Cable NIBP Hose 2.5m,6601057244.01-02,8,Boeblingen DC,6601057244,6601057244,17.28,2026-09-11 00:00:00,2026-09-14 00:00:00
Yes,EHM Equip,NIBP Cuff Set Adult,6601058064.01-01,8,Boeblingen DC,6601058064,6601058064,9.5,2026-08-11 00:00:00,2026-08-08 00:00:00
Yes,Clinical Measurements,ECG Lead Set 5-wire,6601058572.01-01,9,Herrsching DC,6601058572,6601058572,42.85,2026-09-22 00:00:00,2026-09-23 00:00:00
Yes,Clinical Measurements,NIBP Cuff Set Adult,6601058572.01-02,6,Herrsching DC,6601058572,6601058572,10.64,2026-09-22 00:00:00,2026-09-23 00:00:00
Yes,Clinical Measurements,Patient Monitor Gateway X1 Pro,6601058572.01-03,9,Herrsching DC,6601058572,6601058572,39.58,2026-09-22 00:00:00,2026-09-23 00:00:00
Yes,Clinical Measurements,NIBP Cuff Set Pediatric,6601058572.01-04,5,Herrsching DC,6601058572,6601058572,43,2026-09-22 00:00:00,2026-09-23 00:00:00
Yes,Next-Gen Acute Care Monitoring,Defibrillator Pad Set Training,6601059465.01-01,11,Hamburg DC,6601059465,6601059465,6.08,2026-09-26 00:00:00,2026-09-27 00:00:00
Yes,Next-Gen Acute Care Monitoring,Infusion Pump IP-300 Compact,6601059465.01-02,4,Hamburg DC,6601059465,6601059465,10.68,2026-09-26 00:00:00,2026-09-27 00:00:00
Yes,Next-Gen Acute Care Monitoring,Temperature Probe Rectal,6601059465.01-03,6,Hamburg DC,6601059465,6601059465,9.94,2026-09-26 00:00:00,2026-09-27 00:00:00
Yes,Next-Gen Acute Care Monitoring,NIBP Cuff Set Thigh,6601059465.01-04,1,Hamburg DC,6601059465,6601059465,22.73,2026-09-26 00:00:00,2026-09-27 00:00:00
Yes,ACI Clinical Integ. & Insights,Multi-Param Sensor Module MP-8 Plus,6601059959.01-01,8,Leipzig DC,6601059959,6601059959,16.26,2026-09-06 00:00:00,2026-09-05 00:00:00
Yes,ACI Clinical Integ. & Insights,Calibration Kit Standard,6601059959.01-02,10,Leipzig DC,6601059959,6601059959,35.81,2026-09-06 00:00:00,2026-09-05 00:00:00
Yes,ACI Clinical Integ. & Insights,Patient Monitor Gateway X2 Wireless,6601059959.01-03,11,Leipzig DC,6601059959,6601059959,27.75,2026-09-06 00:00:00,2026-09-05 00:00:00
Yes,Clinical Measurements,Central Monitoring Software License 10-Bed,6601060845.01-01,1,Leipzig DC,6601060845,6601060845,22.08,2026-08-30 00:00:00,2026-08-27 00:00:00
Yes,Clinical Measurements,Bedside Monitor Mount Rolling Stand,6601060845.01-02,11,Leipzig DC,6601060845,6601060845,13.98,2026-08-30 00:00:00,2026-08-27 00:00:00
Yes,Clinical Measurements,SpO2 Sensor Disposable Adult,6601060845.01-03,2,Leipzig DC,6601060845,6601060845,3.7,2026-08-30 00:00:00,2026-08-27 00:00:00
Yes,Speciality Monitoring,Central Station Display 27in,6601061922.01-01,6,Hamburg DC,6601061922,6601061922,56.13,2026-08-21 00:00:00,2026-08-26 00:00:00
Yes,Speciality Monitoring,Vital Signs Monitor V200 Cart Mount,6601061922.01-02,4,Hamburg DC,6601061922,6601061922,36.01,2026-08-21 00:00:00,2026-08-26 00:00:00
Yes,Next-Gen Acute Care Monitoring,Bedside Monitor Mount Rolling Stand,6601063352.01-01,8,Hamburg DC,6601063352,6601063352,69.28,2026-09-04 00:00:00,2026-09-08 00:00:00
Yes,Speciality Monitoring,Network Interface Card Standard,6601064980.01-01,7,Leipzig DC,6601064980,6601064980,50.79,2026-09-29 00:00:00,2026-10-04 00:00:00
Yes,ACI Clinical Integ. & Insights,ECG Lead Set 12-wire Diagnostic,6601065186.01-01,3,Leipzig DC,6601065186,6601065186,33.25,2026-10-07 00:00:00,2026-10-13 00:00:00
Yes,ACI Clinical Integ. & Insights,CO2 Sensor Module Sidestream,6601065186.01-02,6,Leipzig DC,6601065186,6601065186,19.64,2026-10-07 00:00:00,2026-10-13 00:00:00
Yes,ACI Clinical Integ. & Insights,Patient Monitor Gateway X1,6601065186.01-03,2,Leipzig DC,6601065186,6601065186,29.19,2026-10-07 00:00:00,2026-10-13 00:00:00
Yes,ACI Clinical Integ. & Insights,Patient Cable ECG 5-lead 3m,6601065259.01-01,7,Boeblingen DC,6601065259,6601065259,23.62,2026-08-24 00:00:00,2026-08-31 00:00:00
Yes,EHM Equip,Wall Mount Arm Dual Monitor,6601065690.01-01,8,Hamburg DC,6601065690,6601065690,22.21,2026-09-05 00:00:00,2026-09-03 00:00:00
Yes,ACI Clinical Integ. & Insights,Multi-Param Sensor Module MP-5,6601067567.01-01,12,Hamburg DC,6601067567,6601067567,52.69,2026-09-09 00:00:00,2026-09-13 00:00:00
Yes,Next-Gen Acute Care Monitoring,Patient Cable SpO2 Extension 2m,6601068756.01-01,7,Herrsching DC,6601068756,6601068756,8.37,2026-09-14 00:00:00,2026-09-20 00:00:00
Yes,Next-Gen Acute Care Monitoring,Printer Module PM-3 Thermal,6601068756.01-02,6,Herrsching DC,6601068756,6601068756,149.69,2026-09-14 00:00:00,2026-09-20 00:00:00
Yes,EHM Equip,Patient Cable SpO2 Extension 2m,6601070280.01-01,10,Leipzig DC,6601070280,6601070280,19.65,2026-09-05 00:00:00,2026-09-08 00:00:00
Yes,EHM Equip,Patient Cable ECG 5-lead 3m,6601071959.01-01,2,Leipzig DC,6601071959,6601071959,15.65,2026-09-20 00:00:00,2026-09-19 00:00:00
Yes,EHM Equip,NIBP Cuff Set Thigh,6601072137.01-01,5,Hamburg DC,6601072137,6601072137,8.5,2026-09-22 00:00:00,2026-09-23 00:00:00
Yes,EHM Equip,Patient Cable SpO2 Extension 2m,6601072137.01-02,8,Hamburg DC,6601072137,6601072137,23.27,2026-09-22 00:00:00,2026-09-23 00:00:00
Yes,Clinical Measurements,Ultrasound Probe Linear L12,6601079835.01-01,7,Herrsching DC,6601079835,6601079835,10.27,2026-08-11 00:00:00,2026-08-08 00:00:00
Yes,EHM Equip,Patient Cable NIBP Hose 2.5m,6601095492.01-01,9,Leipzig DC,6601095492,6601095492,32.64,2026-08-11 00:00:00,2026-08-17 00:00:00
Yes,EHM Equip,Patient Monitor Gateway X1,6601095492.01-02,5,Leipzig DC,6601095492,6601095492,16.25,2026-08-11 00:00:00,2026-08-17 00:00:00
Yes,EHM Equip,Ventilator Circuit Kit Neonatal,6601095516.01-01,9,Herrsching DC,6601095516,6601095516,69.73,2026-09-24 00:00:00,2026-09-24 00:00:00
Yes,EHM Equip,Ultrasound Probe Cardiac P4,6601095516.01-02,8,Herrsching DC,6601095516,6601095516,28.07,2026-09-24 00:00:00,2026-09-24 00:00:00
Yes,EHM Equip,CO2 Sensor Module Sidestream,6601100215.01-01,11,Boeblingen DC,6601100215,6601100215,62.63,2026-10-02 00:00:00,2026-09-29 00:00:00
Yes,EHM Equip,Vital Signs Monitor V100 Compact,6601100215.01-02,4,Boeblingen DC,6601100215,6601100215,14.15,2026-10-02 00:00:00,2026-09-29 00:00:00
Yes,EHM Equip,NIBP Cuff Set Adult,6601100650.01-01,11,Hamburg DC,6601100650,6601100650,19.95,2026-10-11 00:00:00,2026-10-12 00:00:00
Yes,EHM Equip,Battery Pack BP-12,6601102270.01-01,11,Herrsching DC,6601102270,6601102270,76.02,2026-09-14 00:00:00,2026-09-17 00:00:00
Yes,EHM Equip,Multi-Param Sensor Module MP-5,6601102270.01-02,4,Herrsching DC,6601102270,6601102270,29.71,2026-09-14 00:00:00,2026-09-17 00:00:00
Yes,EHM Equip,Bedside Monitor Mount Rolling Stand,6601102675.01-01,7,Leipzig DC,6601102675,6601102675,7.16,2026-09-06 00:00:00,2026-09-12 00:00:00
Yes,ACI Clinical Integ. & Insights,Infusion Pump IP-700 Dual,6601105422.01-01,8,Herrsching DC,6601105422,6601105422,18.26,2026-08-23 00:00:00,2026-08-21 00:00:00
Yes,Next-Gen Acute Care Monitoring,SpO2 Sensor Disposable Adult,6601107894.01-01,1,Herrsching DC,6601107894,6601107894,44.11,2026-10-04 00:00:00,2026-10-07 00:00:00
Yes,Next-Gen Acute Care Monitoring,Calibration Kit Advanced Diagnostic,6601108154.01-01,12,Hamburg DC,6601108154,6601108154,17.01,2026-08-18 00:00:00,2026-08-19 00:00:00
Yes,Speciality Monitoring,Vital Signs Monitor V100 Compact,6601109231.01-01,5,Leipzig DC,6601109231,6601109231,65.73,2026-08-25 00:00:00,2026-08-22 00:00:00
Yes,Clinical Measurements,Multi-Param Sensor Module MP-8 Plus,6601111251.01-01,3,Boeblingen DC,6601111251,6601111251,10.68,2026-09-10 00:00:00,2026-09-14 00:00:00
Yes,ACI Clinical Integ. & Insights,Telemetry Transmitter T3,6601111683.01-01,9,Leipzig DC,6601111683,6601111683,20.44,2026-09-15 00:00:00,2026-09-14 00:00:00
Yes,ACI Clinical Integ. & Insights,SpO2 Sensor Reusable Pediatric,6601111683.01-02,9,Leipzig DC,6601111683,6601111683,42,2026-09-15 00:00:00,2026-09-14 00:00:00
Yes,ACI Clinical Integ. & Insights,NIBP Cuff Set Pediatric,6601111683.01-03,4,Leipzig DC,6601111683,6601111683,35.86,2026-09-15 00:00:00,2026-09-14 00:00:00
Yes,Next-Gen Acute Care Monitoring,Calibration Kit Standard,6601116068.01-01,11,Hamburg DC,6601116068,6601116068,24.31,2026-09-16 00:00:00,2026-09-16 00:00:00
Yes,Next-Gen Acute Care Monitoring,Vital Signs Monitor V200,6601116068.01-02,1,Hamburg DC,6601116068,6601116068,57.46,2026-09-16 00:00:00,2026-09-16 00:00:00
Yes,Next-Gen Acute Care Monitoring,Defibrillator Pad Set Training,6601116068.01-03,3,Hamburg DC,6601116068,6601116068,30.33,2026-09-16 00:00:00,2026-09-16 00:00:00
Yes,Next-Gen Acute Care Monitoring,Ventilator Circuit Kit Neonatal,6601116068.01-04,9,Hamburg DC,6601116068,6601116068,121.59,2026-09-16 00:00:00,2026-09-16 00:00:00
Yes,Clinical Measurements,Battery Pack BP-12,6601116212.01-01,1,Leipzig DC,6601116212,6601116212,9.61,2026-08-26 00:00:00,2026-08-30 00:00:00
Yes,Clinical Measurements,Multi-Param Sensor Module MP-3 Compact,6601116212.01-02,6,Leipzig DC,6601116212,6601116212,45.05,2026-08-26 00:00:00,2026-08-30 00:00:00
Yes,Next-Gen Acute Care Monitoring,Infusion Pump IP-300 Compact,6601116380.01-01,4,Leipzig DC,6601116380,6601116380,9,2026-08-26 00:00:00,2026-08-30 00:00:00
Yes,Clinical Measurements,Ventilator Circuit Kit Reusable Adult,6601117169.01-01,7,Leipzig DC,6601117169,6601117169,14.78,2026-08-24 00:00:00,2026-08-26 00:00:00
Yes,EHM Equip,Battery Pack BP-12,6601119228.01-01,3,Boeblingen DC,6601119228,6601119228,12,2026-08-31 00:00:00,2026-09-03 00:00:00
Yes,EHM Equip,Infusion Pump IP-700 Dual,6601119228.01-02,3,Boeblingen DC,6601119228,6601119228,73.58,2026-08-31 00:00:00,2026-09-03 00:00:00
Yes,EHM Equip,Battery Pack BP-12,6601119985.01-01,12,Leipzig DC,6601119985,6601119985,43.4,2026-09-21 00:00:00,2026-09-24 00:00:00
Yes,EHM Equip,Patient Monitor Gateway X2 Wireless,6601119985.01-02,9,Leipzig DC,6601119985,6601119985,106.93,2026-09-21 00:00:00,2026-09-24 00:00:00
Yes,ACI Clinical Integ. & Insights,Ventilator Circuit Kit Neonatal,6601120929.01-01,1,Boeblingen DC,6601120929,6601120929,37.95,2026-08-24 00:00:00,2026-08-30 00:00:00
Yes,ACI Clinical Integ. & Insights,Telemetry Transmitter T3,6601120929.01-02,8,Boeblingen DC,6601120929,6601120929,9.62,2026-08-24 00:00:00,2026-08-30 00:00:00
Yes,ACI Clinical Integ. & Insights,Central Monitoring Software License 10-Bed,6601120929.01-03,6,Boeblingen DC,6601120929,6601120929,3.18,2026-08-24 00:00:00,2026-08-30 00:00:00
Yes,EHM Equip,Wall Mount Arm Single Monitor,6601121173.01-01,2,Herrsching DC,6601121173,6601121173,7.56,2026-08-12 00:00:00,2026-08-10 00:00:00
Yes,EHM Equip,Patient Cable ECG 5-lead 3m,6601121173.01-02,10,Herrsching DC,6601121173,6601121173,6.68,2026-08-12 00:00:00,2026-08-10 00:00:00
Yes,EHM Equip,Defibrillator Pad Set Pediatric,6601121173.01-03,8,Herrsching DC,6601121173,6601121173,51.57,2026-08-12 00:00:00,2026-08-10 00:00:00
Yes,ACI ICCA,Patient Cable SpO2 Extension 2m,6601121945.01-01,12,Hamburg DC,6601121945,6601121945,11.93,2026-09-22 00:00:00,2026-09-19 00:00:00
Yes,ACI ICCA,NIBP Cuff Set Adult,6601121945.01-02,8,Hamburg DC,6601121945,6601121945,31.07,2026-09-22 00:00:00,2026-09-19 00:00:00
Yes,Clinical Measurements,CO2 Sensor Module Mainstream,6601122594.01-01,9,Herrsching DC,6601122594,6601122594,27,2026-10-14 00:00:00,2026-10-17 00:00:00
Yes,EHM Equip,SpO2 Sensor Reusable Pediatric,6601122825.01-01,9,Boeblingen DC,6601122825,6601122825,35.12,2026-09-28 00:00:00,2026-09-28 00:00:00
Yes,Clinical Measurements,Printer Module PM-3,6601127496.01-01,2,Herrsching DC,6601127496,6601127496,44.25,2026-09-25 00:00:00,2026-09-25 00:00:00
Yes,Clinical Measurements,Patient Monitor Gateway X1,6601127496.01-02,7,Herrsching DC,6601127496,6601127496,89.3,2026-09-25 00:00:00,2026-09-25 00:00:00
Yes,EHM Equip,Central Station Display 27in,6601127604.01-01,10,Herrsching DC,6601127604,6601127604,46.25,2026-09-05 00:00:00,2026-09-09 00:00:00
Yes,Next-Gen Acute Care Monitoring,Telemetry Transmitter T3,6601130672.01-01,2,Herrsching DC,6601130672,6601130672,19.12,2026-08-28 00:00:00,2026-08-25 00:00:00
Yes,Next-Gen Acute Care Monitoring,Bedside Monitor Mount Rail Mount,6601130672.01-02,2,Herrsching DC,6601130672,6601130672,11.21,2026-08-28 00:00:00,2026-08-25 00:00:00
Yes,Next-Gen Acute Care Monitoring,Vital Signs Monitor V300 Touch,6601130672.01-03,4,Herrsching DC,6601130672,6601130672,9.27,2026-08-28 00:00:00,2026-08-25 00:00:00
Yes,EHM Equip,Central Monitoring Software License 10-Bed,6601130701.01-01,7,Hamburg DC,6601130701,6601130701,2.48,2026-09-22 00:00:00,2026-09-24 00:00:00
Yes,EHM Equip,NIBP Cuff Set Pediatric,6601130701.01-02,8,Hamburg DC,6601130701,6601130701,43.36,2026-09-22 00:00:00,2026-09-24 00:00:00
Yes,ACI ICCA,Temperature Probe Rectal,6601131301.01-01,2,Herrsching DC,6601131301,6601131301,13.45,2026-09-19 00:00:00,2026-09-20 00:00:00
Yes,ACI ICCA,Infusion Pump IP-500,6601131301.01-02,3,Herrsching DC,6601131301,6601131301,72.6,2026-09-19 00:00:00,2026-09-20 00:00:00
Yes,ACI ICCA,ECG Lead Set 12-wire Diagnostic,6601131301.01-03,12,Herrsching DC,6601131301,6601131301,15.47,2026-09-19 00:00:00,2026-09-20 00:00:00
Yes,EHM Equip,ECG Lead Set 12-wire Diagnostic,6601132535.01-01,3,Boeblingen DC,6601132535,6601132535,17.29,2026-09-29 00:00:00,2026-10-05 00:00:00
Yes,EHM Equip,Defibrillator Pad Set Training,6601132535.01-02,12,Boeblingen DC,6601132535,6601132535,13.32,2026-09-29 00:00:00,2026-10-05 00:00:00
Yes,EHM Equip,Defibrillator Pad Set Training,6601135076.01-01,3,Herrsching DC,6601135076,6601135076,61.02,2026-08-14 00:00:00,2026-08-17 00:00:00
Yes,EHM Equip,Network Interface Card Standard,6601135076.01-02,8,Herrsching DC,6601135076,6601135076,22.07,2026-08-14 00:00:00,2026-08-17 00:00:00
Yes,EHM Equip,Vital Signs Monitor V300 Wall Mount,6601135076.01-03,5,Herrsching DC,6601135076,6601135076,70.06,2026-08-14 00:00:00,2026-08-17 00:00:00
Yes,EHM Equip,Ultrasound Probe Convex C5,6601135182.01-01,11,Herrsching DC,6601135182,6601135182,22.71,2026-08-26 00:00:00,2026-09-02 00:00:00
Yes,EHM Equip,Ventilator Circuit Kit Adult,6601135182.01-02,3,Herrsching DC,6601135182,6601135182,66.05,2026-08-26 00:00:00,2026-09-02 00:00:00
Yes,Speciality Monitoring,Ultrasound Probe Linear L12,6601136661.01-01,4,Hamburg DC,6601136661,6601136661,71.04,2026-09-23 00:00:00,2026-09-26 00:00:00
Yes,EHM Equip,Calibration Kit Advanced Diagnostic,6601138023.01-01,3,Boeblingen DC,6601138023,6601138023,35.89,2026-10-09 00:00:00,2026-10-06 00:00:00
Yes,Clinical Measurements,Defibrillator Pad Set Training,6601139707.01-01,6,Hamburg DC,6601139707,6601139707,33.94,2026-10-04 00:00:00,2026-10-04 00:00:00
Yes,Clinical Measurements,Infusion Pump IP-700 Dual,6601139707.01-02,9,Hamburg DC,6601139707,6601139707,1.6,2026-10-04 00:00:00,2026-10-04 00:00:00
Yes,EHM Equip,Anesthesia Gas Module Compact 3-Gas,6601142632.01-01,1,Herrsching DC,6601142632,6601142632,41.09,2026-09-28 00:00:00,2026-09-30 00:00:00
Yes,EHM Equip,CO2 Sensor Module Sidestream,6601142632.01-02,5,Herrsching DC,6601142632,6601142632,38.51,2026-09-28 00:00:00,2026-09-30 00:00:00
Yes,EHM Equip,Central Station Display 27in,6601142632.01-03,2,Herrsching DC,6601142632,6601142632,52.41,2026-09-28 00:00:00,2026-09-30 00:00:00
Yes,EHM Equip,Calibration Kit Advanced Diagnostic,6601142632.01-04,11,Herrsching DC,6601142632,6601142632,42.78,2026-09-28 00:00:00,2026-09-30 00:00:00
Yes,EHM Equip,Ultrasound Probe Linear L12,6601143609.01-01,10,Boeblingen DC,6601143609,6601143609,10.92,2026-10-02 00:00:00,2026-10-04 00:00:00
Yes,EHM Equip,Ultrasound Probe Linear L12,6601147455.01-01,9,Hamburg DC,6601147455,6601147455,31.27,2026-10-10 00:00:00,2026-10-07 00:00:00
Yes,EHM Equip,Central Monitoring Software License 20-Bed,6601147455.01-02,3,Hamburg DC,6601147455,6601147455,39.43,2026-10-10 00:00:00,2026-10-07 00:00:00
Yes,Clinical Measurements,Vital Signs Monitor V300 Touch,6601148126.01-01,12,Boeblingen DC,6601148126,6601148126,37.61,2026-08-19 00:00:00,2026-08-19 00:00:00
Yes,Clinical Measurements,Infusion Pump Docking Station Single Bay,6601148126.01-02,8,Boeblingen DC,6601148126,6601148126,84.72,2026-08-19 00:00:00,2026-08-19 00:00:00
Yes,Clinical Measurements,Infusion Pump IP-300 Compact,6601149910.01-01,5,Leipzig DC,6601149910,6601149910,81.4,2026-09-30 00:00:00,2026-09-29 00:00:00
Yes,Speciality Monitoring,Telemetry Transmitter T3,6601150574.01-01,12,Herrsching DC,6601150574,6601150574,38.84,2026-08-20 00:00:00,2026-08-22 00:00:00
Yes,Speciality Monitoring,Patient Monitor Gateway X1,6601150574.01-02,7,Herrsching DC,6601150574,6601150574,5.78,2026-08-20 00:00:00,2026-08-22 00:00:00
Yes,ACI ICCA,Wall Mount Arm Single Monitor,6601154035.01-01,9,Boeblingen DC,6601154035,6601154035,2.78,2026-09-09 00:00:00,2026-09-09 00:00:00
Yes,ACI ICCA,Temperature Probe Rectal,6601154035.01-02,4,Boeblingen DC,6601154035,6601154035,30.72,2026-09-09 00:00:00,2026-09-09 00:00:00
Yes,ACI ICCA,Patient Cable SpO2 Extension 2m,6601156444.01-01,11,Leipzig DC,6601156444,6601156444,15.09,2026-09-22 00:00:00,2026-09-27 00:00:00
Yes,ACI ICCA,Printer Module PM-3 Thermal,6601156444.01-02,1,Leipzig DC,6601156444,6601156444,22.72,2026-09-22 00:00:00,2026-09-27 00:00:00
Yes,ACI ICCA,Telemetry Transmitter T3,6601156444.01-03,12,Leipzig DC,6601156444,6601156444,11.87,2026-09-22 00:00:00,2026-09-27 00:00:00
Yes,EHM Equip,Network Interface Card Standard,6601159873.01-01,10,Herrsching DC,6601159873,6601159873,18.83,2026-09-02 00:00:00,2026-09-05 00:00:00
Yes,EHM Equip,NIBP Cuff Set Adult,6601159873.01-02,9,Herrsching DC,6601159873,6601159873,25.78,2026-09-02 00:00:00,2026-09-05 00:00:00
Yes,EHM Equip,Battery Pack BP-12,6601159873.01-03,11,Herrsching DC,6601159873,6601159873,81.27,2026-09-02 00:00:00,2026-09-05 00:00:00
Yes,Clinical Measurements,Network Interface Card Standard,6601159945.01-01,1,Boeblingen DC,6601159945,6601159945,45.62,2026-08-29 00:00:00,2026-09-01 00:00:00
Yes,Clinical Measurements,NIBP Cuff Set Neonatal,6601159945.01-02,1,Boeblingen DC,6601159945,6601159945,27.4,2026-08-29 00:00:00,2026-09-01 00:00:00
Yes,Clinical Measurements,Bedside Monitor Mount Rolling Stand,6601159945.01-03,1,Boeblingen DC,6601159945,6601159945,31.27,2026-08-29 00:00:00,2026-09-01 00:00:00
Yes,Clinical Measurements,Printer Module PM-3,6601159945.01-04,8,Boeblingen DC,6601159945,6601159945,51.66,2026-08-29 00:00:00,2026-09-01 00:00:00
Yes,EHM Equip,Vital Signs Monitor V200 Cart Mount,6601161784.01-01,5,Hamburg DC,6601161784,6601161784,71.26,2026-08-26 00:00:00,2026-08-30 00:00:00
Yes,EHM Equip,Defibrillator Pad Set Training,6601161784.01-02,8,Hamburg DC,6601161784,6601161784,55.58,2026-08-26 00:00:00,2026-08-30 00:00:00
Yes,EHM Equip,Multi-Param Sensor Module MP-3 Compact,6601161784.01-03,2,Hamburg DC,6601161784,6601161784,19.09,2026-08-26 00:00:00,2026-08-30 00:00:00
Yes,EHM Equip,Temperature Probe Skin,6601161784.01-04,8,Hamburg DC,6601161784,6601161784,30.2,2026-08-26 00:00:00,2026-08-30 00:00:00
Yes,ACI ICCA,Infusion Pump Docking Station Single Bay,6601162089.01-01,6,Leipzig DC,6601162089,6601162089,64.5,2026-10-10 00:00:00,2026-10-11 00:00:00
Yes,EHM Equip,ECG Lead Set 5-wire,6601162900.01-01,11,Boeblingen DC,6601162900,6601162900,43.75,2026-08-12 00:00:00,2026-08-12 00:00:00
Yes,EHM Equip,Vital Signs Monitor V200 Cart Mount,6601162900.01-02,5,Boeblingen DC,6601162900,6601162900,23.75,2026-08-12 00:00:00,2026-08-12 00:00:00
Yes,Clinical Measurements,SpO2 Sensor Reusable Adult,6601163391.01-01,9,Boeblingen DC,6601163391,6601163391,43.03,2026-09-17 00:00:00,2026-09-15 00:00:00
Yes,EHM Equip,NIBP Cuff Set Thigh,6601165561.01-01,8,Boeblingen DC,6601165561,6601165561,19.69,2026-08-18 00:00:00,2026-08-19 00:00:00
Yes,EHM Equip,Anesthesia Gas Module Standard 5-Gas,6601165561.01-02,8,Boeblingen DC,6601165561,6601165561,9.15,2026-08-18 00:00:00,2026-08-19 00:00:00
Yes,EHM Equip,Multi-Param Sensor Module MP-8 Plus,6601165690.01-01,4,Herrsching DC,6601165690,6601165690,36.39,2026-09-16 00:00:00,2026-09-15 00:00:00
Yes,EHM Equip,Network Interface Card Redundant Dual-Port,6601165690.01-02,11,Herrsching DC,6601165690,6601165690,13.61,2026-09-16 00:00:00,2026-09-15 00:00:00
Yes,EHM Equip,NIBP Cuff Set Adult,6601165690.01-03,5,Herrsching DC,6601165690,6601165690,8.45,2026-09-16 00:00:00,2026-09-15 00:00:00
Yes,EHM Equip,Infusion Pump IP-500,6601165690.01-04,2,Herrsching DC,6601165690,6601165690,31.27,2026-09-16 00:00:00,2026-09-15 00:00:00
Yes,Speciality Monitoring,Printer Module PM-3 Thermal,6601165829.01-01,12,Hamburg DC,6601165829,6601165829,49.64,2026-09-27 00:00:00,2026-09-28 00:00:00
Yes,Clinical Measurements,SpO2 Sensor Reusable Pediatric,6601166990.01-01,2,Hamburg DC,6601166990,6601166990,74.55,2026-09-29 00:00:00,2026-10-04 00:00:00
Yes,Clinical Measurements,Wall Mount Arm Single Monitor,6601168515.01-01,7,Herrsching DC,6601168515,6601168515,11.28,2026-08-23 00:00:00,2026-08-30 00:00:00
Yes,Clinical Measurements,CO2 Sensor Module Sidestream,6601168515.01-02,4,Herrsching DC,6601168515,6601168515,22.18,2026-08-23 00:00:00,2026-08-30 00:00:00
Yes,Clinical Measurements,SpO2 Sensor Reusable Adult,6601168515.01-03,10,Herrsching DC,6601168515,6601168515,12.92,2026-08-23 00:00:00,2026-08-30 00:00:00
Yes,ACI ICCA,Ultrasound Probe Convex C5,6601169740.01-01,3,Herrsching DC,6601169740,6601169740,19.66,2026-10-07 00:00:00,2026-10-07 00:00:00
Yes,Clinical Measurements,SpO2 Sensor Disposable Adult,6601171181.01-01,2,Herrsching DC,6601171181,6601171181,18.83,2026-09-01 00:00:00,2026-09-01 00:00:00
Yes,Clinical Measurements,Central Station Display 24in,6601171181.01-02,2,Herrsching DC,6601171181,6601171181,22.69,2026-09-01 00:00:00,2026-09-01 00:00:00
Yes,ACI ICCA,Wall Mount Arm Single Monitor,6601172521.01-01,1,Herrsching DC,6601172521,6601172521,42.36,2026-09-10 00:00:00,2026-09-14 00:00:00
Yes,ACI ICCA,Infusion Pump IP-300 Compact,6601172521.01-02,10,Herrsching DC,6601172521,6601172521,15.83,2026-09-10 00:00:00,2026-09-14 00:00:00
Yes,ACI ICCA,Central Station Display 32in Curved,6601172521.01-03,4,Herrsching DC,6601172521,6601172521,12.06,2026-09-10 00:00:00,2026-09-14 00:00:00
Yes,ACI ICCA,Infusion Pump IP-700 Dual,6601172842.01-01,2,Hamburg DC,6601172842,6601172842,34.33,2026-10-09 00:00:00,2026-10-15 00:00:00
Yes,EHM Equip,Ultrasound Probe Cardiac P4,6601174050.01-01,1,Leipzig DC,6601174050,6601174050,39.02,2026-09-16 00:00:00,2026-09-14 00:00:00
Yes,Clinical Measurements,Bedside Monitor Mount Rail Mount,6601175112.01-01,11,Leipzig DC,6601175112,6601175112,5.27,2026-10-04 00:00:00,2026-10-06 00:00:00
Yes,EHM Equip,Ventilator Circuit Kit Neonatal,6601175113.01-01,6,Hamburg DC,6601175113,6601175113,21.88,2026-08-16 00:00:00,2026-08-14 00:00:00
Yes,EHM Equip,Infusion Pump IP-300 Compact,6601175113.01-02,8,Hamburg DC,6601175113,6601175113,41.17,2026-08-16 00:00:00,2026-08-14 00:00:00
Yes,EHM Equip,Multi-Param Sensor Module MP-8 Plus,6601175893.01-01,7,Boeblingen DC,6601175893,6601175893,34.75,2026-10-04 00:00:00,2026-10-04 00:00:00
Yes,EHM Equip,Telemetry Transmitter T3 Mini,6601175893.01-02,7,Boeblingen DC,6601175893,6601175893,5.07,2026-10-04 00:00:00,2026-10-04 00:00:00
Yes,EHM Equip,Infusion Pump Docking Station Triple Bay,6601175893.01-03,2,Boeblingen DC,6601175893,6601175893,36.55,2026-10-04 00:00:00,2026-10-04 00:00:00
Yes,EHM Equip,Infusion Pump IP-300 Compact,6601175893.01-04,4,Boeblingen DC,6601175893,6601175893,35.63,2026-10-04 00:00:00,2026-10-04 00:00:00
Yes,EHM Equip,Network Interface Card Standard,6601177291.01-01,8,Herrsching DC,6601177291,6601177291,34.71,2026-10-10 00:00:00,2026-10-16 00:00:00
Yes,EHM Equip,Temperature Probe Esophageal,6601177291.01-02,4,Herrsching DC,6601177291,6601177291,63.13,2026-10-10 00:00:00,2026-10-16 00:00:00
Yes,ACI ICCA,Calibration Kit Advanced Diagnostic,6601181009.01-01,2,Boeblingen DC,6601181009,6601181009,53.04,2026-08-19 00:00:00,2026-08-20 00:00:00
Yes,ACI ICCA,NIBP Cuff Set Adult,6601181009.01-02,3,Boeblingen DC,6601181009,6601181009,51.73,2026-08-19 00:00:00,2026-08-20 00:00:00
Yes,EHM Equip,Central Station Display 24in,6601184860.01-01,2,Leipzig DC,6601184860,6601184860,32.1,2026-10-08 00:00:00,2026-10-12 00:00:00
Yes,Clinical Measurements,Central Monitoring Software License 40-Bed Enterprise,6601187151.01-01,6,Leipzig DC,6601187151,6601187151,24.35,2026-09-16 00:00:00,2026-09-18 00:00:00
Yes,Clinical Measurements,Wall Mount Arm Single Monitor,6601187151.01-02,8,Leipzig DC,6601187151,6601187151,31.52,2026-09-16 00:00:00,2026-09-18 00:00:00
Yes,Clinical Measurements,SpO2 Sensor Disposable Adult,6601187151.01-03,4,Leipzig DC,6601187151,6601187151,28.44,2026-09-16 00:00:00,2026-09-18 00:00:00
Yes,Clinical Measurements,Network Interface Card Standard,6601187494.01-01,2,Herrsching DC,6601187494,6601187494,40.77,2026-08-14 00:00:00,2026-08-12 00:00:00
Yes,ACI ICCA,NIBP Cuff Set Adult Long,6601190468.01-01,9,Boeblingen DC,6601190468,6601190468,51.14,2026-09-27 00:00:00,2026-09-29 00:00:00
Yes,ACI ICCA,Vital Signs Monitor V300 Touch,6601191273.01-01,7,Hamburg DC,6601191273,6601191273,7.07,2026-09-02 00:00:00,2026-09-08 00:00:00
Yes,ACI ICCA,Patient Monitor Gateway X2 Wireless,6601191273.01-02,2,Hamburg DC,6601191273,6601191273,61.24,2026-09-02 00:00:00,2026-09-08 00:00:00
Yes,EHM Equip,Patient Monitor Gateway X1 Pro,6601192858.01-01,4,Herrsching DC,6601192858,6601192858,1.77,2026-08-26 00:00:00,2026-09-01 00:00:00
Yes,ACI ICCA,Printer Module PM-3,6601192859.01-01,5,Leipzig DC,6601192859,6601192859,3.49,2026-10-08 00:00:00,2026-10-14 00:00:00
Yes,EHM Equip,Wall Mount Arm Single Monitor,6601194585.01-01,2,Leipzig DC,6601194585,6601194585,3.61,2026-08-29 00:00:00,2026-08-28 00:00:00
Yes,EHM Equip,Defibrillator Pad Set Adult,6601194585.01-02,2,Leipzig DC,6601194585,6601194585,41.94,2026-08-29 00:00:00,2026-08-28 00:00:00
Yes,EHM Equip,Bedside Monitor Mount Rolling Stand,6601194585.01-03,11,Leipzig DC,6601194585,6601194585,62.46,2026-08-29 00:00:00,2026-08-28 00:00:00
Yes,EHM Equip,Wall Mount Arm Dual Monitor,6601194585.01-04,1,Leipzig DC,6601194585,6601194585,5.57,2026-08-29 00:00:00,2026-08-28 00:00:00
Yes,Next-Gen Acute Care Monitoring,Vital Signs Monitor V100 Compact,6601194603.01-01,11,Hamburg DC,6601194603,6601194603,6.38,2026-09-18 00:00:00,2026-09-21 00:00:00
Yes,Next-Gen Acute Care Monitoring,Central Station Display 27in,6601194603.01-02,10,Hamburg DC,6601194603,6601194603,31.83,2026-09-18 00:00:00,2026-09-21 00:00:00
Yes,EHM Equip,Central Station Display 27in,6601197018.01-01,2,Herrsching DC,6601197018,6601197018,66.31,2026-08-30 00:00:00,2026-08-27 00:00:00
Yes,EHM Equip,Vital Signs Monitor V200 Cart Mount,6601197018.01-02,12,Herrsching DC,6601197018,6601197018,11.08,2026-08-30 00:00:00,2026-08-27 00:00:00
Yes,EHM Equip,Defibrillator Pad Set Adult,6601198564.01-01,11,Hamburg DC,6601198564,6601198564,22.99,2026-08-31 00:00:00,2026-09-01 00:00:00
Yes,EHM Equip,Wall Mount Arm Dual Monitor,6601198564.01-02,10,Hamburg DC,6601198564,6601198564,56.38,2026-08-31 00:00:00,2026-09-01 00:00:00
Yes,EHM Equip,Printer Module PM-3 Thermal,6601198564.01-03,2,Hamburg DC,6601198564,6601198564,26.71,2026-08-31 00:00:00,2026-09-01 00:00:00
Yes,ACI Clinical Integ. & Insights,NIBP Cuff Set Adult,6601199717.01-01,12,Leipzig DC,6601199717,6601199717,35.91,2026-09-16 00:00:00,2026-09-19 00:00:00
Yes,ACI Clinical Integ. & Insights,Temperature Probe Esophageal,6601199717.01-02,6,Leipzig DC,6601199717,6601199717,36.45,2026-09-16 00:00:00,2026-09-19 00:00:00
Yes,ACI Clinical Integ. & Insights,Anesthesia Gas Module Standard 5-Gas,6601205755.01-01,5,Hamburg DC,6601205755,6601205755,37.63,2026-09-02 00:00:00,2026-09-01 00:00:00
Yes,ACI Clinical Integ. & Insights,Vital Signs Monitor V200 Cart Mount,6601205755.01-02,5,Hamburg DC,6601205755,6601205755,43,2026-09-02 00:00:00,2026-09-01 00:00:00
Yes,Clinical Measurements,Network Interface Card Standard,6601206967.01-01,12,Leipzig DC,6601206967,6601206967,3.42,2026-09-13 00:00:00,2026-09-20 00:00:00
Yes,EHM Equip,SpO2 Sensor Disposable Adult,6601209433.01-01,11,Leipzig DC,6601209433,6601209433,34.11,2026-09-23 00:00:00,2026-09-23 00:00:00
Yes,EHM Equip,Network Interface Card Standard,6601209433.01-02,10,Leipzig DC,6601209433,6601209433,34.58,2026-09-23 00:00:00,2026-09-23 00:00:00
Yes,EHM Equip,Multi-Param Sensor Module MP-8 Plus,6601210121.01-01,5,Boeblingen DC,6601210121,6601210121,65.39,2026-09-13 00:00:00,2026-09-16 00:00:00
Yes,EHM Equip,ECG Lead Set 5-wire,6601210783.01-01,11,Leipzig DC,6601210783,6601210783,38.03,2026-09-24 00:00:00,2026-09-28 00:00:00
Yes,EHM Equip,Patient Monitor Gateway X1 Pro,6601214859.01-01,12,Hamburg DC,6601214859,6601214859,5.29,2026-10-03 00:00:00,2026-10-03 00:00:00
Yes,EHM Equip,ECG Lead Set 5-wire,6601214904.01-01,11,Leipzig DC,6601214904,6601214904,17.57,2026-08-20 00:00:00,2026-08-19 00:00:00
Yes,EHM Equip,Wall Mount Arm Dual Monitor,6601214904.01-02,11,Leipzig DC,6601214904,6601214904,26.7,2026-08-20 00:00:00,2026-08-19 00:00:00
Yes,EHM Equip,Infusion Pump IP-500,6601214904.01-03,7,Leipzig DC,6601214904,6601214904,32.19,2026-08-20 00:00:00,2026-08-19 00:00:00
Yes,EHM Equip,Battery Pack BP-08 Compact,6601214904.01-04,2,Leipzig DC,6601214904,6601214904,24.26,2026-08-20 00:00:00,2026-08-19 00:00:00
Yes,EHM Equip,ECG Lead Set 3-wire,6601215896.01-01,4,Boeblingen DC,6601215896,6601215896,8.01,2026-08-18 00:00:00,2026-08-15 00:00:00
Yes,EHM Equip,Calibration Kit Advanced Diagnostic,6601215896.01-02,9,Boeblingen DC,6601215896,6601215896,54.14,2026-08-18 00:00:00,2026-08-15 00:00:00
Yes,EHM Equip,Patient Cable SpO2 Extension 2m,6601216406.01-01,7,Leipzig DC,6601216406,6601216406,21.63,2026-09-09 00:00:00,2026-09-14 00:00:00
Yes,EHM Equip,Patient Cable NIBP Hose 2.5m,6601216406.01-02,12,Leipzig DC,6601216406,6601216406,14.96,2026-09-09 00:00:00,2026-09-14 00:00:00
Yes,EHM Equip,Patient Monitor Gateway X2 Wireless,6601219135.01-01,4,Hamburg DC,6601219135,6601219135,17.05,2026-09-26 00:00:00,2026-09-25 00:00:00
Yes,EHM Equip,Service Cart Mobile Locking,6601219135.01-02,9,Hamburg DC,6601219135,6601219135,13.76,2026-09-26 00:00:00,2026-09-25 00:00:00
Yes,EHM Equip,Telemetry Transmitter T5 Dual-Channel,6601219135.01-03,4,Hamburg DC,6601219135,6601219135,50.99,2026-09-26 00:00:00,2026-09-25 00:00:00
Yes,ACI Clinical Integ. & Insights,Telemetry Transmitter T3,6601220095.01-01,6,Leipzig DC,6601220095,6601220095,48.23,2026-10-04 00:00:00,2026-10-11 00:00:00
Yes,Next-Gen Acute Care Monitoring,Service Cart Mobile Locking,6601220519.01-01,7,Hamburg DC,6601220519,6601220519,47.54,2026-09-09 00:00:00,2026-09-11 00:00:00
Yes,ACI ICCA,Vital Signs Monitor V300 Wall Mount,6601222080.01-01,8,Leipzig DC,6601222080,6601222080,13.47,2026-10-04 00:00:00,2026-10-09 00:00:00
Yes,ACI ICCA,Defibrillator Pad Set Adult,6601222080.01-02,12,Leipzig DC,6601222080,6601222080,1.35,2026-10-04 00:00:00,2026-10-09 00:00:00
Yes,ACI ICCA,Patient Cable NIBP Hose 2.5m,6601222080.01-03,1,Leipzig DC,6601222080,6601222080,52.82,2026-10-04 00:00:00,2026-10-09 00:00:00
Yes,ACI ICCA,Infusion Pump IP-500,6601222080.01-04,4,Leipzig DC,6601222080,6601222080,23.54,2026-10-04 00:00:00,2026-10-09 00:00:00
Yes,Next-Gen Acute Care Monitoring,Defibrillator Pad Set Adult,6601224930.01-01,2,Boeblingen DC,6601224930,6601224930,30.86,2026-08-23 00:00:00,2026-08-21 00:00:00
Yes,Next-Gen Acute Care Monitoring,Printer Module PM-3 Thermal,6601224930.01-02,2,Boeblingen DC,6601224930,6601224930,32.13,2026-08-23 00:00:00,2026-08-21 00:00:00
Yes,Next-Gen Acute Care Monitoring,CO2 Sensor Module Mainstream,6601224930.01-03,10,Boeblingen DC,6601224930,6601224930,32.91,2026-08-23 00:00:00,2026-08-21 00:00:00
Yes,Next-Gen Acute Care Monitoring,Central Station Display 32in Curved,6601224930.01-04,7,Boeblingen DC,6601224930,6601224930,16.33,2026-08-23 00:00:00,2026-08-21 00:00:00
Yes,EHM Equip,Multi-Param Sensor Module MP-8 Plus,6601225522.01-01,2,Herrsching DC,6601225522,6601225522,11.24,2026-09-25 00:00:00,2026-09-22 00:00:00
Yes,EHM Equip,Central Monitoring Software License 40-Bed Enterprise,6601225522.01-02,2,Herrsching DC,6601225522,6601225522,21.48,2026-09-25 00:00:00,2026-09-22 00:00:00
Yes,Next-Gen Acute Care Monitoring,Calibration Kit Standard,6601228436.01-01,11,Herrsching DC,6601228436,6601228436,43.77,2026-09-24 00:00:00,2026-10-01 00:00:00
Yes,Next-Gen Acute Care Monitoring,NIBP Cuff Set Adult Long,6601228436.01-02,6,Herrsching DC,6601228436,6601228436,10.78,2026-09-24 00:00:00,2026-10-01 00:00:00
Yes,Next-Gen Acute Care Monitoring,Patient Monitor Gateway X1 Pro,6601228436.01-03,1,Herrsching DC,6601228436,6601228436,29.45,2026-09-24 00:00:00,2026-10-01 00:00:00
Yes,ACI Clinical Integ. & Insights,Anesthesia Gas Module Compact 3-Gas,6601230553.01-01,7,Herrsching DC,6601230553,6601230553,12.14,2026-10-02 00:00:00,2026-10-01 00:00:00
Yes,ACI Clinical Integ. & Insights,ECG Lead Set 3-wire,6601232366.01-01,8,Herrsching DC,6601232366,6601232366,48.33,2026-08-11 00:00:00,2026-08-08 00:00:00
Yes,ACI Clinical Integ. & Insights,Ultrasound Probe Convex C5,6601232366.01-02,1,Herrsching DC,6601232366,6601232366,39.29,2026-08-11 00:00:00,2026-08-08 00:00:00
Yes,ACI Clinical Integ. & Insights,Vital Signs Monitor V200,6601232366.01-03,6,Herrsching DC,6601232366,6601232366,32.96,2026-08-11 00:00:00,2026-08-08 00:00:00
Yes,EHM Equip,NIBP Cuff Set Adult Long,6601233206.01-01,11,Leipzig DC,6601233206,6601233206,34.76,2026-09-24 00:00:00,2026-09-22 00:00:00
Yes,EHM Equip,Patient Cable SpO2 Extension 2m,6601233206.01-02,7,Leipzig DC,6601233206,6601233206,22.24,2026-09-24 00:00:00,2026-09-22 00:00:00
Yes,ACI Clinical Integ. & Insights,Patient Cable SpO2 Extension 2m,6601239784.01-01,7,Herrsching DC,6601239784,6601239784,26.82,2026-09-14 00:00:00,2026-09-20 00:00:00
Yes,ACI Clinical Integ. & Insights,Anesthesia Gas Module Compact 3-Gas,6601239784.01-02,8,Herrsching DC,6601239784,6601239784,36.78,2026-09-14 00:00:00,2026-09-20 00:00:00
Yes,Next-Gen Acute Care Monitoring,Wall Mount Arm Dual Monitor,6601242412.01-01,5,Herrsching DC,6601242412,6601242412,22.23,2026-10-04 00:00:00,2026-10-07 00:00:00
Yes,Next-Gen Acute Care Monitoring,Central Monitoring Software License 20-Bed,6601242412.01-02,9,Herrsching DC,6601242412,6601242412,20.58,2026-10-04 00:00:00,2026-10-07 00:00:00
Yes,Next-Gen Acute Care Monitoring,Bedside Monitor Mount Rolling Stand,6601242412.01-03,9,Herrsching DC,6601242412,6601242412,12.54,2026-10-04 00:00:00,2026-10-07 00:00:00
Yes,EHM Equip,Infusion Pump IP-500,6601245093.01-01,1,Hamburg DC,6601245093,6601245093,48.52,2026-10-04 00:00:00,2026-10-07 00:00:00
Yes,EHM Equip,Battery Pack BP-24 Extended,6601245093.01-02,10,Hamburg DC,6601245093,6601245093,5.6,2026-10-04 00:00:00,2026-10-07 00:00:00
Yes,Clinical Measurements,Central Monitoring Software License 10-Bed,6601245837.01-01,7,Hamburg DC,6601245837,6601245837,54.04,2026-09-03 00:00:00,2026-09-02 00:00:00
Yes,EHM Equip,Multi-Param Sensor Module MP-3 Compact,6601246153.01-01,8,Boeblingen DC,6601246153,6601246153,13.95,2026-09-16 00:00:00,2026-09-22 00:00:00
Yes,EHM Equip,Vital Signs Monitor V200,6601246153.01-02,12,Boeblingen DC,6601246153,6601246153,85.17,2026-09-16 00:00:00,2026-09-22 00:00:00
Yes,EHM Equip,Service Cart Mobile Standard,6601246341.01-01,1,Leipzig DC,6601246341,6601246341,15.87,2026-08-15 00:00:00,2026-08-15 00:00:00
Yes,Clinical Measurements,Vital Signs Monitor V300 Wall Mount,6601248208.01-01,9,Herrsching DC,6601248208,6601248208,32.74,2026-08-17 00:00:00,2026-08-14 00:00:00
Yes,Next-Gen Acute Care Monitoring,Ultrasound Probe Convex C5,6601249352.01-01,4,Hamburg DC,6601249352,6601249352,54.17,2026-08-17 00:00:00,2026-08-14 00:00:00
Yes,EHM Equip,NIBP Cuff Set Adult,6601250837.01-01,5,Hamburg DC,6601250837,6601250837,7.06,2026-09-21 00:00:00,2026-09-26 00:00:00
Yes,EHM Equip,ECG Lead Set 5-wire,6601250837.01-02,7,Hamburg DC,6601250837,6601250837,6.61,2026-09-21 00:00:00,2026-09-26 00:00:00
Yes,EHM Equip,Ultrasound Probe Cardiac P4,6601251278.01-01,9,Herrsching DC,6601251278,6601251278,21.47,2026-09-18 00:00:00,2026-09-22 00:00:00
Yes,EHM Equip,Anesthesia Gas Module Compact 3-Gas,6601251278.01-02,4,Herrsching DC,6601251278,6601251278,84.32,2026-09-18 00:00:00,2026-09-22 00:00:00
Yes,EHM Equip,Ultrasound Probe Convex C5,6601251278.01-03,2,Herrsching DC,6601251278,6601251278,35.24,2026-09-18 00:00:00,2026-09-22 00:00:00
Yes,EHM Equip,Patient Cable NIBP Hose 2.5m,6601252907.01-01,7,Hamburg DC,6601252907,6601252907,28.26,2026-10-09 00:00:00,2026-10-08 00:00:00
Yes,EHM Equip,Battery Pack BP-24 Extended,6601254127.01-01,8,Leipzig DC,6601254127,6601254127,31.35,2026-08-11 00:00:00,2026-08-15 00:00:00
Yes,Next-Gen Acute Care Monitoring,ECG Lead Set 12-wire Diagnostic,6601254567.01-01,3,Hamburg DC,6601254567,6601254567,0.77,2026-10-04 00:00:00,2026-10-09 00:00:00
Yes,Next-Gen Acute Care Monitoring,Infusion Pump IP-500,6601254567.01-02,9,Hamburg DC,6601254567,6601254567,18.99,2026-10-04 00:00:00,2026-10-09 00:00:00
Yes,EHM Equip,Ventilator Circuit Kit Neonatal,6601255889.01-01,10,Herrsching DC,6601255889,6601255889,29.54,2026-10-04 00:00:00,2026-10-07 00:00:00
Yes,Clinical Measurements,ECG Lead Set 5-wire,6601258107.01-01,4,Leipzig DC,6601258107,6601258107,46.69,2026-08-21 00:00:00,2026-08-24 00:00:00
Yes,ACI ICCA,SpO2 Sensor Disposable Adult,6601258410.01-01,10,Herrsching DC,6601258410,6601258410,18.05,2026-08-23 00:00:00,2026-08-21 00:00:00
Yes,ACI ICCA,Vital Signs Monitor V200 Cart Mount,6601258410.01-02,11,Herrsching DC,6601258410,6601258410,31.8,2026-08-23 00:00:00,2026-08-21 00:00:00
Yes,ACI Clinical Integ. & Insights,Service Cart Mobile Locking,6601261150.01-01,2,Herrsching DC,6601261150,6601261150,43.04,2026-10-03 00:00:00,2026-10-08 00:00:00
Yes,EHM Equip,Temperature Probe Esophageal,6601262573.01-01,5,Boeblingen DC,6601262573,6601262573,12.36,2026-10-03 00:00:00,2026-10-07 00:00:00
Yes,EHM Equip,Temperature Probe Rectal,6601262573.01-02,10,Boeblingen DC,6601262573,6601262573,39.96,2026-10-03 00:00:00,2026-10-07 00:00:00
Yes,EHM Equip,CO2 Sensor Module Mainstream,6601263080.01-01,6,Hamburg DC,6601263080,6601263080,30.69,2026-10-03 00:00:00,2026-10-01 00:00:00
Yes,EHM Equip,Defibrillator Pad Set Training,6601263080.01-02,8,Hamburg DC,6601263080,6601263080,18,2026-10-03 00:00:00,2026-10-01 00:00:00
Yes,EHM Equip,CO2 Sensor Module Mainstream,6601263239.01-01,4,Boeblingen DC,6601263239,6601263239,75.69,2026-09-03 00:00:00,2026-09-10 00:00:00
Yes,EHM Equip,Central Monitoring Software License 20-Bed,6601263785.01-01,3,Boeblingen DC,6601263785,6601263785,8.6,2026-10-02 00:00:00,2026-10-09 00:00:00
Yes,EHM Equip,Battery Pack BP-12,6601266789.01-01,11,Herrsching DC,6601266789,6601266789,14,2026-08-17 00:00:00,2026-08-23 00:00:00
Yes,Next-Gen Acute Care Monitoring,Network Interface Card Redundant Dual-Port,6601267420.01-01,8,Leipzig DC,6601267420,6601267420,30.37,2026-10-14 00:00:00,2026-10-15 00:00:00
Yes,Next-Gen Acute Care Monitoring,Vital Signs Monitor V100 Compact,6601267420.01-02,1,Leipzig DC,6601267420,6601267420,23.1,2026-10-14 00:00:00,2026-10-15 00:00:00
Yes,Clinical Measurements,CO2 Sensor Module Sidestream,6601269397.01-01,4,Herrsching DC,6601269397,6601269397,46.35,2026-09-04 00:00:00,2026-09-11 00:00:00
Yes,EHM Equip,Patient Cable SpO2 Extension 2m,6601272206.01-01,10,Leipzig DC,6601272206,6601272206,11.47,2026-08-22 00:00:00,2026-08-25 00:00:00
Yes,EHM Equip,NIBP Cuff Set Thigh,6601273673.01-01,3,Herrsching DC,6601273673,6601273673,4.31,2026-08-11 00:00:00,2026-08-17 00:00:00
Yes,EHM Equip,Battery Pack BP-12,6601273673.01-02,9,Herrsching DC,6601273673,6601273673,4.9,2026-08-11 00:00:00,2026-08-17 00:00:00
Yes,EHM Equip,Patient Monitor Gateway X1,6601273673.01-03,10,Herrsching DC,6601273673,6601273673,30.85,2026-08-11 00:00:00,2026-08-17 00:00:00
Yes,EHM Equip,Vital Signs Monitor V300 Wall Mount,6601274914.01-01,8,Boeblingen DC,6601274914,6601274914,10.85,2026-09-28 00:00:00,2026-10-04 00:00:00
Yes,EHM Equip,NIBP Cuff Set Pediatric,6601274914.01-02,3,Boeblingen DC,6601274914,6601274914,12.05,2026-09-28 00:00:00,2026-10-04 00:00:00
Yes,ACI ICCA,Temperature Probe Skin,6601275186.01-01,1,Leipzig DC,6601275186,6601275186,52.09,2026-08-24 00:00:00,2026-08-28 00:00:00
Yes,ACI ICCA,Central Station Display 24in,6601275186.01-02,8,Leipzig DC,6601275186,6601275186,43.38,2026-08-24 00:00:00,2026-08-28 00:00:00
Yes,ACI ICCA,Network Interface Card Redundant Dual-Port,6601275186.01-03,7,Leipzig DC,6601275186,6601275186,14.06,2026-08-24 00:00:00,2026-08-28 00:00:00
Yes,ACI ICCA,Patient Cable SpO2 Extension 2m,6601275186.01-04,12,Leipzig DC,6601275186,6601275186,25.29,2026-08-24 00:00:00,2026-08-28 00:00:00
Yes,EHM Equip,Patient Cable SpO2 Extension 2m,6601276896.01-01,6,Boeblingen DC,6601276896,6601276896,15.19,2026-08-11 00:00:00,2026-08-08 00:00:00
Yes,EHM Equip,Defibrillator Pad Set Training,6601276896.01-02,8,Boeblingen DC,6601276896,6601276896,31.05,2026-08-11 00:00:00,2026-08-08 00:00:00
Yes,EHM Equip,Vital Signs Monitor V300 Wall Mount,6601276896.01-03,7,Boeblingen DC,6601276896,6601276896,51.54,2026-08-11 00:00:00,2026-08-08 00:00:00
Yes,EHM Equip,SpO2 Sensor Disposable Adult,6601276896.01-04,5,Boeblingen DC,6601276896,6601276896,33.09,2026-08-11 00:00:00,2026-08-08 00:00:00
Yes,EHM Equip,NIBP Cuff Set Adult Long,6601276956.01-01,3,Leipzig DC,6601276956,6601276956,43.67,2026-08-20 00:00:00,2026-08-18 00:00:00
Yes,EHM Equip,Ultrasound Probe Convex C5,6601276956.01-02,12,Leipzig DC,6601276956,6601276956,43.13,2026-08-20 00:00:00,2026-08-18 00:00:00
Yes,EHM Equip,Temperature Probe Esophageal,6601276956.01-03,7,Leipzig DC,6601276956,6601276956,20.85,2026-08-20 00:00:00,2026-08-18 00:00:00
Yes,Next-Gen Acute Care Monitoring,Telemetry Transmitter T3 Mini,6601279734.01-01,8,Herrsching DC,6601279734,6601279734,30.29,2026-09-08 00:00:00,2026-09-12 00:00:00
Yes,Next-Gen Acute Care Monitoring,SpO2 Sensor Reusable Adult,6601279734.01-02,8,Herrsching DC,6601279734,6601279734,17.21,2026-09-08 00:00:00,2026-09-12 00:00:00
Yes,EHM Equip,Printer Module PM-3 Thermal,6601282848.01-01,10,Herrsching DC,6601282848,6601282848,36.08,2026-10-13 00:00:00,2026-10-20 00:00:00
Yes,EHM Equip,NIBP Cuff Set Neonatal,6601282848.01-02,11,Herrsching DC,6601282848,6601282848,33.37,2026-10-13 00:00:00,2026-10-20 00:00:00
Yes,EHM Equip,Battery Pack BP-08 Compact,6601282848.01-03,7,Herrsching DC,6601282848,6601282848,7.83,2026-10-13 00:00:00,2026-10-20 00:00:00
Yes,EHM Equip,NIBP Cuff Set Thigh,6601282848.01-04,10,Herrsching DC,6601282848,6601282848,22.65,2026-10-13 00:00:00,2026-10-20 00:00:00
Yes,Next-Gen Acute Care Monitoring,Ultrasound Probe Cardiac P4,6601283299.01-01,7,Leipzig DC,6601283299,6601283299,16.55,2026-09-18 00:00:00,2026-09-16 00:00:00
Yes,EHM Equip,Temperature Probe Rectal,6601284116.01-01,9,Herrsching DC,6601284116,6601284116,11.13,2026-09-08 00:00:00,2026-09-07 00:00:00
Yes,EHM Equip,Patient Cable NIBP Hose 2.5m,6601284116.01-02,6,Herrsching DC,6601284116,6601284116,27.79,2026-09-08 00:00:00,2026-09-07 00:00:00
Yes,Next-Gen Acute Care Monitoring,Telemetry Transmitter T5 Dual-Channel,6601285716.01-01,4,Boeblingen DC,6601285716,6601285716,34.03,2026-09-15 00:00:00,2026-09-13 00:00:00
Yes,EHM Equip,Defibrillator Pad Set Training,6601287874.01-01,11,Leipzig DC,6601287874,6601287874,60,2026-09-15 00:00:00,2026-09-16 00:00:00
Yes,EHM Equip,Service Cart Mobile Standard,6601290943.01-01,8,Leipzig DC,6601290943,6601290943,19.53,2026-08-21 00:00:00,2026-08-25 00:00:00
Yes,Next-Gen Acute Care Monitoring,NIBP Cuff Set Pediatric,6601291390.01-01,2,Herrsching DC,6601291390,6601291390,27.53,2026-08-14 00:00:00,2026-08-21 00:00:00
Yes,Next-Gen Acute Care Monitoring,SpO2 Sensor Reusable Pediatric,6601291390.01-02,7,Herrsching DC,6601291390,6601291390,18.39,2026-08-14 00:00:00,2026-08-21 00:00:00
Yes,Next-Gen Acute Care Monitoring,Ultrasound Probe Cardiac P4,6601291390.01-03,10,Herrsching DC,6601291390,6601291390,15.1,2026-08-14 00:00:00,2026-08-21 00:00:00
Yes,EHM Equip,SpO2 Sensor Disposable Adult,6601294541.01-01,3,Leipzig DC,6601294541,6601294541,37.69,2026-08-21 00:00:00,2026-08-20 00:00:00
Yes,EHM Equip,Service Cart Mobile Standard,6601294541.01-02,11,Leipzig DC,6601294541,6601294541,88.49,2026-08-21 00:00:00,2026-08-20 00:00:00
Yes,Next-Gen Acute Care Monitoring,Network Interface Card Redundant Dual-Port,6601294744.01-01,12,Boeblingen DC,6601294744,6601294744,60.22,2026-08-14 00:00:00,2026-08-21 00:00:00
Yes,Next-Gen Acute Care Monitoring,Defibrillator Pad Set Adult,6601294744.01-02,1,Boeblingen DC,6601294744,6601294744,18.83,2026-08-14 00:00:00,2026-08-21 00:00:00
Yes,ACI Clinical Integ. & Insights,NIBP Cuff Set Adult Long,6601299075.01-01,12,Boeblingen DC,6601299075,6601299075,4.23,2026-09-27 00:00:00,2026-09-28 00:00:00
Yes,ACI Clinical Integ. & Insights,Ventilator Circuit Kit Reusable Adult,6601299075.01-02,4,Boeblingen DC,6601299075,6601299075,13.59,2026-09-27 00:00:00,2026-09-28 00:00:00
Yes,EHM Equip,Central Station Display 27in,6601300370.01-01,12,Leipzig DC,6601300370,6601300370,21.27,2026-09-19 00:00:00,2026-09-19 00:00:00
Yes,EHM Equip,Wall Mount Arm Single Monitor,6601300370.01-02,4,Leipzig DC,6601300370,6601300370,10.28,2026-09-19 00:00:00,2026-09-19 00:00:00
Yes,Clinical Measurements,SpO2 Sensor Reusable Adult,6601301126.01-01,9,Hamburg DC,6601301126,6601301126,53.36,2026-09-27 00:00:00,2026-10-02 00:00:00
Yes,Next-Gen Acute Care Monitoring,Telemetry Transmitter T5 Dual-Channel,6601302503.01-01,10,Leipzig DC,6601302503,6601302503,10.09,2026-09-01 00:00:00,2026-09-08 00:00:00
Yes,EHM Equip,CO2 Sensor Module Sidestream,6601303827.01-01,3,Leipzig DC,6601303827,6601303827,26.7,2026-09-13 00:00:00,2026-09-13 00:00:00
Yes,EHM Equip,Anesthesia Gas Module Standard 5-Gas,6601303827.01-02,6,Leipzig DC,6601303827,6601303827,22.44,2026-09-13 00:00:00,2026-09-13 00:00:00
Yes,EHM Equip,Telemetry Transmitter T3 Mini,6601303827.01-03,9,Leipzig DC,6601303827,6601303827,15.85,2026-09-13 00:00:00,2026-09-13 00:00:00
Yes,Clinical Measurements,Telemetry Transmitter T5 Dual-Channel,6601304056.01-01,4,Leipzig DC,6601304056,6601304056,29.76,2026-08-30 00:00:00,2026-08-28 00:00:00
Yes,Clinical Measurements,Defibrillator Pad Set Pediatric,6601304056.01-02,10,Leipzig DC,6601304056,6601304056,13.19,2026-08-30 00:00:00,2026-08-28 00:00:00
Yes,EHM Equip,Wall Mount Arm Dual Monitor,6601304207.01-01,4,Hamburg DC,6601304207,6601304207,7.72,2026-09-20 00:00:00,2026-09-21 00:00:00
Yes,EHM Equip,Defibrillator Pad Set Training,6601304586.01-01,3,Hamburg DC,6601304586,6601304586,27.61,2026-08-21 00:00:00,2026-08-20 00:00:00
Yes,EHM Equip,ECG Lead Set 5-wire Reusable,6601306024.01-01,3,Boeblingen DC,6601306024,6601306024,27.63,2026-08-15 00:00:00,2026-08-14 00:00:00
Yes,EHM Equip,Telemetry Transmitter T3 Mini,6601306024.01-02,10,Boeblingen DC,6601306024,6601306024,16.31,2026-08-15 00:00:00,2026-08-14 00:00:00
Yes,Next-Gen Acute Care Monitoring,Central Station Display 27in,6601306386.01-01,6,Herrsching DC,6601306386,6601306386,44.39,2026-09-29 00:00:00,2026-09-26 00:00:00
Yes,Next-Gen Acute Care Monitoring,Telemetry Transmitter T3,6601306386.01-02,12,Herrsching DC,6601306386,6601306386,8.35,2026-09-29 00:00:00,2026-09-26 00:00:00
Yes,Next-Gen Acute Care Monitoring,Battery Pack BP-12,6601306386.01-03,4,Herrsching DC,6601306386,6601306386,29.17,2026-09-29 00:00:00,2026-09-26 00:00:00
Yes,Next-Gen Acute Care Monitoring,Central Monitoring Software License 40-Bed Enterprise,6601306579.01-01,7,Herrsching DC,6601306579,6601306579,76.25,2026-08-24 00:00:00,2026-08-24 00:00:00
Yes,Next-Gen Acute Care Monitoring,Bedside Monitor Mount Wall Arm,6601306579.01-02,2,Herrsching DC,6601306579,6601306579,14.71,2026-08-24 00:00:00,2026-08-24 00:00:00
Yes,Next-Gen Acute Care Monitoring,Service Cart Mobile Standard,6601306579.01-03,11,Herrsching DC,6601306579,6601306579,50.97,2026-08-24 00:00:00,2026-08-24 00:00:00
Yes,Next-Gen Acute Care Monitoring,Temperature Probe Skin,6601306579.01-04,1,Herrsching DC,6601306579,6601306579,18.41,2026-08-24 00:00:00,2026-08-24 00:00:00
Yes,Next-Gen Acute Care Monitoring,CO2 Sensor Module Sidestream,6601312919.01-01,6,Hamburg DC,6601312919,6601312919,17.32,2026-10-11 00:00:00,2026-10-15 00:00:00
Yes,ACI Clinical Integ. & Insights,Infusion Pump IP-300 Compact,6601315265.01-01,4,Herrsching DC,6601315265,6601315265,33,2026-08-29 00:00:00,2026-09-03 00:00:00
Yes,ACI Clinical Integ. & Insights,Vital Signs Monitor V300 Touch,6601315265.01-02,6,Herrsching DC,6601315265,6601315265,56.9,2026-08-29 00:00:00,2026-09-03 00:00:00
Yes,ACI Clinical Integ. & Insights,Anesthesia Gas Module Compact 3-Gas,6601319180.01-01,3,Boeblingen DC,6601319180,6601319180,28.75,2026-09-03 00:00:00,2026-08-31 00:00:00
Yes,EHM Equip,Ultrasound Probe Cardiac P4,6601320656.01-01,10,Boeblingen DC,6601320656,6601320656,64.35,2026-09-29 00:00:00,2026-09-27 00:00:00
Yes,EHM Equip,Battery Pack BP-08 Compact,6601320656.01-02,7,Boeblingen DC,6601320656,6601320656,29.74,2026-09-29 00:00:00,2026-09-27 00:00:00
Yes,EHM Equip,Wall Mount Arm Single Monitor,6601320656.01-03,12,Boeblingen DC,6601320656,6601320656,11.66,2026-09-29 00:00:00,2026-09-27 00:00:00
Yes,Next-Gen Acute Care Monitoring,Ultrasound Probe Linear L12,6601321193.01-01,5,Boeblingen DC,6601321193,6601321193,28.72,2026-09-04 00:00:00,2026-09-07 00:00:00
Yes,Next-Gen Acute Care Monitoring,NIBP Cuff Set Thigh,6601321193.01-02,9,Boeblingen DC,6601321193,6601321193,13.22,2026-09-04 00:00:00,2026-09-07 00:00:00
Yes,Next-Gen Acute Care Monitoring,NIBP Cuff Set Adult Long,6601321193.01-03,2,Boeblingen DC,6601321193,6601321193,6.86,2026-09-04 00:00:00,2026-09-07 00:00:00
Yes,EHM Equip,Patient Monitor Gateway X1,6601321506.01-01,8,Herrsching DC,6601321506,6601321506,27.43,2026-08-24 00:00:00,2026-08-29 00:00:00
Yes,EHM Equip,CO2 Sensor Module Sidestream,6601321506.01-02,3,Herrsching DC,6601321506,6601321506,5.54,2026-08-24 00:00:00,2026-08-29 00:00:00
Yes,EHM Equip,Calibration Kit Standard,6601322013.01-01,7,Hamburg DC,6601322013,6601322013,82.4,2026-08-29 00:00:00,2026-08-30 00:00:00
Yes,EHM Equip,Multi-Param Sensor Module MP-8 Plus,6601322013.01-02,7,Hamburg DC,6601322013,6601322013,23.93,2026-08-29 00:00:00,2026-08-30 00:00:00
Yes,ACI ICCA,ECG Lead Set 12-wire Diagnostic,6601326329.01-01,2,Leipzig DC,6601326329,6601326329,24.24,2026-09-30 00:00:00,2026-10-04 00:00:00
Yes,ACI ICCA,Temperature Probe Skin,6601326329.01-02,5,Leipzig DC,6601326329,6601326329,62.18,2026-09-30 00:00:00,2026-10-04 00:00:00
Yes,Clinical Measurements,Patient Monitor Gateway X1 Pro,6601328107.01-01,6,Leipzig DC,6601328107,6601328107,18.83,2026-08-22 00:00:00,2026-08-22 00:00:00
Yes,Clinical Measurements,Bedside Monitor Mount Wall Arm,6601328164.01-01,10,Boeblingen DC,6601328164,6601328164,56.28,2026-09-09 00:00:00,2026-09-07 00:00:00
Yes,EHM Equip,Vital Signs Monitor V300 Touch,6601335505.01-01,5,Herrsching DC,6601335505,6601335505,48.97,2026-08-31 00:00:00,2026-09-05 00:00:00
Yes,EHM Equip,Central Station Display 27in,6601335505.01-02,9,Herrsching DC,6601335505,6601335505,102.66,2026-08-31 00:00:00,2026-09-05 00:00:00
Yes,EHM Equip,SpO2 Sensor Disposable Adult,6601335505.01-03,3,Herrsching DC,6601335505,6601335505,24.97,2026-08-31 00:00:00,2026-09-05 00:00:00
Yes,Next-Gen Acute Care Monitoring,Vital Signs Monitor V300 Wall Mount,6601337261.01-01,11,Hamburg DC,6601337261,6601337261,59.94,2026-09-05 00:00:00,2026-09-11 00:00:00
Yes,ACI Clinical Integ. & Insights,Ultrasound Probe Convex C5,6601338763.01-01,8,Boeblingen DC,6601338763,6601338763,12.68,2026-10-03 00:00:00,2026-10-07 00:00:00
Yes,ACI Clinical Integ. & Insights,Wall Mount Arm Single Monitor,6601338763.01-02,11,Boeblingen DC,6601338763,6601338763,36.31,2026-10-03 00:00:00,2026-10-07 00:00:00
Yes,ACI Clinical Integ. & Insights,Patient Monitor Gateway X1 Pro,6601338763.01-03,12,Boeblingen DC,6601338763,6601338763,23.87,2026-10-03 00:00:00,2026-10-07 00:00:00
Yes,Next-Gen Acute Care Monitoring,Central Monitoring Software License 40-Bed Enterprise,6601339531.01-01,8,Herrsching DC,6601339531,6601339531,14.65,2026-09-21 00:00:00,2026-09-27 00:00:00
Yes,Next-Gen Acute Care Monitoring,Central Station Display 27in,6601341782.01-01,7,Leipzig DC,6601341782,6601341782,30.53,2026-08-16 00:00:00,2026-08-16 00:00:00
Yes,Next-Gen Acute Care Monitoring,CO2 Sensor Module Mainstream,6601341782.01-02,9,Leipzig DC,6601341782,6601341782,16.18,2026-08-16 00:00:00,2026-08-16 00:00:00
Yes,Next-Gen Acute Care Monitoring,Ultrasound Probe Cardiac P4,6601341782.01-03,12,Leipzig DC,6601341782,6601341782,41.48,2026-08-16 00:00:00,2026-08-16 00:00:00
Yes,Next-Gen Acute Care Monitoring,Telemetry Transmitter T3,6601341782.01-04,11,Leipzig DC,6601341782,6601341782,73.27,2026-08-16 00:00:00,2026-08-16 00:00:00
Yes,EHM Equip,Central Station Display 27in,6601343070.01-01,1,Boeblingen DC,6601343070,6601343070,11.17,2026-09-25 00:00:00,2026-09-28 00:00:00
Yes,EHM Equip,SpO2 Sensor Reusable Pediatric,6601343070.01-02,10,Boeblingen DC,6601343070,6601343070,38.72,2026-09-25 00:00:00,2026-09-28 00:00:00
Yes,EHM Equip,Ventilator Circuit Kit Adult,6601343962.01-01,3,Hamburg DC,6601343962,6601343962,98.1,2026-10-03 00:00:00,2026-10-02 00:00:00
Yes,EHM Equip,Temperature Probe Skin,6601343962.01-02,9,Hamburg DC,6601343962,6601343962,30.9,2026-10-03 00:00:00,2026-10-02 00:00:00
Yes,EHM Equip,Patient Monitor Gateway X1 Pro,6601343962.01-03,3,Hamburg DC,6601343962,6601343962,13.18,2026-10-03 00:00:00,2026-10-02 00:00:00
Yes,Clinical Measurements,Ventilator Circuit Kit Neonatal,6601344175.01-01,10,Leipzig DC,6601344175,6601344175,40.24,2026-09-22 00:00:00,2026-09-23 00:00:00
Yes,Clinical Measurements,SpO2 Sensor Reusable Adult,6601344175.01-02,10,Leipzig DC,6601344175,6601344175,9.08,2026-09-22 00:00:00,2026-09-23 00:00:00
Yes,Clinical Measurements,SpO2 Sensor Disposable Adult,6601344175.01-03,5,Leipzig DC,6601344175,6601344175,27.56,2026-09-22 00:00:00,2026-09-23 00:00:00
Yes,ACI ICCA,Infusion Pump IP-700 Dual,6601344201.01-01,2,Boeblingen DC,6601344201,6601344201,53.61,2026-08-14 00:00:00,2026-08-20 00:00:00
Yes,EHM Equip,Vital Signs Monitor V300 Wall Mount,6601346592.01-01,6,Hamburg DC,6601346592,6601346592,41.18,2026-09-13 00:00:00,2026-09-14 00:00:00
Yes,EHM Equip,NIBP Cuff Set Neonatal,6601346592.01-02,4,Hamburg DC,6601346592,6601346592,4.17,2026-09-13 00:00:00,2026-09-14 00:00:00
Yes,EHM Equip,Service Cart Mobile Standard,6601349952.01-01,6,Leipzig DC,6601349952,6601349952,91,2026-09-14 00:00:00,2026-09-18 00:00:00
Yes,Speciality Monitoring,Patient Monitor Gateway X1 Pro,6601351969.01-01,9,Hamburg DC,6601351969,6601351969,5.64,2026-08-12 00:00:00,2026-08-19 00:00:00
Yes,EHM Equip,Ventilator Circuit Kit Adult,6601352404.01-01,9,Herrsching DC,6601352404,6601352404,29.15,2026-09-29 00:00:00,2026-10-06 00:00:00
Yes,Next-Gen Acute Care Monitoring,Ultrasound Probe Cardiac P4,6601355547.01-01,1,Boeblingen DC,6601355547,6601355547,65.56,2026-08-20 00:00:00,2026-08-22 00:00:00
Yes,EHM Equip,SpO2 Sensor Reusable Pediatric,6601355713.01-01,7,Leipzig DC,6601355713,6601355713,108.88,2026-09-02 00:00:00,2026-09-01 00:00:00
Yes,EHM Equip,Ventilator Circuit Kit Neonatal,6601355713.01-02,11,Leipzig DC,6601355713,6601355713,4.55,2026-09-02 00:00:00,2026-09-01 00:00:00
Yes,EHM Equip,Temperature Probe Skin,6601355713.01-03,2,Leipzig DC,6601355713,6601355713,17.75,2026-09-02 00:00:00,2026-09-01 00:00:00
Yes,ACI Clinical Integ. & Insights,Battery Pack BP-12,6601356667.01-01,10,Leipzig DC,6601356667,6601356667,10.63,2026-08-31 00:00:00,2026-08-30 00:00:00
Yes,ACI Clinical Integ. & Insights,Battery Pack BP-08 Compact,6601356667.01-02,6,Leipzig DC,6601356667,6601356667,42.17,2026-08-31 00:00:00,2026-08-30 00:00:00
Yes,EHM Equip,Patient Monitor Gateway X2 Wireless,6601357340.01-01,4,Boeblingen DC,6601357340,6601357340,19.72,2026-10-06 00:00:00,2026-10-13 00:00:00
Yes,Next-Gen Acute Care Monitoring,Vital Signs Monitor V200,6601359332.01-01,1,Hamburg DC,6601359332,6601359332,16.84,2026-10-11 00:00:00,2026-10-18 00:00:00
Yes,Next-Gen Acute Care Monitoring,Defibrillator Pad Set Training,6601359332.01-02,12,Hamburg DC,6601359332,6601359332,8.04,2026-10-11 00:00:00,2026-10-18 00:00:00
Yes,Next-Gen Acute Care Monitoring,Vital Signs Monitor V100 Compact,6601359332.01-03,7,Hamburg DC,6601359332,6601359332,51.71,2026-10-11 00:00:00,2026-10-18 00:00:00
Yes,Next-Gen Acute Care Monitoring,Temperature Probe Esophageal,6601359332.01-04,1,Hamburg DC,6601359332,6601359332,31.51,2026-10-11 00:00:00,2026-10-18 00:00:00
Yes,Speciality Monitoring,Telemetry Transmitter T5 Dual-Channel,6601359337.01-01,11,Hamburg DC,6601359337,6601359337,23.91,2026-09-29 00:00:00,2026-10-06 00:00:00
Yes,Speciality Monitoring,Service Cart Mobile Locking,6601359337.01-02,8,Hamburg DC,6601359337,6601359337,21.23,2026-09-29 00:00:00,2026-10-06 00:00:00
Yes,Next-Gen Acute Care Monitoring,Vital Signs Monitor V300 Touch,6601362812.01-01,11,Herrsching DC,6601362812,6601362812,67.12,2026-09-03 00:00:00,2026-09-01 00:00:00
Yes,Next-Gen Acute Care Monitoring,NIBP Cuff Set Adult Long,6601362812.01-02,7,Herrsching DC,6601362812,6601362812,29.94,2026-09-03 00:00:00,2026-09-01 00:00:00
Yes,EHM Equip,Bedside Monitor Mount Wall Arm,6601362813.01-01,8,Boeblingen DC,6601362813,6601362813,1.89,2026-09-21 00:00:00,2026-09-28 00:00:00
Yes,EHM Equip,NIBP Cuff Set Pediatric,6601362813.01-02,8,Boeblingen DC,6601362813,6601362813,36.2,2026-09-21 00:00:00,2026-09-28 00:00:00
Yes,Speciality Monitoring,SpO2 Sensor Disposable Adult,6601362920.01-01,7,Leipzig DC,6601362920,6601362920,33.46,2026-09-22 00:00:00,2026-09-25 00:00:00
Yes,Speciality Monitoring,Telemetry Transmitter T5 Dual-Channel,6601362920.01-02,9,Leipzig DC,6601362920,6601362920,50.6,2026-09-22 00:00:00,2026-09-25 00:00:00
Yes,Speciality Monitoring,Telemetry Transmitter T3,6601362920.01-03,7,Leipzig DC,6601362920,6601362920,3.98,2026-09-22 00:00:00,2026-09-25 00:00:00
Yes,Speciality Monitoring,Defibrillator Pad Set Training,6601362920.01-04,12,Leipzig DC,6601362920,6601362920,23.56,2026-09-22 00:00:00,2026-09-25 00:00:00
Yes,ACI ICCA,ECG Lead Set 12-wire Diagnostic,6601362953.01-01,1,Herrsching DC,6601362953,6601362953,10.12,2026-09-03 00:00:00,2026-09-04 00:00:00
Yes,ACI ICCA,Patient Cable ECG 5-lead 3m,6601362953.01-02,12,Herrsching DC,6601362953,6601362953,7.84,2026-09-03 00:00:00,2026-09-04 00:00:00
Yes,ACI ICCA,CO2 Sensor Module Sidestream,6601362953.01-03,7,Herrsching DC,6601362953,6601362953,19.78,2026-09-03 00:00:00,2026-09-04 00:00:00
Yes,ACI ICCA,Ventilator Circuit Kit Reusable Adult,6601362953.01-04,4,Herrsching DC,6601362953,6601362953,4.73,2026-09-03 00:00:00,2026-09-04 00:00:00
Yes,Next-Gen Acute Care Monitoring,Ventilator Circuit Kit Neonatal,6601366286.01-01,12,Leipzig DC,6601366286,6601366286,12.78,2026-08-27 00:00:00,2026-08-30 00:00:00
Yes,Next-Gen Acute Care Monitoring,Multi-Param Sensor Module MP-8 Plus,6601366286.01-02,12,Leipzig DC,6601366286,6601366286,19.18,2026-08-27 00:00:00,2026-08-30 00:00:00
Yes,EHM Equip,Ultrasound Probe Cardiac P4,6601367785.01-01,12,Leipzig DC,6601367785,6601367785,55.68,2026-08-19 00:00:00,2026-08-24 00:00:00
Yes,EHM Equip,Service Cart Mobile Standard,6601367785.01-02,12,Leipzig DC,6601367785,6601367785,25.11,2026-08-19 00:00:00,2026-08-24 00:00:00
Yes,EHM Equip,Patient Monitor Gateway X1 Pro,6601367785.01-03,8,Leipzig DC,6601367785,6601367785,23.6,2026-08-19 00:00:00,2026-08-24 00:00:00
Yes,Next-Gen Acute Care Monitoring,CO2 Sensor Module Mainstream,6601368342.01-01,7,Leipzig DC,6601368342,6601368342,17.83,2026-09-09 00:00:00,2026-09-13 00:00:00
Yes,Next-Gen Acute Care Monitoring,Vital Signs Monitor V200,6601368342.01-02,1,Leipzig DC,6601368342,6601368342,12.51,2026-09-09 00:00:00,2026-09-13 00:00:00
Yes,Next-Gen Acute Care Monitoring,Defibrillator Pad Set Pediatric,6601368342.01-03,9,Leipzig DC,6601368342,6601368342,61.29,2026-09-09 00:00:00,2026-09-13 00:00:00
Yes,ACI Clinical Integ. & Insights,Telemetry Transmitter T5 Dual-Channel,6601371532.01-01,6,Leipzig DC,6601371532,6601371532,10.79,2026-09-18 00:00:00,2026-09-20 00:00:00
Yes,ACI Clinical Integ. & Insights,Central Monitoring Software License 20-Bed,6601371532.01-02,4,Leipzig DC,6601371532,6601371532,45.42,2026-09-18 00:00:00,2026-09-20 00:00:00
Yes,Next-Gen Acute Care Monitoring,Calibration Kit Advanced Diagnostic,6601375308.01-01,4,Leipzig DC,6601375308,6601375308,57.77,2026-09-26 00:00:00,2026-09-24 00:00:00
Yes,EHM Equip,Service Cart Mobile Locking,6601375933.01-01,6,Leipzig DC,6601375933,6601375933,56.34,2026-08-24 00:00:00,2026-08-30 00:00:00
Yes,EHM Equip,Telemetry Transmitter T3,6601375933.01-02,2,Leipzig DC,6601375933,6601375933,10.3,2026-08-24 00:00:00,2026-08-30 00:00:00
Yes,EHM Equip,Wall Mount Arm Single Monitor,6601375933.01-03,2,Leipzig DC,6601375933,6601375933,22.66,2026-08-24 00:00:00,2026-08-30 00:00:00
Yes,Speciality Monitoring,NIBP Cuff Set Adult Long,6601378744.01-01,1,Boeblingen DC,6601378744,6601378744,70.67,2026-09-21 00:00:00,2026-09-21 00:00:00
Yes,Speciality Monitoring,Vital Signs Monitor V300 Touch,6601378744.01-02,4,Boeblingen DC,6601378744,6601378744,33.64,2026-09-21 00:00:00,2026-09-21 00:00:00
Yes,Speciality Monitoring,SpO2 Sensor Reusable Pediatric,6601378744.01-03,12,Boeblingen DC,6601378744,6601378744,28.94,2026-09-21 00:00:00,2026-09-21 00:00:00
Yes,EHM Equip,Vital Signs Monitor V200,6601388573.01-01,9,Boeblingen DC,6601388573,6601388573,36.42,2026-10-07 00:00:00,2026-10-06 00:00:00
Yes,EHM Equip,Service Cart Mobile Standard,6601388573.01-02,9,Boeblingen DC,6601388573,6601388573,44.77,2026-10-07 00:00:00,2026-10-06 00:00:00
Yes,EHM Equip,Service Cart Mobile Locking,6601388822.01-01,9,Herrsching DC,6601388822,6601388822,39.8,2026-09-30 00:00:00,2026-09-28 00:00:00
Yes,EHM Equip,SpO2 Sensor Reusable Adult,6601388822.01-02,1,Herrsching DC,6601388822,6601388822,35.79,2026-09-30 00:00:00,2026-09-28 00:00:00
Yes,Speciality Monitoring,SpO2 Sensor Finger Clip,6601389219.01-01,11,Leipzig DC,6601389219,6601389219,33.26,2026-10-07 00:00:00,2026-10-12 00:00:00
Yes,Speciality Monitoring,Infusion Pump Docking Station Triple Bay,6601389219.01-02,10,Leipzig DC,6601389219,6601389219,4.95,2026-10-07 00:00:00,2026-10-12 00:00:00
Yes,Clinical Measurements,ECG Lead Set 5-wire Reusable,6601391959.01-01,7,Hamburg DC,6601391959,6601391959,47.21,2026-10-01 00:00:00,2026-10-05 00:00:00
Yes,Clinical Measurements,Defibrillator Pad Set Adult,6601391959.01-02,9,Hamburg DC,6601391959,6601391959,6.75,2026-10-01 00:00:00,2026-10-05 00:00:00
Yes,EHM Equip,SpO2 Sensor Finger Clip,6601395260.01-01,6,Leipzig DC,6601395260,6601395260,60.58,2026-09-12 00:00:00,2026-09-10 00:00:00
Yes,EHM Equip,Battery Pack BP-24 Extended,6601395260.01-02,10,Leipzig DC,6601395260,6601395260,39.98,2026-09-12 00:00:00,2026-09-10 00:00:00
Yes,EHM Equip,Battery Pack BP-08 Compact,6601395260.01-03,3,Leipzig DC,6601395260,6601395260,26.26,2026-09-12 00:00:00,2026-09-10 00:00:00
Yes,EHM Equip,NIBP Cuff Set Adult,6601395260.01-04,10,Leipzig DC,6601395260,6601395260,19.41,2026-09-12 00:00:00,2026-09-10 00:00:00
Yes,Clinical Measurements,NIBP Cuff Set Neonatal,6601395633.01-01,5,Boeblingen DC,6601395633,6601395633,4.73,2026-10-14 00:00:00,2026-10-19 00:00:00
Yes,Speciality Monitoring,Vital Signs Monitor V200,6601397230.01-01,7,Boeblingen DC,6601397230,6601397230,20.57,2026-09-24 00:00:00,2026-09-24 00:00:00
Yes,ACI Clinical Integ. & Insights,ECG Lead Set 5-wire,6601397440.01-01,11,Boeblingen DC,6601397440,6601397440,35.89,2026-09-09 00:00:00,2026-09-13 00:00:00
Yes,EHM Equip,Service Cart Mobile Locking,6601398679.01-01,10,Hamburg DC,6601398679,6601398679,46.32,2026-09-27 00:00:00,2026-09-28 00:00:00
Yes,EHM Equip,Infusion Pump IP-700 Dual,6601398679.01-02,7,Hamburg DC,6601398679,6601398679,26.41,2026-09-27 00:00:00,2026-09-28 00:00:00
Yes,EHM Equip,SpO2 Sensor Finger Clip,6601398679.01-03,8,Hamburg DC,6601398679,6601398679,43.81,2026-09-27 00:00:00,2026-09-28 00:00:00
Yes,EHM Equip,Ultrasound Probe Convex C5,6601399241.01-01,9,Boeblingen DC,6601399241,6601399241,2.35,2026-10-11 00:00:00,2026-10-14 00:00:00
Yes,EHM Equip,Central Monitoring Software License 10-Bed,6601400106.01-01,8,Hamburg DC,6601400106,6601400106,46.19,2026-09-02 00:00:00,2026-08-31 00:00:00
Yes,EHM Equip,Ultrasound Probe Linear L12,6601400481.01-01,6,Leipzig DC,6601400481,6601400481,17.26,2026-08-11 00:00:00,2026-08-10 00:00:00
Yes,EHM Equip,Defibrillator Pad Set Training,6601400481.01-02,6,Leipzig DC,6601400481,6601400481,24.78,2026-08-11 00:00:00,2026-08-10 00:00:00
Yes,EHM Equip,Patient Cable ECG 5-lead 3m,6601400481.01-03,6,Leipzig DC,6601400481,6601400481,9.41,2026-08-11 00:00:00,2026-08-10 00:00:00
Yes,EHM Equip,Central Station Display 24in,6601400481.01-04,8,Leipzig DC,6601400481,6601400481,25.14,2026-08-11 00:00:00,2026-08-10 00:00:00
Yes,EHM Equip,Ultrasound Probe Cardiac P4,6601400685.01-01,8,Leipzig DC,6601400685,6601400685,36.68,2026-08-20 00:00:00,2026-08-20 00:00:00
Yes,EHM Equip,Service Cart Mobile Standard,6601400685.01-02,2,Leipzig DC,6601400685,6601400685,50.88,2026-08-20 00:00:00,2026-08-20 00:00:00
Yes,EHM Equip,Patient Monitor Gateway X1 Pro,6601400685.01-03,8,Leipzig DC,6601400685,6601400685,8.73,2026-08-20 00:00:00,2026-08-20 00:00:00
Yes,EHM Equip,Printer Module PM-3,6601402916.01-01,2,Herrsching DC,6601402916,6601402916,25.11,2026-09-27 00:00:00,2026-09-29 00:00:00
Yes,ACI ICCA,Patient Monitor Gateway X2 Wireless,6601404013.01-01,3,Leipzig DC,6601404013,6601404013,45.01,2026-09-07 00:00:00,2026-09-11 00:00:00
Yes,ACI ICCA,Central Station Display 24in,6601404013.01-02,11,Leipzig DC,6601404013,6601404013,15.23,2026-09-07 00:00:00,2026-09-11 00:00:00
Yes,ACI ICCA,Patient Monitor Gateway X1,6601404013.01-03,5,Leipzig DC,6601404013,6601404013,31.1,2026-09-07 00:00:00,2026-09-11 00:00:00
Yes,ACI ICCA,Multi-Param Sensor Module MP-5,6601404013.01-04,12,Leipzig DC,6601404013,6601404013,6.5,2026-09-07 00:00:00,2026-09-11 00:00:00
Yes,Clinical Measurements,Central Station Display 27in,6601406726.01-01,1,Hamburg DC,6601406726,6601406726,20.17,2026-08-13 00:00:00,2026-08-15 00:00:00
Yes,EHM Equip,Network Interface Card Redundant Dual-Port,6601407677.01-01,8,Boeblingen DC,6601407677,6601407677,18.04,2026-09-12 00:00:00,2026-09-16 00:00:00
Yes,EHM Equip,SpO2 Sensor Reusable Pediatric,6601407677.01-02,6,Boeblingen DC,6601407677,6601407677,67.12,2026-09-12 00:00:00,2026-09-16 00:00:00
Yes,EHM Equip,NIBP Cuff Set Adult,6601407677.01-03,12,Boeblingen DC,6601407677,6601407677,12.93,2026-09-12 00:00:00,2026-09-16 00:00:00
Yes,EHM Equip,Patient Cable ECG 5-lead 3m,6601407677.01-04,1,Boeblingen DC,6601407677,6601407677,21.27,2026-09-12 00:00:00,2026-09-16 00:00:00
Yes,ACI ICCA,Central Station Display 32in Curved,6601416755.01-01,7,Leipzig DC,6601416755,6601416755,41.1,2026-10-08 00:00:00,2026-10-10 00:00:00
Yes,Clinical Measurements,Ventilator Circuit Kit Reusable Adult,6601417159.01-01,9,Leipzig DC,6601417159,6601417159,23.61,2026-09-25 00:00:00,2026-10-01 00:00:00
Yes,EHM Equip,NIBP Cuff Set Pediatric,6601417662.01-01,2,Boeblingen DC,6601417662,6601417662,27.27,2026-10-10 00:00:00,2026-10-07 00:00:00
Yes,Next-Gen Acute Care Monitoring,Vital Signs Monitor V100 Compact,6601418622.01-01,6,Hamburg DC,6601418622,6601418622,26.09,2026-09-24 00:00:00,2026-09-30 00:00:00
Yes,EHM Equip,Battery Pack BP-24 Extended,6601420613.01-01,5,Hamburg DC,6601420613,6601420613,72.87,2026-08-15 00:00:00,2026-08-13 00:00:00
Yes,EHM Equip,Vital Signs Monitor V300 Touch,6601420613.01-02,12,Hamburg DC,6601420613,6601420613,21.15,2026-08-15 00:00:00,2026-08-13 00:00:00
Yes,EHM Equip,NIBP Cuff Set Adult,6601420613.01-03,7,Hamburg DC,6601420613,6601420613,9.58,2026-08-15 00:00:00,2026-08-13 00:00:00
Yes,EHM Equip,Infusion Pump Docking Station Single Bay,6601420785.01-01,10,Herrsching DC,6601420785,6601420785,8.66,2026-08-14 00:00:00,2026-08-13 00:00:00
Yes,EHM Equip,Telemetry Transmitter T5 Dual-Channel,6601420785.01-02,9,Herrsching DC,6601420785,6601420785,114.4,2026-08-14 00:00:00,2026-08-13 00:00:00
Yes,EHM Equip,Wall Mount Arm Single Monitor,6601420785.01-03,7,Herrsching DC,6601420785,6601420785,15.32,2026-08-14 00:00:00,2026-08-13 00:00:00
Yes,EHM Equip,NIBP Cuff Set Thigh,6601420785.01-04,10,Herrsching DC,6601420785,6601420785,29.38,2026-08-14 00:00:00,2026-08-13 00:00:00
Yes,ACI ICCA,Network Interface Card Redundant Dual-Port,6601422317.01-01,5,Herrsching DC,6601422317,6601422317,19.02,2026-10-01 00:00:00,2026-10-06 00:00:00
Yes,EHM Equip,Central Monitoring Software License 40-Bed Enterprise,6601426679.01-01,5,Hamburg DC,6601426679,6601426679,13.49,2026-10-09 00:00:00,2026-10-14 00:00:00
Yes,EHM Equip,Patient Monitor Gateway X1,6601426679.01-02,12,Hamburg DC,6601426679,6601426679,20.73,2026-10-09 00:00:00,2026-10-14 00:00:00
Yes,Clinical Measurements,Calibration Kit Standard,6601427539.01-01,11,Herrsching DC,6601427539,6601427539,31.7,2026-09-14 00:00:00,2026-09-18 00:00:00
Yes,Clinical Measurements,Printer Module PM-3 Thermal,6601429726.01-01,11,Leipzig DC,6601429726,6601429726,9.85,2026-08-24 00:00:00,2026-08-22 00:00:00
Yes,Speciality Monitoring,Central Monitoring Software License 20-Bed,6601430872.01-01,7,Boeblingen DC,6601430872,6601430872,31.02,2026-10-05 00:00:00,2026-10-03 00:00:00
Yes,Speciality Monitoring,Infusion Pump Docking Station Triple Bay,6601430872.01-02,10,Boeblingen DC,6601430872,6601430872,34.43,2026-10-05 00:00:00,2026-10-03 00:00:00
Yes,Speciality Monitoring,Infusion Pump Docking Station Single Bay,6601430872.01-03,5,Boeblingen DC,6601430872,6601430872,18.11,2026-10-05 00:00:00,2026-10-03 00:00:00
Yes,EHM Equip,Defibrillator Pad Set Adult,6601433350.01-01,10,Hamburg DC,6601433350,6601433350,38.41,2026-08-26 00:00:00,2026-08-30 00:00:00
Yes,EHM Equip,NIBP Cuff Set Neonatal,6601433350.01-02,9,Hamburg DC,6601433350,6601433350,44.14,2026-08-26 00:00:00,2026-08-30 00:00:00
Yes,Speciality Monitoring,NIBP Cuff Set Neonatal,6601436622.01-01,6,Hamburg DC,6601436622,6601436622,46.48,2026-09-30 00:00:00,2026-10-04 00:00:00
Yes,Next-Gen Acute Care Monitoring,NIBP Cuff Set Adult Long,6601437266.01-01,4,Herrsching DC,6601437266,6601437266,125.54,2026-08-16 00:00:00,2026-08-13 00:00:00
Yes,Next-Gen Acute Care Monitoring,Printer Module PM-3,6601437266.01-02,9,Herrsching DC,6601437266,6601437266,22.08,2026-08-16 00:00:00,2026-08-13 00:00:00
Yes,Next-Gen Acute Care Monitoring,CO2 Sensor Module Mainstream,6601437266.01-03,4,Herrsching DC,6601437266,6601437266,40.36,2026-08-16 00:00:00,2026-08-13 00:00:00
Yes,Speciality Monitoring,SpO2 Sensor Disposable Adult,6601439092.01-01,2,Herrsching DC,6601439092,6601439092,39.14,2026-09-08 00:00:00,2026-09-08 00:00:00
Yes,Speciality Monitoring,Network Interface Card Redundant Dual-Port,6601439092.01-02,12,Herrsching DC,6601439092,6601439092,20.75,2026-09-08 00:00:00,2026-09-08 00:00:00
Yes,Speciality Monitoring,Ventilator Circuit Kit Adult,6601439092.01-03,3,Herrsching DC,6601439092,6601439092,50.6,2026-09-08 00:00:00,2026-09-08 00:00:00
Yes,Speciality Monitoring,Multi-Param Sensor Module MP-3 Compact,6601439092.01-04,11,Herrsching DC,6601439092,6601439092,61.71,2026-09-08 00:00:00,2026-09-08 00:00:00
Yes,EHM Equip,NIBP Cuff Set Neonatal,6601439834.01-01,11,Boeblingen DC,6601439834,6601439834,9.66,2026-09-12 00:00:00,2026-09-09 00:00:00
Yes,EHM Equip,Calibration Kit Advanced Diagnostic,6601441896.01-01,5,Herrsching DC,6601441896,6601441896,44.97,2026-09-16 00:00:00,2026-09-22 00:00:00
Yes,EHM Equip,Bedside Monitor Mount Rolling Stand,6601441896.01-02,8,Herrsching DC,6601441896,6601441896,54.78,2026-09-16 00:00:00,2026-09-22 00:00:00
Yes,EHM Equip,Central Station Display 27in,6601442088.01-01,9,Herrsching DC,6601442088,6601442088,20.25,2026-10-10 00:00:00,2026-10-16 00:00:00
Yes,Speciality Monitoring,Infusion Pump IP-500,6601443602.01-01,5,Leipzig DC,6601443602,6601443602,19.45,2026-09-20 00:00:00,2026-09-18 00:00:00
Yes,Speciality Monitoring,Anesthesia Gas Module Standard 5-Gas,6601443602.01-02,11,Leipzig DC,6601443602,6601443602,28.07,2026-09-20 00:00:00,2026-09-18 00:00:00
Yes,Speciality Monitoring,Network Interface Card Standard,6601443602.01-03,12,Leipzig DC,6601443602,6601443602,127.45,2026-09-20 00:00:00,2026-09-18 00:00:00
Yes,Speciality Monitoring,Service Cart Mobile Locking,6601443602.01-04,4,Leipzig DC,6601443602,6601443602,20.54,2026-09-20 00:00:00,2026-09-18 00:00:00
Yes,EHM Equip,Calibration Kit Advanced Diagnostic,6601443780.01-01,7,Leipzig DC,6601443780,6601443780,8.26,2026-09-23 00:00:00,2026-09-27 00:00:00
Yes,EHM Equip,ECG Lead Set 5-wire,6601443780.01-02,12,Leipzig DC,6601443780,6601443780,5.44,2026-09-23 00:00:00,2026-09-27 00:00:00
Yes,EHM Equip,Central Monitoring Software License 20-Bed,6601444298.01-01,6,Herrsching DC,6601444298,6601444298,24.06,2026-10-03 00:00:00,2026-09-30 00:00:00
Yes,EHM Equip,Temperature Probe Rectal,6601444298.01-02,10,Herrsching DC,6601444298,6601444298,6.77,2026-10-03 00:00:00,2026-09-30 00:00:00
Yes,EHM Equip,Ultrasound Probe Convex C5,6601444298.01-03,2,Herrsching DC,6601444298,6601444298,38.67,2026-10-03 00:00:00,2026-09-30 00:00:00
Yes,Clinical Measurements,Multi-Param Sensor Module MP-5,6601444785.01-01,10,Boeblingen DC,6601444785,6601444785,4.69,2026-09-11 00:00:00,2026-09-11 00:00:00
Yes,ACI Clinical Integ. & Insights,SpO2 Sensor Reusable Adult,6601446462.01-01,3,Boeblingen DC,6601446462,6601446462,7.53,2026-09-26 00:00:00,2026-10-01 00:00:00
Yes,ACI Clinical Integ. & Insights,Printer Module PM-3 Thermal,6601446462.01-02,7,Boeblingen DC,6601446462,6601446462,15.59,2026-09-26 00:00:00,2026-10-01 00:00:00
Yes,Clinical Measurements,Ultrasound Probe Cardiac P4,6601447734.01-01,5,Leipzig DC,6601447734,6601447734,43.79,2026-10-05 00:00:00,2026-10-10 00:00:00
Yes,EHM Equip,Printer Module PM-3,6601452300.01-01,11,Boeblingen DC,6601452300,6601452300,20.28,2026-08-12 00:00:00,2026-08-18 00:00:00
Yes,EHM Equip,Central Monitoring Software License 40-Bed Enterprise,6601452300.01-02,5,Boeblingen DC,6601452300,6601452300,51.03,2026-08-12 00:00:00,2026-08-18 00:00:00
Yes,EHM Equip,Network Interface Card Standard,6601452300.01-03,8,Boeblingen DC,6601452300,6601452300,15.59,2026-08-12 00:00:00,2026-08-18 00:00:00
Yes,EHM Equip,Vital Signs Monitor V200,6601452359.01-01,6,Boeblingen DC,6601452359,6601452359,27.84,2026-10-11 00:00:00,2026-10-11 00:00:00
Yes,EHM Equip,Network Interface Card Standard,6601452359.01-02,1,Boeblingen DC,6601452359,6601452359,9.6,2026-10-11 00:00:00,2026-10-11 00:00:00
Yes,Next-Gen Acute Care Monitoring,Multi-Param Sensor Module MP-8 Plus,6601455919.01-01,4,Leipzig DC,6601455919,6601455919,25.73,2026-10-06 00:00:00,2026-10-08 00:00:00
Yes,Next-Gen Acute Care Monitoring,Central Monitoring Software License 10-Bed,6601455919.01-02,1,Leipzig DC,6601455919,6601455919,25.89,2026-10-06 00:00:00,2026-10-08 00:00:00
Yes,Next-Gen Acute Care Monitoring,Calibration Kit Standard,6601455919.01-03,5,Leipzig DC,6601455919,6601455919,12.97,2026-10-06 00:00:00,2026-10-08 00:00:00
Yes,Clinical Measurements,Multi-Param Sensor Module MP-5,6601458036.01-01,11,Boeblingen DC,6601458036,6601458036,88.27,2026-09-16 00:00:00,2026-09-19 00:00:00
Yes,Clinical Measurements,ECG Lead Set 12-wire Diagnostic,6601458036.01-02,4,Boeblingen DC,6601458036,6601458036,39.3,2026-09-16 00:00:00,2026-09-19 00:00:00
Yes,EHM Equip,Temperature Probe Skin,6601462688.01-01,8,Leipzig DC,6601462688,6601462688,6.19,2026-09-21 00:00:00,2026-09-21 00:00:00
Yes,EHM Equip,Anesthesia Gas Module Standard 5-Gas,6601462688.01-02,2,Leipzig DC,6601462688,6601462688,35.76,2026-09-21 00:00:00,2026-09-21 00:00:00
Yes,EHM Equip,Patient Cable SpO2 Extension 2m,6601462688.01-03,1,Leipzig DC,6601462688,6601462688,19.2,2026-09-21 00:00:00,2026-09-21 00:00:00
Yes,EHM Equip,Multi-Param Sensor Module MP-8 Plus,6601462688.01-04,6,Leipzig DC,6601462688,6601462688,16.19,2026-09-21 00:00:00,2026-09-21 00:00:00
Yes,EHM Equip,NIBP Cuff Set Adult Long,6601465736.01-01,5,Hamburg DC,6601465736,6601465736,8.6,2026-10-01 00:00:00,2026-10-06 00:00:00
Yes,EHM Equip,Ultrasound Probe Cardiac P4,6601465736.01-02,8,Hamburg DC,6601465736,6601465736,15.5,2026-10-01 00:00:00,2026-10-06 00:00:00
Yes,Clinical Measurements,Multi-Param Sensor Module MP-5,6601467330.01-01,12,Boeblingen DC,6601467330,6601467330,75.17,2026-09-20 00:00:00,2026-09-22 00:00:00
Yes,EHM Equip,Defibrillator Pad Set Adult,6601470095.01-01,10,Hamburg DC,6601470095,6601470095,53.67,2026-10-13 00:00:00,2026-10-12 00:00:00
Yes,EHM Equip,Central Monitoring Software License 40-Bed Enterprise,6601470095.01-02,2,Hamburg DC,6601470095,6601470095,25.14,2026-10-13 00:00:00,2026-10-12 00:00:00
Yes,Next-Gen Acute Care Monitoring,Wall Mount Arm Dual Monitor,6601471389.01-01,3,Leipzig DC,6601471389,6601471389,19.33,2026-09-22 00:00:00,2026-09-23 00:00:00
Yes,Next-Gen Acute Care Monitoring,Bedside Monitor Mount Rail Mount,6601471389.01-02,12,Leipzig DC,6601471389,6601471389,8.18,2026-09-22 00:00:00,2026-09-23 00:00:00
Yes,ACI Clinical Integ. & Insights,Anesthesia Gas Module Compact 3-Gas,6601472113.01-01,5,Hamburg DC,6601472113,6601472113,23.82,2026-08-12 00:00:00,2026-08-12 00:00:00
Yes,EHM Equip,Defibrillator Pad Set Training,6601473859.01-01,10,Leipzig DC,6601473859,6601473859,16.51,2026-08-29 00:00:00,2026-09-04 00:00:00
Yes,EHM Equip,Temperature Probe Esophageal,6601473859.01-02,6,Leipzig DC,6601473859,6601473859,5.33,2026-08-29 00:00:00,2026-09-04 00:00:00
Yes,EHM Equip,Network Interface Card Standard,6601473859.01-03,9,Leipzig DC,6601473859,6601473859,36.42,2026-08-29 00:00:00,2026-09-04 00:00:00
Yes,ACI ICCA,ECG Lead Set 5-wire Reusable,6601474227.01-01,9,Leipzig DC,6601474227,6601474227,93.88,2026-09-18 00:00:00,2026-09-18 00:00:00
Yes,EHM Equip,Calibration Kit Advanced Diagnostic,6601474452.01-01,3,Hamburg DC,6601474452,6601474452,53.13,2026-09-21 00:00:00,2026-09-28 00:00:00
Yes,EHM Equip,Multi-Param Sensor Module MP-5,6601474452.01-02,11,Hamburg DC,6601474452,6601474452,4.46,2026-09-21 00:00:00,2026-09-28 00:00:00
Yes,EHM Equip,Infusion Pump Docking Station Triple Bay,6601476755.01-01,11,Hamburg DC,6601476755,6601476755,88.73,2026-09-24 00:00:00,2026-09-28 00:00:00
Yes,Clinical Measurements,Temperature Probe Rectal,6601476986.01-01,10,Leipzig DC,6601476986,6601476986,34.37,2026-09-27 00:00:00,2026-09-29 00:00:00
Yes,EHM Equip,SpO2 Sensor Reusable Pediatric,6601477217.01-01,9,Herrsching DC,6601477217,6601477217,124.77,2026-09-15 00:00:00,2026-09-14 00:00:00
Yes,EHM Equip,Vital Signs Monitor V300 Touch,6601477217.01-02,6,Herrsching DC,6601477217,6601477217,28.95,2026-09-15 00:00:00,2026-09-14 00:00:00
Yes,EHM Equip,NIBP Cuff Set Adult,6601477217.01-03,9,Herrsching DC,6601477217,6601477217,38.96,2026-09-15 00:00:00,2026-09-14 00:00:00
Yes,EHM Equip,Ventilator Circuit Kit Neonatal,6601477217.01-04,7,Herrsching DC,6601477217,6601477217,25.8,2026-09-15 00:00:00,2026-09-14 00:00:00
Yes,EHM Equip,Service Cart Mobile Standard,6601481152.01-01,11,Herrsching DC,6601481152,6601481152,13.06,2026-08-17 00:00:00,2026-08-24 00:00:00
Yes,ACI ICCA,Infusion Pump Docking Station Single Bay,6601485376.01-01,10,Herrsching DC,6601485376,6601485376,11.23,2026-08-30 00:00:00,2026-09-02 00:00:00
Yes,Clinical Measurements,Temperature Probe Rectal,6601486729.01-01,1,Leipzig DC,6601486729,6601486729,15.48,2026-09-15 00:00:00,2026-09-21 00:00:00
Yes,Clinical Measurements,Ventilator Circuit Kit Adult,6601486729.01-02,6,Leipzig DC,6601486729,6601486729,29.99,2026-09-15 00:00:00,2026-09-21 00:00:00
Yes,Speciality Monitoring,Infusion Pump IP-500,6601487401.01-01,1,Herrsching DC,6601487401,6601487401,73.2,2026-08-28 00:00:00,2026-09-02 00:00:00
Yes,EHM Equip,Ventilator Circuit Kit Adult,6601488417.01-01,9,Leipzig DC,6601488417,6601488417,33.67,2026-09-11 00:00:00,2026-09-12 00:00:00
Yes,EHM Equip,Vital Signs Monitor V300 Touch,6601488417.01-02,11,Leipzig DC,6601488417,6601488417,31.31,2026-09-11 00:00:00,2026-09-12 00:00:00
Yes,EHM Equip,ECG Lead Set 3-wire,6601489260.01-01,1,Boeblingen DC,6601489260,6601489260,23.44,2026-10-07 00:00:00,2026-10-06 00:00:00
Yes,Clinical Measurements,Patient Monitor Gateway X1,6601489582.01-01,12,Hamburg DC,6601489582,6601489582,25.37,2026-08-28 00:00:00,2026-08-30 00:00:00
Yes,ACI ICCA,SpO2 Sensor Reusable Adult,6601490052.01-01,7,Hamburg DC,6601490052,6601490052,44.33,2026-10-07 00:00:00,2026-10-08 00:00:00
Yes,ACI ICCA,Network Interface Card Standard,6601490052.01-02,5,Hamburg DC,6601490052,6601490052,14.77,2026-10-07 00:00:00,2026-10-08 00:00:00
Yes,ACI ICCA,ECG Lead Set 3-wire,6601493649.01-01,3,Leipzig DC,6601493649,6601493649,49.88,2026-10-13 00:00:00,2026-10-14 00:00:00
Yes,ACI ICCA,Patient Monitor Gateway X2 Wireless,6601493649.01-02,6,Leipzig DC,6601493649,6601493649,16.84,2026-10-13 00:00:00,2026-10-14 00:00:00
Yes,ACI ICCA,Patient Monitor Gateway X1,6601493649.01-03,2,Leipzig DC,6601493649,6601493649,23.17,2026-10-13 00:00:00,2026-10-14 00:00:00
Yes,ACI ICCA,Temperature Probe Esophageal,6601493649.01-04,6,Leipzig DC,6601493649,6601493649,8.43,2026-10-13 00:00:00,2026-10-14 00:00:00
Yes,EHM Equip,Service Cart Mobile Locking,6601494358.01-01,7,Hamburg DC,6601494358,6601494358,41.05,2026-08-19 00:00:00,2026-08-16 00:00:00
Yes,EHM Equip,Temperature Probe Skin,6601494358.01-02,7,Hamburg DC,6601494358,6601494358,28.34,2026-08-19 00:00:00,2026-08-16 00:00:00
Yes,EHM Equip,Defibrillator Pad Set Adult,6601496729.01-01,11,Hamburg DC,6601496729,6601496729,22.22,2026-10-08 00:00:00,2026-10-11 00:00:00
Yes,EHM Equip,CO2 Sensor Module Sidestream,6601496729.01-02,6,Hamburg DC,6601496729,6601496729,4.9,2026-10-08 00:00:00,2026-10-11 00:00:00
Yes,EHM Equip,NIBP Cuff Set Pediatric,6601497035.01-01,2,Herrsching DC,6601497035,6601497035,49.5,2026-09-28 00:00:00,2026-09-30 00:00:00
Yes,EHM Equip,Patient Monitor Gateway X2 Wireless,6601497679.01-01,2,Hamburg DC,6601497679,6601497679,18.37,2026-09-05 00:00:00,2026-09-02 00:00:00
Yes,EHM Equip,Patient Cable NIBP Hose 2.5m,6601502439.01-01,6,Leipzig DC,6601502439,6601502439,33.41,2026-09-25 00:00:00,2026-09-27 00:00:00
Yes,EHM Equip,Ultrasound Probe Convex C5,6601502439.01-02,1,Leipzig DC,6601502439,6601502439,80.57,2026-09-25 00:00:00,2026-09-27 00:00:00
Yes,EHM Equip,Ultrasound Probe Linear L12,6601505661.01-01,12,Boeblingen DC,6601505661,6601505661,50.89,2026-08-18 00:00:00,2026-08-19 00:00:00
Yes,Next-Gen Acute Care Monitoring,Multi-Param Sensor Module MP-8 Plus,6601506491.01-01,2,Boeblingen DC,6601506491,6601506491,20.18,2026-09-10 00:00:00,2026-09-14 00:00:00
Yes,Next-Gen Acute Care Monitoring,Central Monitoring Software License 10-Bed,6601506491.01-02,11,Boeblingen DC,6601506491,6601506491,37.37,2026-09-10 00:00:00,2026-09-14 00:00:00
Yes,Next-Gen Acute Care Monitoring,Vital Signs Monitor V100 Compact,6601506491.01-03,3,Boeblingen DC,6601506491,6601506491,42.06,2026-09-10 00:00:00,2026-09-14 00:00:00
Yes,Next-Gen Acute Care Monitoring,Patient Monitor Gateway X2 Wireless,6601506491.01-04,7,Boeblingen DC,6601506491,6601506491,22.6,2026-09-10 00:00:00,2026-09-14 00:00:00
Yes,EHM Equip,Ventilator Circuit Kit Reusable Adult,6601509655.01-01,1,Boeblingen DC,6601509655,6601509655,60.66,2026-09-04 00:00:00,2026-09-11 00:00:00
Yes,EHM Equip,ECG Lead Set 12-wire Diagnostic,6601509655.01-02,5,Boeblingen DC,6601509655,6601509655,62.4,2026-09-04 00:00:00,2026-09-11 00:00:00
Yes,ACI Clinical Integ. & Insights,Ventilator Circuit Kit Adult,6601511235.01-01,7,Boeblingen DC,6601511235,6601511235,37.98,2026-09-05 00:00:00,2026-09-07 00:00:00
Yes,ACI Clinical Integ. & Insights,Telemetry Transmitter T3 Mini,6601511235.01-02,4,Boeblingen DC,6601511235,6601511235,53.18,2026-09-05 00:00:00,2026-09-07 00:00:00
Yes,ACI Clinical Integ. & Insights,Patient Monitor Gateway X2 Wireless,6601511235.01-03,8,Boeblingen DC,6601511235,6601511235,5.46,2026-09-05 00:00:00,2026-09-07 00:00:00
Yes,Clinical Measurements,Ultrasound Probe Convex C5,6601513918.01-01,8,Herrsching DC,6601513918,6601513918,6.56,2026-10-03 00:00:00,2026-10-09 00:00:00
Yes,EHM Equip,Infusion Pump IP-300 Compact,6601518009.01-01,3,Leipzig DC,6601518009,6601518009,18.8,2026-09-01 00:00:00,2026-09-07 00:00:00
Yes,Next-Gen Acute Care Monitoring,Temperature Probe Esophageal,6601519371.01-01,8,Hamburg DC,6601519371,6601519371,66.05,2026-09-17 00:00:00,2026-09-15 00:00:00
Yes,Next-Gen Acute Care Monitoring,Patient Cable ECG 5-lead 3m,6601519371.01-02,5,Hamburg DC,6601519371,6601519371,11.26,2026-09-17 00:00:00,2026-09-15 00:00:00
Yes,EHM Equip,Infusion Pump Docking Station Single Bay,6601520383.01-01,2,Hamburg DC,6601520383,6601520383,80.52,2026-09-26 00:00:00,2026-10-02 00:00:00
Yes,EHM Equip,CO2 Sensor Module Mainstream,6601525425.01-01,8,Herrsching DC,6601525425,6601525425,23.31,2026-10-01 00:00:00,2026-09-29 00:00:00
Yes,Clinical Measurements,Ultrasound Probe Convex C5,6601529839.01-01,5,Herrsching DC,6601529839,6601529839,19.21,2026-09-09 00:00:00,2026-09-07 00:00:00
Yes,Clinical Measurements,Central Monitoring Software License 10-Bed,6601529839.01-02,11,Herrsching DC,6601529839,6601529839,30.74,2026-09-09 00:00:00,2026-09-07 00:00:00
Yes,Clinical Measurements,Infusion Pump IP-500,6601529839.01-03,9,Herrsching DC,6601529839,6601529839,9.96,2026-09-09 00:00:00,2026-09-07 00:00:00
Yes,Clinical Measurements,Bedside Monitor Mount Rail Mount,6601529839.01-04,8,Herrsching DC,6601529839,6601529839,23.99,2026-09-09 00:00:00,2026-09-07 00:00:00
Yes,EHM Equip,ECG Lead Set 12-wire Diagnostic,6601530570.01-01,6,Boeblingen DC,6601530570,6601530570,48.48,2026-09-30 00:00:00,2026-09-29 00:00:00
Yes,ACI Clinical Integ. & Insights,Patient Monitor Gateway X1 Pro,6601535515.01-01,9,Leipzig DC,6601535515,6601535515,15.13,2026-09-24 00:00:00,2026-09-27 00:00:00
Yes,ACI Clinical Integ. & Insights,Infusion Pump IP-500,6601535515.01-02,2,Leipzig DC,6601535515,6601535515,6.08,2026-09-24 00:00:00,2026-09-27 00:00:00
Yes,ACI Clinical Integ. & Insights,NIBP Cuff Set Neonatal,6601535515.01-03,3,Leipzig DC,6601535515,6601535515,37.52,2026-09-24 00:00:00,2026-09-27 00:00:00
Yes,EHM Equip,Network Interface Card Standard,6601541954.01-01,3,Boeblingen DC,6601541954,6601541954,4.85,2026-08-22 00:00:00,2026-08-19 00:00:00
Yes,EHM Equip,Battery Pack BP-24 Extended,6601541954.01-02,10,Boeblingen DC,6601541954,6601541954,90.15,2026-08-22 00:00:00,2026-08-19 00:00:00
Yes,Clinical Measurements,SpO2 Sensor Finger Clip,6601548094.01-01,12,Boeblingen DC,6601548094,6601548094,66.81,2026-09-25 00:00:00,2026-09-29 00:00:00
Yes,EHM Equip,NIBP Cuff Set Pediatric,6601550226.01-01,12,Leipzig DC,6601550226,6601550226,41.78,2026-09-03 00:00:00,2026-09-06 00:00:00
Yes,EHM Equip,Defibrillator Pad Set Pediatric,6601550226.01-02,2,Leipzig DC,6601550226,6601550226,24.57,2026-09-03 00:00:00,2026-09-06 00:00:00
Yes,Clinical Measurements,Calibration Kit Standard,6601550351.01-01,12,Boeblingen DC,6601550351,6601550351,23.06,2026-10-13 00:00:00,2026-10-15 00:00:00
Yes,ACI Clinical Integ. & Insights,SpO2 Sensor Disposable Adult,6601551340.01-01,6,Leipzig DC,6601551340,6601551340,10.23,2026-10-02 00:00:00,2026-09-29 00:00:00
Yes,EHM Equip,Central Station Display 27in,6601553102.01-01,7,Boeblingen DC,6601553102,6601553102,19.98,2026-09-24 00:00:00,2026-09-24 00:00:00
Yes,EHM Equip,Bedside Monitor Mount Wall Arm,6601553102.01-02,11,Boeblingen DC,6601553102,6601553102,23.97,2026-09-24 00:00:00,2026-09-24 00:00:00
Yes,EHM Equip,Battery Pack BP-24 Extended,6601553102.01-03,10,Boeblingen DC,6601553102,6601553102,21.79,2026-09-24 00:00:00,2026-09-24 00:00:00
Yes,Clinical Measurements,Bedside Monitor Mount Rail Mount,6601553219.01-01,5,Herrsching DC,6601553219,6601553219,51.82,2026-09-25 00:00:00,2026-09-28 00:00:00
Yes,Clinical Measurements,Infusion Pump Docking Station Triple Bay,6601553219.01-02,12,Herrsching DC,6601553219,6601553219,21.7,2026-09-25 00:00:00,2026-09-28 00:00:00
Yes,Clinical Measurements,Telemetry Transmitter T5 Dual-Channel,6601553319.01-01,8,Herrsching DC,6601553319,6601553319,10.65,2026-08-16 00:00:00,2026-08-14 00:00:00
Yes,Clinical Measurements,Wall Mount Arm Dual Monitor,6601553319.01-02,5,Herrsching DC,6601553319,6601553319,10.56,2026-08-16 00:00:00,2026-08-14 00:00:00
Yes,Clinical Measurements,Printer Module PM-3 Thermal,6601553319.01-03,3,Herrsching DC,6601553319,6601553319,10.26,2026-08-16 00:00:00,2026-08-14 00:00:00
Yes,Clinical Measurements,NIBP Cuff Set Neonatal,6601553319.01-04,8,Herrsching DC,6601553319,6601553319,38.14,2026-08-16 00:00:00,2026-08-14 00:00:00
Yes,EHM Equip,Central Station Display 27in,6601555359.01-01,4,Leipzig DC,6601555359,6601555359,16.37,2026-10-03 00:00:00,2026-10-06 00:00:00
Yes,EHM Equip,Defibrillator Pad Set Training,6601555359.01-02,8,Leipzig DC,6601555359,6601555359,32.33,2026-10-03 00:00:00,2026-10-06 00:00:00
Yes,Clinical Measurements,CO2 Sensor Module Mainstream,6601556748.01-01,9,Leipzig DC,6601556748,6601556748,87.66,2026-08-25 00:00:00,2026-08-30 00:00:00
Yes,Clinical Measurements,Service Cart Mobile Locking,6601556748.01-02,2,Leipzig DC,6601556748,6601556748,22.35,2026-08-25 00:00:00,2026-08-30 00:00:00
Yes,Clinical Measurements,Ventilator Circuit Kit Adult,6601556748.01-03,11,Leipzig DC,6601556748,6601556748,28.08,2026-08-25 00:00:00,2026-08-30 00:00:00
Yes,Clinical Measurements,NIBP Cuff Set Adult,6601556748.01-04,1,Leipzig DC,6601556748,6601556748,18.43,2026-08-25 00:00:00,2026-08-30 00:00:00
Yes,Speciality Monitoring,Vital Signs Monitor V200 Cart Mount,6601557953.01-01,10,Hamburg DC,6601557953,6601557953,14.66,2026-09-29 00:00:00,2026-10-04 00:00:00
Yes,ACI ICCA,Central Monitoring Software License 10-Bed,6601557979.01-01,1,Herrsching DC,6601557979,6601557979,53.25,2026-09-18 00:00:00,2026-09-15 00:00:00
Yes,ACI ICCA,Central Station Display 32in Curved,6601557979.01-02,4,Herrsching DC,6601557979,6601557979,11.4,2026-09-18 00:00:00,2026-09-15 00:00:00
Yes,Clinical Measurements,Service Cart Mobile Standard,6601559137.01-01,4,Boeblingen DC,6601559137,6601559137,7,2026-10-14 00:00:00,2026-10-16 00:00:00
Yes,Clinical Measurements,Bedside Monitor Mount Rolling Stand,6601559137.01-02,1,Boeblingen DC,6601559137,6601559137,25.82,2026-10-14 00:00:00,2026-10-16 00:00:00
Yes,EHM Equip,Defibrillator Pad Set Training,6601562068.01-01,7,Boeblingen DC,6601562068,6601562068,34.79,2026-08-12 00:00:00,2026-08-14 00:00:00
Yes,EHM Equip,Bedside Monitor Mount Rail Mount,6601562068.01-02,1,Boeblingen DC,6601562068,6601562068,36.07,2026-08-12 00:00:00,2026-08-14 00:00:00
Yes,EHM Equip,Wall Mount Arm Single Monitor,6601562521.01-01,9,Leipzig DC,6601562521,6601562521,13.02,2026-09-22 00:00:00,2026-09-22 00:00:00
Yes,EHM Equip,Bedside Monitor Mount Rail Mount,6601562521.01-02,5,Leipzig DC,6601562521,6601562521,30.66,2026-09-22 00:00:00,2026-09-22 00:00:00
Yes,ACI Clinical Integ. & Insights,Anesthesia Gas Module Compact 3-Gas,6601564651.01-01,1,Boeblingen DC,6601564651,6601564651,13.84,2026-09-09 00:00:00,2026-09-16 00:00:00
Yes,Next-Gen Acute Care Monitoring,Multi-Param Sensor Module MP-5,6601565566.01-01,9,Hamburg DC,6601565566,6601565566,17.76,2026-09-16 00:00:00,2026-09-16 00:00:00
Yes,Next-Gen Acute Care Monitoring,Ultrasound Probe Linear L12,6601565566.01-02,2,Hamburg DC,6601565566,6601565566,25.62,2026-09-16 00:00:00,2026-09-16 00:00:00
Yes,Next-Gen Acute Care Monitoring,SpO2 Sensor Finger Clip,6601565566.01-03,12,Hamburg DC,6601565566,6601565566,37.94,2026-09-16 00:00:00,2026-09-16 00:00:00
Yes,ACI ICCA,Calibration Kit Standard,6601566668.01-01,9,Herrsching DC,6601566668,6601566668,24.35,2026-08-30 00:00:00,2026-09-03 00:00:00
Yes,Clinical Measurements,SpO2 Sensor Disposable Adult,6601572933.01-01,9,Leipzig DC,6601572933,6601572933,31.13,2026-09-24 00:00:00,2026-09-28 00:00:00
Yes,EHM Equip,SpO2 Sensor Reusable Pediatric,6601573110.01-01,6,Herrsching DC,6601573110,6601573110,26.58,2026-08-22 00:00:00,2026-08-20 00:00:00
Yes,Clinical Measurements,Printer Module PM-3 Thermal,6601574154.01-01,12,Boeblingen DC,6601574154,6601574154,24.73,2026-08-20 00:00:00,2026-08-17 00:00:00
Yes,Clinical Measurements,Multi-Param Sensor Module MP-8 Plus,6601575604.01-01,6,Hamburg DC,6601575604,6601575604,46.12,2026-08-13 00:00:00,2026-08-19 00:00:00
Yes,Clinical Measurements,Printer Module PM-3 Thermal,6601575604.01-02,11,Hamburg DC,6601575604,6601575604,24.07,2026-08-13 00:00:00,2026-08-19 00:00:00
Yes,EHM Equip,Network Interface Card Redundant Dual-Port,6601579272.01-01,10,Boeblingen DC,6601579272,6601579272,37.15,2026-08-17 00:00:00,2026-08-16 00:00:00
Yes,EHM Equip,Network Interface Card Standard,6601579272.01-02,2,Boeblingen DC,6601579272,6601579272,11.5,2026-08-17 00:00:00,2026-08-16 00:00:00
Yes,EHM Equip,Infusion Pump IP-500,6601579272.01-03,8,Boeblingen DC,6601579272,6601579272,5.4,2026-08-17 00:00:00,2026-08-16 00:00:00
Yes,EHM Equip,Battery Pack BP-12,6601579641.01-01,11,Herrsching DC,6601579641,6601579641,17.01,2026-08-12 00:00:00,2026-08-16 00:00:00
Yes,Next-Gen Acute Care Monitoring,ECG Lead Set 5-wire,6601580871.01-01,6,Boeblingen DC,6601580871,6601580871,45.11,2026-09-02 00:00:00,2026-09-03 00:00:00
Yes,EHM Equip,CO2 Sensor Module Sidestream,6601584010.01-01,11,Herrsching DC,6601584010,6601584010,46.67,2026-08-22 00:00:00,2026-08-27 00:00:00
Yes,EHM Equip,Patient Monitor Gateway X1 Pro,6601584010.01-02,11,Herrsching DC,6601584010,6601584010,16.18,2026-08-22 00:00:00,2026-08-27 00:00:00
Yes,EHM Equip,Service Cart Mobile Standard,6601584204.01-01,9,Boeblingen DC,6601584204,6601584204,111.79,2026-09-24 00:00:00,2026-09-26 00:00:00
Yes,EHM Equip,Defibrillator Pad Set Pediatric,6601584204.01-02,9,Boeblingen DC,6601584204,6601584204,76.43,2026-09-24 00:00:00,2026-09-26 00:00:00
Yes,EHM Equip,Infusion Pump IP-300 Compact,6601586887.01-01,2,Hamburg DC,6601586887,6601586887,82.7,2026-10-10 00:00:00,2026-10-09 00:00:00
Yes,Next-Gen Acute Care Monitoring,ECG Lead Set 5-wire,6601587994.01-01,7,Herrsching DC,6601587994,6601587994,32.99,2026-10-13 00:00:00,2026-10-12 00:00:00
Yes,Next-Gen Acute Care Monitoring,Defibrillator Pad Set Pediatric,6601587994.01-02,11,Herrsching DC,6601587994,6601587994,14.94,2026-10-13 00:00:00,2026-10-12 00:00:00
Yes,EHM Equip,Central Station Display 27in,6601588004.01-01,8,Leipzig DC,6601588004,6601588004,18.97,2026-09-01 00:00:00,2026-09-08 00:00:00
Yes,Next-Gen Acute Care Monitoring,Anesthesia Gas Module Compact 3-Gas,6601589202.01-01,1,Leipzig DC,6601589202,6601589202,51.57,2026-10-07 00:00:00,2026-10-11 00:00:00
Yes,Next-Gen Acute Care Monitoring,Calibration Kit Standard,6601589202.01-02,1,Leipzig DC,6601589202,6601589202,8.25,2026-10-07 00:00:00,2026-10-11 00:00:00
Yes,Next-Gen Acute Care Monitoring,Anesthesia Gas Module Standard 5-Gas,6601589202.01-03,5,Leipzig DC,6601589202,6601589202,6.01,2026-10-07 00:00:00,2026-10-11 00:00:00
Yes,EHM Equip,Patient Monitor Gateway X1 Pro,6601590084.01-01,2,Hamburg DC,6601590084,6601590084,15.35,2026-10-10 00:00:00,2026-10-14 00:00:00
Yes,Clinical Measurements,Battery Pack BP-08 Compact,6601595221.01-01,5,Leipzig DC,6601595221,6601595221,40.04,2026-09-18 00:00:00,2026-09-21 00:00:00
Yes,Clinical Measurements,Calibration Kit Standard,6601595221.01-02,7,Leipzig DC,6601595221,6601595221,15.39,2026-09-18 00:00:00,2026-09-21 00:00:00
Yes,Clinical Measurements,Defibrillator Pad Set Adult,6601595221.01-03,5,Leipzig DC,6601595221,6601595221,31.04,2026-09-18 00:00:00,2026-09-21 00:00:00
Yes,EHM Equip,Service Cart Mobile Locking,6601598317.01-01,7,Hamburg DC,6601598317,6601598317,77.01,2026-08-17 00:00:00,2026-08-16 00:00:00
Yes,Clinical Measurements,Bedside Monitor Mount Rail Mount,6601599904.01-01,3,Leipzig DC,6601599904,6601599904,35.57,2026-08-14 00:00:00,2026-08-13 00:00:00
Yes,Clinical Measurements,Bedside Monitor Mount Wall Arm,6601599904.01-02,4,Leipzig DC,6601599904,6601599904,9.82,2026-08-14 00:00:00,2026-08-13 00:00:00
Yes,Clinical Measurements,Printer Module PM-3,6601599904.01-03,10,Leipzig DC,6601599904,6601599904,38.1,2026-08-14 00:00:00,2026-08-13 00:00:00
Yes,Clinical Measurements,Multi-Param Sensor Module MP-5,6601599904.01-04,6,Leipzig DC,6601599904,6601599904,24.24,2026-08-14 00:00:00,2026-08-13 00:00:00
Yes,Speciality Monitoring,SpO2 Sensor Reusable Pediatric,6601599978.01-01,12,Herrsching DC,6601599978,6601599978,107.09,2026-09-19 00:00:00,2026-09-19 00:00:00
Yes,Next-Gen Acute Care Monitoring,CO2 Sensor Module Sidestream,6601604277.01-01,1,Hamburg DC,6601604277,6601604277,19.55,2026-09-19 00:00:00,2026-09-26 00:00:00
Yes,Next-Gen Acute Care Monitoring,Infusion Pump Docking Station Single Bay,6601604277.01-02,6,Hamburg DC,6601604277,6601604277,23.47,2026-09-19 00:00:00,2026-09-26 00:00:00
Yes,Next-Gen Acute Care Monitoring,Patient Monitor Gateway X1 Pro,6601604612.01-01,8,Leipzig DC,6601604612,6601604612,66.35,2026-09-14 00:00:00,2026-09-12 00:00:00
Yes,Next-Gen Acute Care Monitoring,Service Cart Mobile Standard,6601604612.01-02,7,Leipzig DC,6601604612,6601604612,17.72,2026-09-14 00:00:00,2026-09-12 00:00:00
Yes,Next-Gen Acute Care Monitoring,Temperature Probe Esophageal,6601604612.01-03,8,Leipzig DC,6601604612,6601604612,26.76,2026-09-14 00:00:00,2026-09-12 00:00:00
Yes,Next-Gen Acute Care Monitoring,Multi-Param Sensor Module MP-8 Plus,6601604612.01-04,4,Leipzig DC,6601604612,6601604612,18.57,2026-09-14 00:00:00,2026-09-12 00:00:00
Yes,ACI ICCA,Infusion Pump IP-700 Dual,6601604963.01-01,11,Leipzig DC,6601604963,6601604963,4.56,2026-09-17 00:00:00,2026-09-19 00:00:00
Yes,ACI ICCA,SpO2 Sensor Disposable Adult,6601604963.01-02,3,Leipzig DC,6601604963,6601604963,13.15,2026-09-17 00:00:00,2026-09-19 00:00:00
Yes,EHM Equip,Central Monitoring Software License 10-Bed,6601610808.01-01,12,Herrsching DC,6601610808,6601610808,5.96,2026-09-21 00:00:00,2026-09-18 00:00:00
Yes,ACI ICCA,Anesthesia Gas Module Standard 5-Gas,6601614182.01-01,3,Boeblingen DC,6601614182,6601614182,9.64,2026-09-03 00:00:00,2026-09-01 00:00:00
Yes,ACI ICCA,Infusion Pump IP-300 Compact,6601614182.01-02,5,Boeblingen DC,6601614182,6601614182,19.26,2026-09-03 00:00:00,2026-09-01 00:00:00
Yes,ACI ICCA,Calibration Kit Standard,6601614182.01-03,5,Boeblingen DC,6601614182,6601614182,4.03,2026-09-03 00:00:00,2026-09-01 00:00:00
Yes,ACI ICCA,Temperature Probe Skin,6601615343.01-01,11,Herrsching DC,6601615343,6601615343,12.49,2026-10-05 00:00:00,2026-10-02 00:00:00
Yes,Next-Gen Acute Care Monitoring,Defibrillator Pad Set Training,6601615838.01-01,1,Leipzig DC,6601615838,6601615838,25.87,2026-09-27 00:00:00,2026-10-02 00:00:00
Yes,ACI Clinical Integ. & Insights,ECG Lead Set 12-wire Diagnostic,6601616891.01-01,6,Hamburg DC,6601616891,6601616891,23.78,2026-09-05 00:00:00,2026-09-03 00:00:00
Yes,ACI Clinical Integ. & Insights,Central Station Display 32in Curved,6601616891.01-02,5,Hamburg DC,6601616891,6601616891,38.37,2026-09-05 00:00:00,2026-09-03 00:00:00
Yes,ACI Clinical Integ. & Insights,SpO2 Sensor Finger Clip,6601616891.01-03,7,Hamburg DC,6601616891,6601616891,30.7,2026-09-05 00:00:00,2026-09-03 00:00:00
Yes,EHM Equip,ECG Lead Set 5-wire Reusable,6601618012.01-01,11,Hamburg DC,6601618012,6601618012,3.33,2026-09-27 00:00:00,2026-09-26 00:00:00
Yes,EHM Equip,NIBP Cuff Set Pediatric,6601618012.01-02,3,Hamburg DC,6601618012,6601618012,9.97,2026-09-27 00:00:00,2026-09-26 00:00:00
Yes,EHM Equip,Patient Monitor Gateway X1,6601618012.01-03,7,Hamburg DC,6601618012,6601618012,31.99,2026-09-27 00:00:00,2026-09-26 00:00:00
Yes,EHM Equip,Multi-Param Sensor Module MP-3 Compact,6601618381.01-01,3,Herrsching DC,6601618381,6601618381,9.33,2026-09-23 00:00:00,2026-09-29 00:00:00
Yes,EHM Equip,NIBP Cuff Set Adult,6601618381.01-02,3,Herrsching DC,6601618381,6601618381,48.71,2026-09-23 00:00:00,2026-09-29 00:00:00
Yes,EHM Equip,Central Station Display 24in,6601618381.01-03,8,Herrsching DC,6601618381,6601618381,48.3,2026-09-23 00:00:00,2026-09-29 00:00:00
Yes,ACI Clinical Integ. & Insights,Central Station Display 32in Curved,6601618978.01-01,3,Leipzig DC,6601618978,6601618978,12.26,2026-08-30 00:00:00,2026-09-03 00:00:00
Yes,EHM Equip,Multi-Param Sensor Module MP-5,6601619319.01-01,7,Herrsching DC,6601619319,6601619319,13.71,2026-08-24 00:00:00,2026-08-27 00:00:00
Yes,EHM Equip,Infusion Pump Docking Station Single Bay,6601619319.01-02,2,Herrsching DC,6601619319,6601619319,38.83,2026-08-24 00:00:00,2026-08-27 00:00:00
Yes,Speciality Monitoring,Service Cart Mobile Locking,6601624077.01-01,12,Hamburg DC,6601624077,6601624077,26.07,2026-08-30 00:00:00,2026-09-05 00:00:00
Yes,Speciality Monitoring,NIBP Cuff Set Neonatal,6601624077.01-02,1,Hamburg DC,6601624077,6601624077,5.66,2026-08-30 00:00:00,2026-09-05 00:00:00
Yes,Speciality Monitoring,Bedside Monitor Mount Rolling Stand,6601624077.01-03,4,Hamburg DC,6601624077,6601624077,22.23,2026-08-30 00:00:00,2026-09-05 00:00:00
Yes,Clinical Measurements,SpO2 Sensor Reusable Pediatric,6601625352.01-01,5,Hamburg DC,6601625352,6601625352,28.82,2026-10-01 00:00:00,2026-10-02 00:00:00
Yes,Clinical Measurements,Patient Monitor Gateway X1 Pro,6601625352.01-02,5,Hamburg DC,6601625352,6601625352,46.84,2026-10-01 00:00:00,2026-10-02 00:00:00
Yes,Clinical Measurements,Vital Signs Monitor V100 Compact,6601625910.01-01,9,Herrsching DC,6601625910,6601625910,33.56,2026-08-20 00:00:00,2026-08-23 00:00:00
Yes,Clinical Measurements,Anesthesia Gas Module Compact 3-Gas,6601625910.01-02,5,Herrsching DC,6601625910,6601625910,63.12,2026-08-20 00:00:00,2026-08-23 00:00:00
Yes,ACI ICCA,Telemetry Transmitter T3 Mini,6601627413.01-01,5,Leipzig DC,6601627413,6601627413,30.62,2026-09-14 00:00:00,2026-09-16 00:00:00
Yes,ACI ICCA,Multi-Param Sensor Module MP-5,6601627413.01-02,2,Leipzig DC,6601627413,6601627413,50.78,2026-09-14 00:00:00,2026-09-16 00:00:00
Yes,Clinical Measurements,Defibrillator Pad Set Adult,6601632977.01-01,10,Herrsching DC,6601632977,6601632977,57.53,2026-10-12 00:00:00,2026-10-18 00:00:00
Yes,EHM Equip,Vital Signs Monitor V200,6601633753.01-01,9,Hamburg DC,6601633753,6601633753,96.11,2026-08-16 00:00:00,2026-08-23 00:00:00
Yes,Clinical Measurements,Bedside Monitor Mount Wall Arm,6601634741.01-01,6,Boeblingen DC,6601634741,6601634741,47.38,2026-09-15 00:00:00,2026-09-15 00:00:00
Yes,Clinical Measurements,Ventilator Circuit Kit Neonatal,6601634741.01-02,3,Boeblingen DC,6601634741,6601634741,67.32,2026-09-15 00:00:00,2026-09-15 00:00:00
Yes,Clinical Measurements,Vital Signs Monitor V300 Wall Mount,6601634741.01-03,1,Boeblingen DC,6601634741,6601634741,37.29,2026-09-15 00:00:00,2026-09-15 00:00:00
Yes,EHM Equip,Temperature Probe Skin,6601636077.01-01,9,Boeblingen DC,6601636077,6601636077,3.68,2026-08-30 00:00:00,2026-08-31 00:00:00
Yes,ACI Clinical Integ. & Insights,NIBP Cuff Set Pediatric,6601636579.01-01,1,Hamburg DC,6601636579,6601636579,15.74,2026-10-04 00:00:00,2026-10-08 00:00:00
Yes,ACI Clinical Integ. & Insights,Battery Pack BP-08 Compact,6601636579.01-02,3,Hamburg DC,6601636579,6601636579,5.96,2026-10-04 00:00:00,2026-10-08 00:00:00
Yes,ACI Clinical Integ. & Insights,Ventilator Circuit Kit Neonatal,6601636579.01-03,4,Hamburg DC,6601636579,6601636579,41.53,2026-10-04 00:00:00,2026-10-08 00:00:00
Yes,ACI Clinical Integ. & Insights,Battery Pack BP-08 Compact,6601637078.01-01,1,Boeblingen DC,6601637078,6601637078,11.08,2026-08-19 00:00:00,2026-08-20 00:00:00
Yes,ACI Clinical Integ. & Insights,Patient Monitor Gateway X2 Wireless,6601637078.01-02,7,Boeblingen DC,6601637078,6601637078,130.36,2026-08-19 00:00:00,2026-08-20 00:00:00
Yes,EHM Equip,Patient Cable SpO2 Extension 2m,6601637705.01-01,1,Hamburg DC,6601637705,6601637705,9.94,2026-09-18 00:00:00,2026-09-16 00:00:00
Yes,EHM Equip,NIBP Cuff Set Pediatric,6601637705.01-02,12,Hamburg DC,6601637705,6601637705,23.14,2026-09-18 00:00:00,2026-09-16 00:00:00
Yes,EHM Equip,Battery Pack BP-08 Compact,6601637705.01-03,5,Hamburg DC,6601637705,6601637705,23.12,2026-09-18 00:00:00,2026-09-16 00:00:00
Yes,EHM Equip,Bedside Monitor Mount Wall Arm,6601638772.01-01,6,Herrsching DC,6601638772,6601638772,37.22,2026-09-28 00:00:00,2026-09-26 00:00:00
Yes,ACI ICCA,Patient Monitor Gateway X2 Wireless,6601640023.01-01,7,Herrsching DC,6601640023,6601640023,7.42,2026-08-19 00:00:00,2026-08-16 00:00:00
Yes,EHM Equip,Telemetry Transmitter T3 Mini,6601641729.01-01,7,Leipzig DC,6601641729,6601641729,26.76,2026-09-06 00:00:00,2026-09-04 00:00:00
Yes,EHM Equip,Battery Pack BP-24 Extended,6601644518.01-01,6,Hamburg DC,6601644518,6601644518,21.54,2026-08-20 00:00:00,2026-08-25 00:00:00
Yes,EHM Equip,Infusion Pump Docking Station Triple Bay,6601644518.01-02,3,Hamburg DC,6601644518,6601644518,32.85,2026-08-20 00:00:00,2026-08-25 00:00:00
Yes,EHM Equip,Patient Monitor Gateway X1,6601645676.01-01,6,Leipzig DC,6601645676,6601645676,15.59,2026-09-14 00:00:00,2026-09-11 00:00:00
Yes,EHM Equip,Patient Monitor Gateway X1 Pro,6601645676.01-02,6,Leipzig DC,6601645676,6601645676,34.98,2026-09-14 00:00:00,2026-09-11 00:00:00
Yes,EHM Equip,ECG Lead Set 3-wire,6601645676.01-03,3,Leipzig DC,6601645676,6601645676,7.03,2026-09-14 00:00:00,2026-09-11 00:00:00
Yes,EHM Equip,Infusion Pump IP-500,6601645676.01-04,11,Leipzig DC,6601645676,6601645676,26.64,2026-09-14 00:00:00,2026-09-11 00:00:00
Yes,ACI Clinical Integ. & Insights,Wall Mount Arm Dual Monitor,6601646072.01-01,9,Leipzig DC,6601646072,6601646072,60.16,2026-08-11 00:00:00,2026-08-15 00:00:00
Yes,ACI Clinical Integ. & Insights,Vital Signs Monitor V100 Compact,6601646072.01-02,3,Leipzig DC,6601646072,6601646072,35.63,2026-08-11 00:00:00,2026-08-15 00:00:00
Yes,Clinical Measurements,Infusion Pump IP-500,6601646318.01-01,1,Hamburg DC,6601646318,6601646318,49.53,2026-09-19 00:00:00,2026-09-22 00:00:00
Yes,EHM Equip,Infusion Pump Docking Station Single Bay,6601646640.01-01,5,Leipzig DC,6601646640,6601646640,77.22,2026-08-30 00:00:00,2026-09-06 00:00:00
Yes,EHM Equip,Ultrasound Probe Cardiac P4,6601646640.01-02,4,Leipzig DC,6601646640,6601646640,53.71,2026-08-30 00:00:00,2026-09-06 00:00:00
Yes,EHM Equip,Infusion Pump IP-500,6601656473.01-01,4,Hamburg DC,6601656473,6601656473,69.04,2026-09-04 00:00:00,2026-09-07 00:00:00
Yes,EHM Equip,Vital Signs Monitor V200 Cart Mount,6601656473.01-02,9,Hamburg DC,6601656473,6601656473,83.4,2026-09-04 00:00:00,2026-09-07 00:00:00
Yes,EHM Equip,Patient Cable ECG 5-lead 3m,6601657599.01-01,8,Boeblingen DC,6601657599,6601657599,15.91,2026-10-01 00:00:00,2026-10-08 00:00:00
Yes,Clinical Measurements,Telemetry Transmitter T5 Dual-Channel,6601658030.01-01,9,Boeblingen DC,6601658030,6601658030,76.66,2026-10-14 00:00:00,2026-10-16 00:00:00
Yes,EHM Equip,Multi-Param Sensor Module MP-5,6601658155.01-01,4,Leipzig DC,6601658155,6601658155,19.83,2026-09-11 00:00:00,2026-09-17 00:00:00
Yes,EHM Equip,ECG Lead Set 12-wire Diagnostic,6601658155.01-02,12,Leipzig DC,6601658155,6601658155,22.79,2026-09-11 00:00:00,2026-09-17 00:00:00
Yes,Clinical Measurements,Vital Signs Monitor V300 Touch,6601660326.01-01,3,Boeblingen DC,6601660326,6601660326,40.25,2026-09-28 00:00:00,2026-10-03 00:00:00
Yes,Clinical Measurements,Multi-Param Sensor Module MP-5,6601660326.01-02,1,Boeblingen DC,6601660326,6601660326,35.44,2026-09-28 00:00:00,2026-10-03 00:00:00
Yes,Clinical Measurements,SpO2 Sensor Reusable Pediatric,6601660326.01-03,8,Boeblingen DC,6601660326,6601660326,26.32,2026-09-28 00:00:00,2026-10-03 00:00:00
Yes,Speciality Monitoring,Telemetry Transmitter T3 Mini,6601663185.01-01,2,Leipzig DC,6601663185,6601663185,13.59,2026-09-05 00:00:00,2026-09-08 00:00:00
Yes,Speciality Monitoring,Patient Cable SpO2 Extension 2m,6601663185.01-02,8,Leipzig DC,6601663185,6601663185,19.2,2026-09-05 00:00:00,2026-09-08 00:00:00
Yes,Speciality Monitoring,SpO2 Sensor Finger Clip,6601663185.01-03,10,Leipzig DC,6601663185,6601663185,15.02,2026-09-05 00:00:00,2026-09-08 00:00:00
Yes,Clinical Measurements,Service Cart Mobile Standard,6601664213.01-01,4,Herrsching DC,6601664213,6601664213,26.8,2026-09-22 00:00:00,2026-09-20 00:00:00
Yes,EHM Equip,Calibration Kit Standard,6601665111.01-01,1,Herrsching DC,6601665111,6601665111,30.74,2026-09-05 00:00:00,2026-09-08 00:00:00
Yes,EHM Equip,Patient Cable NIBP Hose 2.5m,6601666402.01-01,4,Herrsching DC,6601666402,6601666402,31.16,2026-08-20 00:00:00,2026-08-23 00:00:00
Yes,EHM Equip,Bedside Monitor Mount Wall Arm,6601666402.01-02,11,Herrsching DC,6601666402,6601666402,36.07,2026-08-20 00:00:00,2026-08-23 00:00:00
Yes,EHM Equip,Infusion Pump Docking Station Triple Bay,6601666402.01-03,5,Herrsching DC,6601666402,6601666402,21.12,2026-08-20 00:00:00,2026-08-23 00:00:00
Yes,EHM Equip,Infusion Pump Docking Station Single Bay,6601672153.01-01,7,Boeblingen DC,6601672153,6601672153,11.24,2026-10-06 00:00:00,2026-10-05 00:00:00
Yes,Clinical Measurements,ECG Lead Set 3-wire,6601675690.01-01,1,Boeblingen DC,6601675690,6601675690,26.75,2026-09-04 00:00:00,2026-09-11 00:00:00
Yes,EHM Equip,ECG Lead Set 3-wire,6601676019.01-01,1,Boeblingen DC,6601676019,6601676019,58.45,2026-09-03 00:00:00,2026-09-02 00:00:00
Yes,EHM Equip,ECG Lead Set 5-wire Reusable,6601676019.01-02,9,Boeblingen DC,6601676019,6601676019,12.53,2026-09-03 00:00:00,2026-09-02 00:00:00
Yes,EHM Equip,Telemetry Transmitter T3 Mini,6601678949.01-01,1,Herrsching DC,6601678949,6601678949,56.77,2026-09-04 00:00:00,2026-09-07 00:00:00
Yes,EHM Equip,Bedside Monitor Mount Wall Arm,6601678949.01-02,11,Herrsching DC,6601678949,6601678949,5.94,2026-09-04 00:00:00,2026-09-07 00:00:00
Yes,EHM Equip,NIBP Cuff Set Adult,6601678949.01-03,6,Herrsching DC,6601678949,6601678949,11.05,2026-09-04 00:00:00,2026-09-07 00:00:00
Yes,EHM Equip,Vital Signs Monitor V200,6601678949.01-04,9,Herrsching DC,6601678949,6601678949,51.29,2026-09-04 00:00:00,2026-09-07 00:00:00
Yes,ACI ICCA,Patient Cable NIBP Hose 2.5m,6601679397.01-01,1,Hamburg DC,6601679397,6601679397,11.28,2026-10-02 00:00:00,2026-10-03 00:00:00
Yes,ACI ICCA,Ventilator Circuit Kit Reusable Adult,6601679397.01-02,3,Hamburg DC,6601679397,6601679397,26.25,2026-10-02 00:00:00,2026-10-03 00:00:00
Yes,Clinical Measurements,Ultrasound Probe Convex C5,6601680230.01-01,6,Boeblingen DC,6601680230,6601680230,21.08,2026-09-25 00:00:00,2026-09-30 00:00:00
Yes,Clinical Measurements,ECG Lead Set 5-wire,6601680230.01-02,5,Boeblingen DC,6601680230,6601680230,6.77,2026-09-25 00:00:00,2026-09-30 00:00:00
Yes,Next-Gen Acute Care Monitoring,Patient Monitor Gateway X2 Wireless,6601682248.01-01,10,Boeblingen DC,6601682248,6601682248,13.23,2026-08-22 00:00:00,2026-08-25 00:00:00
Yes,Next-Gen Acute Care Monitoring,Central Monitoring Software License 10-Bed,6601682248.01-02,9,Boeblingen DC,6601682248,6601682248,38.96,2026-08-22 00:00:00,2026-08-25 00:00:00
Yes,EHM Equip,ECG Lead Set 3-wire,6601683542.01-01,10,Leipzig DC,6601683542,6601683542,61.19,2026-08-16 00:00:00,2026-08-18 00:00:00
Yes,EHM Equip,Ultrasound Probe Convex C5,6601683542.01-02,7,Leipzig DC,6601683542,6601683542,55.41,2026-08-16 00:00:00,2026-08-18 00:00:00
Yes,EHM Equip,Battery Pack BP-24 Extended,6601685487.01-01,2,Leipzig DC,6601685487,6601685487,33.01,2026-09-20 00:00:00,2026-09-21 00:00:00
Yes,EHM Equip,Temperature Probe Esophageal,6601685487.01-02,6,Leipzig DC,6601685487,6601685487,14.81,2026-09-20 00:00:00,2026-09-21 00:00:00
Yes,Clinical Measurements,Bedside Monitor Mount Rolling Stand,6601686762.01-01,3,Herrsching DC,6601686762,6601686762,0.51,2026-08-20 00:00:00,2026-08-18 00:00:00
Yes,Clinical Measurements,Network Interface Card Standard,6601686762.01-02,6,Herrsching DC,6601686762,6601686762,32.36,2026-08-20 00:00:00,2026-08-18 00:00:00
Yes,EHM Equip,NIBP Cuff Set Neonatal,6601689271.01-01,12,Hamburg DC,6601689271,6601689271,12.47,2026-08-21 00:00:00,2026-08-28 00:00:00
Yes,EHM Equip,Network Interface Card Redundant Dual-Port,6601689271.01-02,10,Hamburg DC,6601689271,6601689271,9.32,2026-08-21 00:00:00,2026-08-28 00:00:00
Yes,EHM Equip,CO2 Sensor Module Mainstream,6601689300.01-01,1,Leipzig DC,6601689300,6601689300,8.32,2026-10-01 00:00:00,2026-10-08 00:00:00
Yes,ACI Clinical Integ. & Insights,Patient Monitor Gateway X1 Pro,6601690156.01-01,6,Leipzig DC,6601690156,6601690156,45.8,2026-09-27 00:00:00,2026-10-03 00:00:00
Yes,Speciality Monitoring,Central Station Display 24in,6601691894.01-01,2,Leipzig DC,6601691894,6601691894,24.71,2026-09-04 00:00:00,2026-09-04 00:00:00
Yes,Speciality Monitoring,Central Station Display 32in Curved,6601691894.01-02,4,Leipzig DC,6601691894,6601691894,16.97,2026-09-04 00:00:00,2026-09-04 00:00:00
Yes,ACI ICCA,Multi-Param Sensor Module MP-8 Plus,6601693038.01-01,4,Herrsching DC,6601693038,6601693038,42.49,2026-09-27 00:00:00,2026-09-30 00:00:00
Yes,ACI Clinical Integ. & Insights,Ultrasound Probe Cardiac P4,6601693542.01-01,6,Herrsching DC,6601693542,6601693542,28.74,2026-08-30 00:00:00,2026-08-28 00:00:00
Yes,ACI Clinical Integ. & Insights,Printer Module PM-3 Thermal,6601693542.01-02,1,Herrsching DC,6601693542,6601693542,20.82,2026-08-30 00:00:00,2026-08-28 00:00:00
Yes,Clinical Measurements,Defibrillator Pad Set Adult,6601695711.01-01,2,Boeblingen DC,6601695711,6601695711,55.73,2026-09-10 00:00:00,2026-09-11 00:00:00
Yes,EHM Equip,SpO2 Sensor Finger Clip,6601699381.01-01,6,Herrsching DC,6601699381,6601699381,15.16,2026-08-17 00:00:00,2026-08-20 00:00:00
Yes,EHM Equip,CO2 Sensor Module Sidestream,6601699381.01-02,1,Herrsching DC,6601699381,6601699381,33.45,2026-08-17 00:00:00,2026-08-20 00:00:00
Yes,EHM Equip,Ventilator Circuit Kit Reusable Adult,6601699381.01-03,8,Herrsching DC,6601699381,6601699381,62.5,2026-08-17 00:00:00,2026-08-20 00:00:00
Yes,ACI ICCA,Patient Monitor Gateway X1,6601699522.01-01,3,Herrsching DC,6601699522,6601699522,74.98,2026-10-03 00:00:00,2026-09-30 00:00:00