Project ID MP1 Reference,Shipment ID,"Sub shipment, delivery line, product code","Sub shipment, delivery line, description","Sub shipment, delivery line, Quantity picked",Pickup city,Pickup country,Delivery city,Delivery country,"Leg 1, Pickup Planned (date)","Leg 1, Pickup Planned (time)","Leg 1, Pickup Actual (date)","Leg 1, Pickup Actual (time)","Leg 1, Hub Arrival (date)","Leg 1, Hub Arrival (time)","Leg n, Delivery Actual (date)","Leg n, Delivery Actual (time)","Leg n, Transport Mode","Leg 1, Carrier Name"
6601187494,52205481,6601187494.01-01,Network Interface Card Standard,2,Los Angeles,US,Herrsching DC,DE,2026-07-28,00:00:00,2026-07-29,00:00:00,2026-08-03,00:00:00,2026-08-15,00:00:00,Air,Meridian Air Cargo
6601520383,57252897,6601520383.01-01,Infusion Pump Docking Station Single Bay,2,Shenzhen,CN,Hamburg DC,DE,2026-09-01,00:00:00,2026-07-29,00:00:00,2026-08-06,00:00:00,2026-08-27,00:00:00,Ocean,HubLine Cargo
6601395260,58268346,6601395260.01-01,SpO2 Sensor Finger Clip,6,Chicago,US,Leipzig DC,DE,2026-08-30,00:00:00,2026-08-11,00:00:00,2026-08-15,00:00:00,2026-08-25,00:00:00,Air,HubLine Cargo
6601395260,58268346,6601395260.01-02,Battery Pack BP-24 Extended,10,Chicago,US,Leipzig DC,DE,2026-08-30,00:00:00,2026-08-11,00:00:00,2026-08-15,00:00:00,2026-08-25,00:00:00,Air,HubLine Cargo
6601395260,58268346,6601395260.01-03,Battery Pack BP-08 Compact,3,Chicago,US,Leipzig DC,DE,2026-08-30,00:00:00,2026-08-11,00:00:00,2026-08-15,00:00:00,2026-08-25,00:00:00,Air,HubLine Cargo
6601395260,58268346,6601395260.01-04,NIBP Cuff Set Adult,10,Chicago,US,Leipzig DC,DE,2026-08-30,00:00:00,2026-08-11,00:00:00,2026-08-15,00:00:00,2026-08-25,00:00:00,Air,HubLine Cargo
6601230553,55147794,6601230553.01-01,Anesthesia Gas Module Compact 3-Gas,7,Miami,US,Herrsching DC,DE,2026-09-16,00:00:00,,,,,,,Air,Blue Anchor Shipping
6601108154,51381994,6601108154.01-01,Calibration Kit Advanced Diagnostic,12,Milan,IT,Hamburg DC,DE,2026-08-14,00:00:00,2026-08-15,00:00:00,2026-08-16,00:00:00,2026-08-19,00:00:00,Road,HubLine Cargo
6600817948,56705324,6600817948.01-01,Multi-Param Sensor Module MP-8 Plus,4,Chicago,US,Herrsching DC,DE,2026-08-29,00:00:00,,,,,,,Air,Meridian Air Cargo
6601443780,50932140,6601443780.01-01,Calibration Kit Advanced Diagnostic,7,Antwerp,BE,Leipzig DC,DE,2026-09-20,00:00:00,2026-08-31,00:00:00,2026-09-01,00:00:00,,,Road,Blue Anchor Shipping
6601443780,50932140,6601443780.01-02,ECG Lead Set 5-wire,12,Antwerp,BE,Leipzig DC,DE,2026-09-20,00:00:00,2026-08-31,00:00:00,2026-09-01,00:00:00,,,Road,Blue Anchor Shipping
6601388822,58308697,6601388822.01-01,Service Cart Mobile Locking,9,Bratislava,SK,Herrsching DC,DE,2026-09-28,00:00:00,,,,,,,Road,HubLine Cargo
6601388822,58308697,6601388822.01-02,SpO2 Sensor Reusable Adult,1,Bratislava,SK,Herrsching DC,DE,2026-09-28,00:00:00,,,,,,,Road,HubLine Cargo
6601624077,52769867,6601624077.01-01,Service Cart Mobile Locking,12,Hamburg,DE,Hamburg DC,DE,2026-08-29,00:00:00,2026-08-28,00:00:00,2026-08-29,00:00:00,2026-08-29,00:00:00,Road,Meridian Air Cargo
6601624077,52769867,6601624077.01-02,NIBP Cuff Set Neonatal,1,Hamburg,DE,Hamburg DC,DE,2026-08-29,00:00:00,2026-08-28,00:00:00,2026-08-29,00:00:00,2026-08-29,00:00:00,Road,Meridian Air Cargo
6601624077,52769867,6601624077.01-03,Bedside Monitor Mount Rolling Stand,4,Hamburg,DE,Hamburg DC,DE,2026-08-29,00:00:00,2026-08-28,00:00:00,2026-08-29,00:00:00,2026-08-29,00:00:00,Road,Meridian Air Cargo
6600878827,57905533,6600878827.01-01,Wall Mount Arm Single Monitor,11,Los Angeles,US,Hamburg DC,DE,2026-09-20,00:00:00,2026-08-14,00:00:00,2026-08-19,00:00:00,2026-08-29,00:00:00,Air,Meridian Air Cargo
6600878827,57905533,6600878827.01-02,Patient Cable ECG 5-lead 3m,11,Los Angeles,US,Hamburg DC,DE,2026-09-20,00:00:00,2026-08-14,00:00:00,2026-08-19,00:00:00,2026-08-29,00:00:00,Air,Meridian Air Cargo
6601476755,58908211,6601476755.01-01,Infusion Pump Docking Station Triple Bay,11,Bratislava,SK,Hamburg DC,DE,2026-09-21,00:00:00,2026-08-22,00:00:00,2026-08-23,00:00:00,2026-08-25,00:00:00,Road,HubLine Cargo
6601172521,55345358,6601172521.01-01,Wall Mount Arm Single Monitor,1,Shanghai,CN,Herrsching DC,DE,2026-08-14,00:00:00,2026-08-16,00:00:00,2026-08-25,00:00:00,,,Ocean,HubLine Cargo
6601172521,55345358,6601172521.01-02,Infusion Pump IP-300 Compact,10,Shanghai,CN,Herrsching DC,DE,2026-08-14,00:00:00,2026-08-16,00:00:00,2026-08-25,00:00:00,,,Ocean,HubLine Cargo
6601172521,55345358,6601172521.01-03,Central Station Display 32in Curved,4,Shanghai,CN,Herrsching DC,DE,2026-08-14,00:00:00,2026-08-16,00:00:00,2026-08-25,00:00:00,,,Ocean,HubLine Cargo
6601416755,55899054,6601416755.01-01,Central Station Display 32in Curved,7,Bratislava,SK,Leipzig DC,DE,2026-10-05,00:00:00,,,,,,,Road,Meridian Air Cargo
6601472113,55211523,6601472113.01-01,Anesthesia Gas Module Compact 3-Gas,5,Rotterdam,NL,Hamburg DC,DE,2026-08-10,00:00:00,2026-08-11,00:00:00,2026-08-12,00:00:00,2026-08-15,00:00:00,Road,Blue Anchor Shipping
"66,011,499,106,601,100,000",54244584,6601149910.01-01,Infusion Pump IP-300 Compact,5,Antwerp,BE,Leipzig DC,DE,2026-08-23,00:00:00,2026-08-23,00:00:00,2026-08-24,00:00:00,2026-08-26,00:00:00,Road,EuroCargo Express
"6601149910,6601192858",54244584,6601192858.01-01,Patient Monitor Gateway X1 Pro,4,Antwerp,BE,Leipzig DC,DE,2026-08-23,00:00:00,2026-08-23,00:00:00,2026-08-24,00:00:00,2026-08-26,00:00:00,Road,EuroCargo Express
6600956091,57898163,6600956091.01-01,Ultrasound Probe Convex C5,5,Antwerp,BE,Hamburg DC,DE,2026-08-31,00:00:00,,,,,,,Road,EuroCargo Express
"6601584010,6600800950",54659998,6600800950.01-01,Ultrasound Probe Cardiac P4,9,Rotterdam,NL,Herrsching DC,DE,2026-08-18,00:00:00,2026-08-18,00:00:00,2026-08-19,00:00:00,,,Road,Meridian Air Cargo
"6601584010,6600800950",54659998,6600800950.01-02,Temperature Probe Skin,4,Rotterdam,NL,Herrsching DC,DE,2026-08-18,00:00:00,2026-08-18,00:00:00,2026-08-19,00:00:00,,,Road,Meridian Air Cargo
"6601584010,6600800950",54659998,6601584010.01-01,CO2 Sensor Module Sidestream,11,Rotterdam,NL,Herrsching DC,DE,2026-08-18,00:00:00,2026-08-18,00:00:00,2026-08-19,00:00:00,,,Road,Meridian Air Cargo
"6601584010,6600800950",54659998,6601584010.01-02,Patient Monitor Gateway X1 Pro,11,Rotterdam,NL,Herrsching DC,DE,2026-08-18,00:00:00,2026-08-18,00:00:00,2026-08-19,00:00:00,,,Road,Meridian Air Cargo
6601030985,52236296,6601030985.01-01,Temperature Probe Skin,11,Rotterdam,NL,Boeblingen DC,DE,2026-09-28,00:00:00,,,,,,,Road,EuroCargo Express
6601362813,53060519,6601362813.01-01,Bedside Monitor Mount Wall Arm,8,Milan,IT,Boeblingen DC,DE,2026-09-18,00:00:00,2026-08-30,00:00:00,2026-08-31,00:00:00,,,Road,NorthStar Freight
6601362813,53060519,6601362813.01-02,NIBP Cuff Set Pediatric,8,Milan,IT,Boeblingen DC,DE,2026-09-18,00:00:00,2026-08-30,00:00:00,2026-08-31,00:00:00,,,Road,NorthStar Freight
6601400106,55341322,6601400106.01-01,Central Monitoring Software License 10-Bed,8,Miami,US,Hamburg DC,DE,2026-08-19,00:00:00,,,,,,,Air,Meridian Air Cargo
"6601406726,6601328164",59435943,6601328164.01-01,Bedside Monitor Mount Wall Arm,10,Milan,IT,Hamburg DC,DE,2026-08-09,00:00:00,2026-08-09,00:00:00,2026-08-10,00:00:00,2026-08-12,00:00:00,Road,HubLine Cargo
"6601406726,6601328164",59435943,6601406726.01-01,Central Station Display 27in,1,Milan,IT,Hamburg DC,DE,2026-08-09,00:00:00,2026-08-09,00:00:00,2026-08-10,00:00:00,2026-08-12,00:00:00,Road,HubLine Cargo
6601102270,57583543,6601102270.01-01,Battery Pack BP-12,11,Chicago,US,Herrsching DC,DE,2026-08-31,00:00:00,2026-08-30,00:00:00,2026-09-03,00:00:00,,,Air,Blue Anchor Shipping
6601102270,57583543,6601102270.01-02,Multi-Param Sensor Module MP-5,4,Chicago,US,Herrsching DC,DE,2026-08-31,00:00:00,2026-08-30,00:00:00,2026-09-03,00:00:00,,,Air,Blue Anchor Shipping
6601506491,58835476,6601506491.01-01,Multi-Param Sensor Module MP-8 Plus,2,Singapore,SG,Boeblingen DC,DE,2026-08-17,00:00:00,2026-08-18,00:00:00,2026-08-26,00:00:00,,,Ocean,Blue Anchor Shipping
6601506491,58835476,6601506491.01-02,Central Monitoring Software License 10-Bed,11,Singapore,SG,Boeblingen DC,DE,2026-08-17,00:00:00,2026-08-18,00:00:00,2026-08-26,00:00:00,,,Ocean,Blue Anchor Shipping
6601506491,58835476,6601506491.01-03,Vital Signs Monitor V100 Compact,3,Singapore,SG,Boeblingen DC,DE,2026-08-17,00:00:00,2026-08-18,00:00:00,2026-08-26,00:00:00,,,Ocean,Blue Anchor Shipping
6601506491,58835476,6601506491.01-04,Patient Monitor Gateway X2 Wireless,7,Singapore,SG,Boeblingen DC,DE,2026-08-17,00:00:00,2026-08-18,00:00:00,2026-08-26,00:00:00,,,Ocean,Blue Anchor Shipping
"6600981712,6601135182",51416301,6600981712.01-01,Network Interface Card Redundant Dual-Port,1,Warsaw,PL,Herrsching DC,DE,2026-08-22,00:00:00,,,,,,,Road,Blue Anchor Shipping
"6600981712,6601135182",51416301,6601135182.01-01,Ultrasound Probe Convex C5,11,Warsaw,PL,Herrsching DC,DE,2026-08-22,00:00:00,,,,,,,Road,Blue Anchor Shipping
"6600981712,6601135182",51416301,6601135182.01-02,Ventilator Circuit Kit Adult,3,Warsaw,PL,Herrsching DC,DE,2026-08-22,00:00:00,,,,,,,Road,Blue Anchor Shipping
6601014093,58426331,6601014093.01-01,Network Interface Card Redundant Dual-Port,9,Los Angeles,US,Boeblingen DC,DE,2026-09-13,00:00:00,,,,,,,Air,HubLine Cargo
6601014093,58426331,6601014093.01-02,Calibration Kit Advanced Diagnostic,5,Los Angeles,US,Boeblingen DC,DE,2026-09-13,00:00:00,,,,,,,Air,HubLine Cargo
6600998104,53011342,6600998104.01-01,Central Station Display 32in Curved,9,Warsaw,PL,Leipzig DC,DE,2026-09-19,00:00:00,,,,,,,Road,SwiftHaul GmbH
6600998104,53011342,6600998104.01-02,SpO2 Sensor Finger Clip,3,Warsaw,PL,Leipzig DC,DE,2026-09-19,00:00:00,,,,,,,Road,SwiftHaul GmbH
6600998104,53011342,6600998104.01-03,Vital Signs Monitor V300 Touch,5,Warsaw,PL,Leipzig DC,DE,2026-09-19,00:00:00,,,,,,,Road,SwiftHaul GmbH
6600998104,53011342,6600998104.01-04,ECG Lead Set 5-wire Reusable,10,Warsaw,PL,Leipzig DC,DE,2026-09-19,00:00:00,,,,,,,Road,SwiftHaul GmbH
"6601299075,6601530570",57734845,6601299075.01-01,NIBP Cuff Set Adult Long,12,Rotterdam,NL,Boeblingen DC,DE,2026-09-23,00:00:00,,,,,,,Road,Meridian Air Cargo
"6601299075,6601530570",57734845,6601299075.01-02,Ventilator Circuit Kit Reusable Adult,4,Rotterdam,NL,Boeblingen DC,DE,2026-09-23,00:00:00,,,,,,,Road,Meridian Air Cargo
"6601299075,6601530570",57734845,6601530570.01-01,ECG Lead Set 12-wire Diagnostic,6,Rotterdam,NL,Boeblingen DC,DE,2026-09-23,00:00:00,,,,,,,Road,Meridian Air Cargo
6601056150,56096029,6601056150.01-01,Ventilator Circuit Kit Neonatal,11,Warsaw,PL,Herrsching DC,DE,2026-09-29,00:00:00,2026-08-17,00:00:00,2026-08-18,00:00:00,2026-08-20,00:00:00,Road,Meridian Air Cargo
6601056150,56096029,6601056150.01-02,Patient Cable NIBP Hose 2.5m,1,Warsaw,PL,Herrsching DC,DE,2026-09-29,00:00:00,2026-08-17,00:00:00,2026-08-18,00:00:00,2026-08-20,00:00:00,Road,Meridian Air Cargo
6601056150,56096029,6601056150.01-03,SpO2 Sensor Disposable Adult,3,Warsaw,PL,Herrsching DC,DE,2026-09-29,00:00:00,2026-08-17,00:00:00,2026-08-18,00:00:00,2026-08-20,00:00:00,Road,Meridian Air Cargo
6601150574,59408294,6601150574.01-01,Telemetry Transmitter T3,12,Miami,US,Herrsching DC,DE,2026-08-04,00:00:00,,,,,,,Air,Meridian Air Cargo
6601150574,59408294,6601150574.01-02,Patient Monitor Gateway X1,7,Miami,US,Herrsching DC,DE,2026-08-04,00:00:00,,,,,,,Air,Meridian Air Cargo
6601251278,57127381,6601251278.01-01,Ultrasound Probe Cardiac P4,9,Shanghai,CN,Herrsching DC,DE,2026-08-22,00:00:00,2026-07-26,00:00:00,2026-08-04,00:00:00,2026-08-26,00:00:00,Ocean,Meridian Air Cargo
6601251278,57127381,6601251278.01-02,Anesthesia Gas Module Compact 3-Gas,4,Shanghai,CN,Herrsching DC,DE,2026-08-22,00:00:00,2026-07-26,00:00:00,2026-08-04,00:00:00,2026-08-26,00:00:00,Ocean,Meridian Air Cargo
6601251278,57127381,6601251278.01-03,Ultrasound Probe Convex C5,2,Shanghai,CN,Herrsching DC,DE,2026-08-22,00:00:00,2026-07-26,00:00:00,2026-08-04,00:00:00,2026-08-26,00:00:00,Ocean,Meridian Air Cargo
6601021215,51459250,6601021215.01-01,Infusion Pump IP-300 Compact,5,Warsaw,PL,Herrsching DC,DE,2026-08-22,00:00:00,2026-08-22,00:00:00,2026-08-23,00:00:00,,,Road,EuroCargo Express
6601021215,51459250,6601021215.01-02,Bedside Monitor Mount Rail Mount,2,Warsaw,PL,Herrsching DC,DE,2026-08-22,00:00:00,2026-08-22,00:00:00,2026-08-23,00:00:00,,,Road,EuroCargo Express
6600979887,59827029,6600979887.01-01,Ultrasound Probe Linear L12,6,Rotterdam,NL,Herrsching DC,DE,2026-08-14,00:00:00,,,,,,,Road,Blue Anchor Shipping
6601306386,56127449,6601306386.01-01,Central Station Display 27in,6,Warsaw,PL,Herrsching DC,DE,2026-09-25,00:00:00,,,,,,,Road,Meridian Air Cargo
6601306386,56127449,6601306386.01-02,Telemetry Transmitter T3,12,Warsaw,PL,Herrsching DC,DE,2026-09-25,00:00:00,,,,,,,Road,Meridian Air Cargo
6601306386,56127449,6601306386.01-03,Battery Pack BP-12,4,Warsaw,PL,Herrsching DC,DE,2026-09-25,00:00:00,,,,,,,Road,Meridian Air Cargo
"6601344175,6601246341",54758513,6601246341.01-01,Service Cart Mobile Standard,1,Los Angeles,US,Leipzig DC,DE,2026-07-30,00:00:00,2026-07-29,00:00:00,2026-08-03,00:00:00,2026-08-18,00:00:00,Air,Meridian Air Cargo
"6601344175,6601246341",54758513,6601344175.01-01,Ventilator Circuit Kit Neonatal,10,Los Angeles,US,Leipzig DC,DE,2026-07-30,00:00:00,2026-07-29,00:00:00,2026-08-03,00:00:00,2026-08-18,00:00:00,Air,Meridian Air Cargo
"6601344175,6601246341",54758513,6601344175.01-02,SpO2 Sensor Reusable Adult,10,Los Angeles,US,Leipzig DC,DE,2026-07-30,00:00:00,2026-07-29,00:00:00,2026-08-03,00:00:00,2026-08-18,00:00:00,Air,Meridian Air Cargo
"6601344175,6601246341",54758513,6601344175.01-03,SpO2 Sensor Disposable Adult,5,Los Angeles,US,Leipzig DC,DE,2026-07-30,00:00:00,2026-07-29,00:00:00,2026-08-03,00:00:00,2026-08-18,00:00:00,Air,Meridian Air Cargo
6600854950,55211557,6600854950.01-01,NIBP Cuff Set Neonatal,10,Chicago,US,Herrsching DC,DE,2026-09-15,00:00:00,2026-08-10,00:00:00,2026-08-14,00:00:00,2026-08-24,00:00:00,Air,Meridian Air Cargo
6601580871,58493971,6601580871.01-01,ECG Lead Set 5-wire,6,Antwerp,BE,Boeblingen DC,DE,2026-08-29,00:00:00,2026-08-26,00:00:00,2026-08-27,00:00:00,2026-09-01,00:00:00,Road,Meridian Air Cargo
6600890118,53745922,6600890118.01-01,Network Interface Card Redundant Dual-Port,8,Milan,IT,Hamburg DC,DE,2026-10-05,00:00:00,2026-08-31,00:00:00,2026-09-01,00:00:00,,,Road,HubLine Cargo
6600890118,53745922,6600890118.01-02,ECG Lead Set 3-wire,8,Milan,IT,Hamburg DC,DE,2026-10-05,00:00:00,2026-08-31,00:00:00,2026-09-01,00:00:00,,,Road,HubLine Cargo
6600890118,53745922,6600890118.01-03,Patient Cable NIBP Hose 2.5m,6,Milan,IT,Hamburg DC,DE,2026-10-05,00:00:00,2026-08-31,00:00:00,2026-09-01,00:00:00,,,Road,HubLine Cargo
6600977017,57247995,6600977017.01-01,Infusion Pump IP-300 Compact,12,Chicago,US,Leipzig DC,DE,2026-08-03,00:00:00,,,,,,,Air,Blue Anchor Shipping
6601676019,54044679,6601676019.01-01,ECG Lead Set 3-wire,1,Rotterdam,NL,Boeblingen DC,DE,2026-08-30,00:00:00,2026-08-20,00:00:00,2026-08-21,00:00:00,2026-08-24,00:00:00,Road,HubLine Cargo
6601676019,54044679,6601676019.01-02,ECG Lead Set 5-wire Reusable,9,Rotterdam,NL,Boeblingen DC,DE,2026-08-30,00:00:00,2026-08-20,00:00:00,2026-08-21,00:00:00,2026-08-24,00:00:00,Road,HubLine Cargo
6601192859,57957855,6601192859.01-01,Printer Module PM-3,5,Rotterdam,NL,Leipzig DC,DE,2026-10-05,00:00:00,2026-08-31,00:00:00,2026-09-01,00:00:00,,,Road,Meridian Air Cargo
6600766268,56220408,6600766268.01-01,NIBP Cuff Set Adult,3,Chicago,US,Hamburg DC,DE,2026-08-04,00:00:00,2026-08-03,00:00:00,2026-08-07,00:00:00,2026-08-16,00:00:00,Air,Meridian Air Cargo
6600766268,56220408,6600766268.01-02,Temperature Probe Skin,6,Chicago,US,Hamburg DC,DE,2026-08-04,00:00:00,2026-08-03,00:00:00,2026-08-07,00:00:00,2026-08-16,00:00:00,Air,Meridian Air Cargo
6601690156,50011395,6601690156.01-01,Patient Monitor Gateway X1 Pro,6,Antwerp,BE,Leipzig DC,DE,2026-09-24,00:00:00,,,,,,,Road,EuroCargo Express
6600870723,55792737,6600870723.01-01,CO2 Sensor Module Sidestream,6,Milan,IT,Leipzig DC,DE,2026-08-16,00:00:00,,,,,,,Road,SwiftHaul GmbH
6600870723,55792737,6600870723.01-02,SpO2 Sensor Disposable Adult,8,Milan,IT,Leipzig DC,DE,2026-08-16,00:00:00,,,,,,,Road,SwiftHaul GmbH
6600870723,55792737,6600870723.01-03,Infusion Pump Docking Station Single Bay,11,Milan,IT,Leipzig DC,DE,2026-08-16,00:00:00,,,,,,,Road,SwiftHaul GmbH
6600870723,55792737,6600870723.01-04,Vital Signs Monitor V300 Touch,3,Milan,IT,Leipzig DC,DE,2026-08-16,00:00:00,,,,,,,Road,SwiftHaul GmbH
6601067567,55264204,6601067567.01-01,Multi-Param Sensor Module MP-5,12,Rotterdam,NL,Hamburg DC,DE,2026-09-07,00:00:00,2026-08-24,00:00:00,2026-08-25,00:00:00,2026-08-27,00:00:00,Road,HubLine Cargo
6601291390,53818306,6601291390.01-01,NIBP Cuff Set Pediatric,2,Rotterdam,NL,Herrsching DC,DE,2026-08-10,00:00:00,2026-08-10,00:00:00,2026-08-11,00:00:00,2026-08-16,00:00:00,Road,EuroCargo Express
6601291390,53818306,6601291390.01-02,SpO2 Sensor Reusable Pediatric,7,Rotterdam,NL,Herrsching DC,DE,2026-08-10,00:00:00,2026-08-10,00:00:00,2026-08-11,00:00:00,2026-08-16,00:00:00,Road,EuroCargo Express
6601291390,53818306,6601291390.01-03,Ultrasound Probe Cardiac P4,10,Rotterdam,NL,Herrsching DC,DE,2026-08-10,00:00:00,2026-08-10,00:00:00,2026-08-11,00:00:00,2026-08-16,00:00:00,Road,EuroCargo Express
6601429726,55403390,6601429726.01-01,Printer Module PM-3 Thermal,11,Singapore,SG,Leipzig DC,DE,2026-08-01,00:00:00,,,,,,,Ocean,HubLine Cargo
6601465736,51813972,6601465736.01-01,NIBP Cuff Set Adult Long,5,Hamburg,DE,Hamburg DC,DE,2026-09-30,00:00:00,,,,,,,Road,EuroCargo Express
6601465736,51813972,6601465736.01-02,Ultrasound Probe Cardiac P4,8,Hamburg,DE,Hamburg DC,DE,2026-09-30,00:00:00,,,,,,,Road,EuroCargo Express
6601181009,51019129,6601181009.01-01,Calibration Kit Advanced Diagnostic,2,Los Angeles,US,Boeblingen DC,DE,2026-08-02,00:00:00,2026-07-31,00:00:00,2026-08-05,00:00:00,,,Air,Blue Anchor Shipping
6601181009,51019129,6601181009.01-02,NIBP Cuff Set Adult,3,Los Angeles,US,Boeblingen DC,DE,2026-08-02,00:00:00,2026-07-31,00:00:00,2026-08-05,00:00:00,,,Air,Blue Anchor Shipping
6601139707,51465755,6601139707.01-01,Defibrillator Pad Set Training,6,Warsaw,PL,Hamburg DC,DE,2026-10-01,00:00:00,2026-08-24,00:00:00,2026-08-25,00:00:00,2026-08-26,00:00:00,Road,SwiftHaul GmbH
6601139707,51465755,6601139707.01-02,Infusion Pump IP-700 Dual,9,Warsaw,PL,Hamburg DC,DE,2026-10-01,00:00:00,2026-08-24,00:00:00,2026-08-25,00:00:00,2026-08-26,00:00:00,Road,SwiftHaul GmbH
6601566668,54589697,6601566668.01-01,Calibration Kit Standard,9,Lyon,FR,Herrsching DC,DE,2026-08-27,00:00:00,2026-08-27,00:00:00,2026-08-28,00:00:00,,,Road,Meridian Air Cargo
6601490052,55434460,6601490052.01-01,SpO2 Sensor Reusable Adult,7,Chicago,US,Hamburg DC,DE,2026-09-25,00:00:00,2026-08-14,00:00:00,2026-08-18,00:00:00,2026-08-25,00:00:00,Air,Blue Anchor Shipping
6601490052,55434460,6601490052.01-02,Network Interface Card Standard,5,Chicago,US,Hamburg DC,DE,2026-09-25,00:00:00,2026-08-14,00:00:00,2026-08-18,00:00:00,2026-08-25,00:00:00,Air,Blue Anchor Shipping
"6601474227,6601675690",59474563,6601474227.01-01,ECG Lead Set 5-wire Reusable,9,Chicago,US,Leipzig DC,DE,2026-08-22,00:00:00,,,,,,,Air,Meridian Air Cargo
"6601474227,6601675690",59474563,6601675690.01-01,ECG Lead Set 3-wire,1,Chicago,US,Leipzig DC,DE,2026-08-22,00:00:00,,,,,,,Air,Meridian Air Cargo
6601441896,51048175,6601441896.01-01,Calibration Kit Advanced Diagnostic,5,Singapore,SG,Herrsching DC,DE,2026-08-22,00:00:00,2026-07-27,00:00:00,2026-08-04,00:00:00,2026-08-21,00:00:00,Ocean,Meridian Air Cargo
6601441896,51048175,6601441896.01-02,Bedside Monitor Mount Rolling Stand,8,Singapore,SG,Herrsching DC,DE,2026-08-22,00:00:00,2026-07-27,00:00:00,2026-08-04,00:00:00,2026-08-21,00:00:00,Ocean,Meridian Air Cargo
6601246153,53666279,6601246153.01-01,Multi-Param Sensor Module MP-3 Compact,8,Milan,IT,Boeblingen DC,DE,2026-09-13,00:00:00,,,,,,,Road,SwiftHaul GmbH
6601246153,53666279,6601246153.01-02,Vital Signs Monitor V200,12,Milan,IT,Boeblingen DC,DE,2026-09-13,00:00:00,,,,,,,Road,SwiftHaul GmbH
"6601646640,6601148126",53220454,6601148126.01-01,Vital Signs Monitor V300 Touch,12,Warsaw,PL,Leipzig DC,DE,2026-08-17,00:00:00,2026-08-17,00:00:00,2026-08-18,00:00:00,,,Road,SwiftHaul GmbH
"6601646640,6601148126",53220454,6601148126.01-02,Infusion Pump Docking Station Single Bay,8,Warsaw,PL,Leipzig DC,DE,2026-08-17,00:00:00,2026-08-17,00:00:00,2026-08-18,00:00:00,,,Road,SwiftHaul GmbH
"6601646640,6601148126",53220454,6601646640.01-01,Infusion Pump Docking Station Single Bay,5,Warsaw,PL,Leipzig DC,DE,2026-08-17,00:00:00,2026-08-17,00:00:00,2026-08-18,00:00:00,,,Road,SwiftHaul GmbH
"6601646640,6601148126",53220454,6601646640.01-02,Ultrasound Probe Cardiac P4,4,Warsaw,PL,Leipzig DC,DE,2026-08-17,00:00:00,2026-08-17,00:00:00,2026-08-18,00:00:00,,,Road,SwiftHaul GmbH
6600846126,59975325,6600846126.01-01,Central Monitoring Software License 10-Bed,3,Shenzhen,CN,Herrsching DC,DE,2026-07-27,00:00:00,2026-07-27,00:00:00,2026-08-05,00:00:00,,,Ocean,Blue Anchor Shipping
6600846126,59975325,6600846126.01-02,Battery Pack BP-12,1,Shenzhen,CN,Herrsching DC,DE,2026-07-27,00:00:00,2026-07-27,00:00:00,2026-08-05,00:00:00,,,Ocean,Blue Anchor Shipping
6600846126,59975325,6600846126.01-03,Vital Signs Monitor V100 Compact,9,Shenzhen,CN,Herrsching DC,DE,2026-07-27,00:00:00,2026-07-27,00:00:00,2026-08-05,00:00:00,,,Ocean,Blue Anchor Shipping
6600805669,50278627,6600805669.01-01,Printer Module PM-3,1,Shanghai,CN,Leipzig DC,DE,2026-08-05,00:00:00,2026-08-03,00:00:00,2026-08-11,00:00:00,2026-08-28,00:00:00,Ocean,HubLine Cargo
6600805669,50278627,6600805669.01-02,Vital Signs Monitor V300 Touch,9,Shanghai,CN,Leipzig DC,DE,2026-08-05,00:00:00,2026-08-03,00:00:00,2026-08-11,00:00:00,2026-08-28,00:00:00,Ocean,HubLine Cargo
6600805669,50278627,6600805669.01-03,Temperature Probe Esophageal,2,Shanghai,CN,Leipzig DC,DE,2026-08-05,00:00:00,2026-08-03,00:00:00,2026-08-11,00:00:00,2026-08-28,00:00:00,Ocean,HubLine Cargo
6601166990,56590866,6601166990.01-01,SpO2 Sensor Reusable Pediatric,2,Rotterdam,NL,Hamburg DC,DE,2026-09-27,00:00:00,,,,,,,Road,Blue Anchor Shipping
6600793401,58844540,6600793401.01-01,Bedside Monitor Mount Wall Arm,6,Hamburg,DE,Leipzig DC,DE,2026-09-01,00:00:00,,,,,,,Road,SwiftHaul GmbH
6600793401,58844540,6600793401.01-02,Multi-Param Sensor Module MP-3 Compact,5,Hamburg,DE,Leipzig DC,DE,2026-09-01,00:00:00,,,,,,,Road,SwiftHaul GmbH
6600793401,58844540,6600793401.01-03,Anesthesia Gas Module Standard 5-Gas,6,Hamburg,DE,Leipzig DC,DE,2026-09-01,00:00:00,,,,,,,Road,SwiftHaul GmbH
6601371532,51080873,6601371532.01-01,Telemetry Transmitter T5 Dual-Channel,6,Shanghai,CN,Leipzig DC,DE,2026-08-24,00:00:00,,,,,,,Ocean,Blue Anchor Shipping
6601371532,51080873,6601371532.01-02,Central Monitoring Software License 20-Bed,4,Shanghai,CN,Leipzig DC,DE,2026-08-24,00:00:00,,,,,,,Ocean,Blue Anchor Shipping
"6601239784,6600757754",50911318,6600757754.01-01,Central Monitoring Software License 20-Bed,9,Los Angeles,US,Herrsching DC,DE,2026-08-04,00:00:00,2026-08-04,00:00:00,2026-08-09,00:00:00,2026-08-23,00:00:00,Air,HubLine Cargo
"6601239784,6600757754",50911318,6600757754.01-02,Vital Signs Monitor V200 Cart Mount,6,Los Angeles,US,Herrsching DC,DE,2026-08-04,00:00:00,2026-08-04,00:00:00,2026-08-09,00:00:00,2026-08-23,00:00:00,Air,HubLine Cargo
"6601239784,6600757754",50911318,6601239784.01-01,Patient Cable SpO2 Extension 2m,7,Los Angeles,US,Herrsching DC,DE,2026-08-04,00:00:00,2026-08-04,00:00:00,2026-08-09,00:00:00,2026-08-23,00:00:00,Air,HubLine Cargo
"6601239784,6600757754",50911318,6601239784.01-02,Anesthesia Gas Module Compact 3-Gas,8,Los Angeles,US,Herrsching DC,DE,2026-08-04,00:00:00,2026-08-04,00:00:00,2026-08-09,00:00:00,2026-08-23,00:00:00,Air,HubLine Cargo
6601054934,59479013,6601054934.01-01,Central Station Display 27in,11,Bratislava,SK,Leipzig DC,DE,2026-08-08,00:00:00,,,,,,,Road,SwiftHaul GmbH
6601054934,59479013,6601054934.01-02,NIBP Cuff Set Pediatric,5,Bratislava,SK,Leipzig DC,DE,2026-08-08,00:00:00,,,,,,,Road,SwiftHaul GmbH
6601116380,55013537,6601116380.01-01,Infusion Pump IP-300 Compact,4,Miami,US,Leipzig DC,DE,2026-08-11,00:00:00,2026-08-11,00:00:00,2026-08-16,00:00:00,,,Air,HubLine Cargo
6600828296,55437345,6600828296.01-01,Patient Cable ECG 5-lead 3m,4,Antwerp,BE,Boeblingen DC,DE,2026-08-29,00:00:00,2026-08-21,00:00:00,2026-08-22,00:00:00,2026-08-25,00:00:00,Road,HubLine Cargo
6600828296,55437345,6600828296.01-02,Vital Signs Monitor V200 Cart Mount,6,Antwerp,BE,Boeblingen DC,DE,2026-08-29,00:00:00,2026-08-21,00:00:00,2026-08-22,00:00:00,2026-08-25,00:00:00,Road,HubLine Cargo
6600761956,52758478,6600761956.01-01,Multi-Param Sensor Module MP-3 Compact,5,Bratislava,SK,Boeblingen DC,DE,2026-09-16,00:00:00,,,,,,,Road,Blue Anchor Shipping
6601604963,58606302,6601604963.01-01,Infusion Pump IP-700 Dual,11,Warsaw,PL,Leipzig DC,DE,2026-09-15,00:00:00,,,,,,,Road,HubLine Cargo
6601604963,58606302,6601604963.01-02,SpO2 Sensor Disposable Adult,3,Warsaw,PL,Leipzig DC,DE,2026-09-15,00:00:00,,,,,,,Road,HubLine Cargo
6601228436,54102430,6601228436.01-01,Calibration Kit Standard,11,Rotterdam,NL,Herrsching DC,DE,2026-09-20,00:00:00,,,,,,,Road,HubLine Cargo
6601228436,54102430,6601228436.01-02,NIBP Cuff Set Adult Long,6,Rotterdam,NL,Herrsching DC,DE,2026-09-20,00:00:00,,,,,,,Road,HubLine Cargo
6601228436,54102430,6601228436.01-03,Patient Monitor Gateway X1 Pro,1,Rotterdam,NL,Herrsching DC,DE,2026-09-20,00:00:00,,,,,,,Road,HubLine Cargo
6601351969,57496418,6601351969.01-01,Patient Monitor Gateway X1 Pro,9,Lyon,FR,Hamburg DC,DE,2026-08-09,00:00:00,,,,,,,Road,SwiftHaul GmbH
6601535515,59228298,6601535515.01-01,Patient Monitor Gateway X1 Pro,9,Hamburg,DE,Leipzig DC,DE,2026-09-23,00:00:00,2026-08-24,00:00:00,2026-08-25,00:00:00,2026-08-26,00:00:00,Road,SwiftHaul GmbH
6601535515,59228298,6601535515.01-02,Infusion Pump IP-500,2,Hamburg,DE,Leipzig DC,DE,2026-09-23,00:00:00,2026-08-24,00:00:00,2026-08-25,00:00:00,2026-08-26,00:00:00,Road,SwiftHaul GmbH
6601535515,59228298,6601535515.01-03,NIBP Cuff Set Neonatal,3,Hamburg,DE,Leipzig DC,DE,2026-09-23,00:00:00,2026-08-24,00:00:00,2026-08-25,00:00:00,2026-08-26,00:00:00,Road,SwiftHaul GmbH
6601312919,53226066,6601312919.01-01,CO2 Sensor Module Sidestream,6,Singapore,SG,Hamburg DC,DE,2026-09-19,00:00:00,2026-08-07,00:00:00,2026-08-14,00:00:00,2026-08-31,00:00:00,Ocean,SwiftHaul GmbH
6601615343,54832015,6601615343.01-01,Temperature Probe Skin,11,Bratislava,SK,Herrsching DC,DE,2026-10-03,00:00:00,,,,,,,Road,HubLine Cargo
6601263080,52508532,6601263080.01-01,CO2 Sensor Module Mainstream,6,Rotterdam,NL,Hamburg DC,DE,2026-10-01,00:00:00,2026-08-21,00:00:00,2026-08-22,00:00:00,2026-08-22,00:00:00,Road,HubLine Cargo
6601263080,52508532,6601263080.01-02,Defibrillator Pad Set Training,8,Rotterdam,NL,Hamburg DC,DE,2026-10-01,00:00:00,2026-08-21,00:00:00,2026-08-22,00:00:00,2026-08-22,00:00:00,Road,HubLine Cargo
6601222080,52189068,6601222080.01-01,Vital Signs Monitor V300 Wall Mount,8,Rotterdam,NL,Leipzig DC,DE,2026-10-01,00:00:00,2026-08-22,00:00:00,2026-08-23,00:00:00,2026-08-25,00:00:00,Road,Meridian Air Cargo
6601222080,52189068,6601222080.01-02,Defibrillator Pad Set Adult,12,Rotterdam,NL,Leipzig DC,DE,2026-10-01,00:00:00,2026-08-22,00:00:00,2026-08-23,00:00:00,2026-08-25,00:00:00,Road,Meridian Air Cargo
6601222080,52189068,6601222080.01-03,Patient Cable NIBP Hose 2.5m,1,Rotterdam,NL,Leipzig DC,DE,2026-10-01,00:00:00,2026-08-22,00:00:00,2026-08-23,00:00:00,2026-08-25,00:00:00,Road,Meridian Air Cargo
6601222080,52189068,6601222080.01-04,Infusion Pump IP-500,4,Rotterdam,NL,Leipzig DC,DE,2026-10-01,00:00:00,2026-08-22,00:00:00,2026-08-23,00:00:00,2026-08-25,00:00:00,Road,Meridian Air Cargo
6600979164,51222541,6600979164.01-01,CO2 Sensor Module Mainstream,5,Los Angeles,US,Herrsching DC,DE,2026-09-19,00:00:00,2026-08-04,00:00:00,2026-08-09,00:00:00,2026-08-21,00:00:00,Air,EuroCargo Express
"6600853093,6601245093",54462388,6600853093.01-01,Defibrillator Pad Set Training,8,Rotterdam,NL,Leipzig DC,DE,2026-08-30,00:00:00,,,,,,,Road,Meridian Air Cargo
"6600853093,6601245093",54462388,6600853093.01-02,NIBP Cuff Set Pediatric,9,Rotterdam,NL,Leipzig DC,DE,2026-08-30,00:00:00,,,,,,,Road,Meridian Air Cargo
"6600853093,6601245093",54462388,6601245093.01-01,Infusion Pump IP-500,1,Rotterdam,NL,Leipzig DC,DE,2026-08-30,00:00:00,,,,,,,Road,Meridian Air Cargo
"6600853093,6601245093",54462388,6601245093.01-02,Battery Pack BP-24 Extended,10,Rotterdam,NL,Leipzig DC,DE,2026-08-30,00:00:00,,,,,,,Road,Meridian Air Cargo
"6601095492,6601119228",53122335,6601095492.01-01,Patient Cable NIBP Hose 2.5m,9,Shanghai,CN,Leipzig DC,DE,2026-07-17,00:00:00,,,,,,,Ocean,Meridian Air Cargo
"6601095492,6601119228",53122335,6601095492.01-02,Patient Monitor Gateway X1,5,Shanghai,CN,Leipzig DC,DE,2026-07-17,00:00:00,,,,,,,Ocean,Meridian Air Cargo
"6601095492,6601119228",53122335,6601119228.01-01,Battery Pack BP-12,3,Shanghai,CN,Leipzig DC,DE,2026-07-17,00:00:00,,,,,,,Ocean,Meridian Air Cargo
"6601095492,6601119228",53122335,6601119228.01-02,Infusion Pump IP-700 Dual,3,Shanghai,CN,Leipzig DC,DE,2026-07-17,00:00:00,,,,,,,Ocean,Meridian Air Cargo
6601013556,52018587,6601013556.01-01,Infusion Pump IP-700 Dual,4,Rotterdam,NL,Boeblingen DC,DE,2026-10-07,00:00:00,,,,,,,Road,EuroCargo Express
6601013556,52018587,6601013556.01-02,Bedside Monitor Mount Rolling Stand,8,Rotterdam,NL,Boeblingen DC,DE,2026-10-07,00:00:00,,,,,,,Road,EuroCargo Express
6600712833,57822200,6600712833.01-01,Bedside Monitor Mount Wall Arm,2,Los Angeles,US,Leipzig DC,DE,2026-08-29,00:00:00,,,,,,,Air,Meridian Air Cargo
6601378744,57394574,6601378744.01-01,NIBP Cuff Set Adult Long,1,Antwerp,BE,Boeblingen DC,DE,2026-09-17,00:00:00,,,,,,,Road,Meridian Air Cargo
6601378744,57394574,6601378744.01-02,Vital Signs Monitor V300 Touch,4,Antwerp,BE,Boeblingen DC,DE,2026-09-17,00:00:00,,,,,,,Road,Meridian Air Cargo
6601378744,57394574,6601378744.01-03,SpO2 Sensor Reusable Pediatric,12,Antwerp,BE,Boeblingen DC,DE,2026-09-17,00:00:00,,,,,,,Road,Meridian Air Cargo
6601225522,59452860,6601225522.01-01,Multi-Param Sensor Module MP-8 Plus,2,Lyon,FR,Herrsching DC,DE,2026-09-22,00:00:00,,,,,,,Road,EuroCargo Express
6601225522,59452860,6601225522.01-02,Central Monitoring Software License 40-Bed Enterprise,2,Lyon,FR,Herrsching DC,DE,2026-09-22,00:00:00,,,,,,,Road,EuroCargo Express
6601589202,52899074,6601589202.01-01,Anesthesia Gas Module Compact 3-Gas,1,Rotterdam,NL,Leipzig DC,DE,2026-10-04,00:00:00,2026-08-26,00:00:00,2026-08-27,00:00:00,2026-08-29,00:00:00,Road,SwiftHaul GmbH
6601589202,52899074,6601589202.01-02,Calibration Kit Standard,1,Rotterdam,NL,Leipzig DC,DE,2026-10-04,00:00:00,2026-08-26,00:00:00,2026-08-27,00:00:00,2026-08-29,00:00:00,Road,SwiftHaul GmbH
6601589202,52899074,6601589202.01-03,Anesthesia Gas Module Standard 5-Gas,5,Rotterdam,NL,Leipzig DC,DE,2026-10-04,00:00:00,2026-08-26,00:00:00,2026-08-27,00:00:00,2026-08-29,00:00:00,Road,SwiftHaul GmbH
"6601625910,6601502439",52840335,6601502439.01-01,Patient Cable NIBP Hose 2.5m,6,Warsaw,PL,Herrsching DC,DE,2026-08-16,00:00:00,,,,,,,Road,Meridian Air Cargo
"6601625910,6601502439",52840335,6601502439.01-02,Ultrasound Probe Convex C5,1,Warsaw,PL,Herrsching DC,DE,2026-08-16,00:00:00,,,,,,,Road,Meridian Air Cargo
"6601625910,6601502439",52840335,6601625910.01-01,Vital Signs Monitor V100 Compact,9,Warsaw,PL,Herrsching DC,DE,2026-08-16,00:00:00,,,,,,,Road,Meridian Air Cargo
"6601625910,6601502439",52840335,6601625910.01-02,Anesthesia Gas Module Compact 3-Gas,5,Warsaw,PL,Herrsching DC,DE,2026-08-16,00:00:00,,,,,,,Road,Meridian Air Cargo
6600730290,57725283,6600730290.01-01,Temperature Probe Esophageal,6,Milan,IT,Hamburg DC,DE,2026-08-29,00:00:00,2026-08-31,00:00:00,2026-09-01,00:00:00,,,Road,SwiftHaul GmbH
6601255889,58769921,6601255889.01-01,Ventilator Circuit Kit Neonatal,10,Singapore,SG,Herrsching DC,DE,2026-09-09,00:00:00,2026-07-28,00:00:00,2026-08-05,00:00:00,2026-08-24,00:00:00,Ocean,NorthStar Freight
6601258107,57762183,6601258107.01-01,ECG Lead Set 5-wire,4,Los Angeles,US,Leipzig DC,DE,2026-08-05,00:00:00,2026-08-11,00:00:00,2026-08-16,00:00:00,,,Air,HubLine Cargo
6601273673,54083779,6601273673.01-01,NIBP Cuff Set Thigh,3,Bratislava,SK,Herrsching DC,DE,2026-08-09,00:00:00,2026-08-10,00:00:00,2026-08-11,00:00:00,2026-08-12,00:00:00,Road,Meridian Air Cargo
6601273673,54083779,6601273673.01-02,Battery Pack BP-12,9,Bratislava,SK,Herrsching DC,DE,2026-08-09,00:00:00,2026-08-10,00:00:00,2026-08-11,00:00:00,2026-08-12,00:00:00,Road,Meridian Air Cargo
6601273673,54083779,6601273673.01-03,Patient Monitor Gateway X1,10,Bratislava,SK,Herrsching DC,DE,2026-08-09,00:00:00,2026-08-10,00:00:00,2026-08-11,00:00:00,2026-08-12,00:00:00,Road,Meridian Air Cargo
6601276956,55255273,6601276956.01-01,NIBP Cuff Set Adult Long,3,Bratislava,SK,Leipzig DC,DE,2026-08-17,00:00:00,2026-08-17,00:00:00,2026-08-18,00:00:00,,,Road,EuroCargo Express
6601276956,55255273,6601276956.01-02,Ultrasound Probe Convex C5,12,Bratislava,SK,Leipzig DC,DE,2026-08-17,00:00:00,2026-08-17,00:00:00,2026-08-18,00:00:00,,,Road,EuroCargo Express
6601276956,55255273,6601276956.01-03,Temperature Probe Esophageal,7,Bratislava,SK,Leipzig DC,DE,2026-08-17,00:00:00,2026-08-17,00:00:00,2026-08-18,00:00:00,,,Road,EuroCargo Express
6601693038,53009602,6601693038.01-01,Multi-Param Sensor Module MP-8 Plus,4,Milan,IT,Herrsching DC,DE,2026-09-24,00:00:00,2026-08-18,00:00:00,2026-08-19,00:00:00,2026-08-21,00:00:00,Road,Blue Anchor Shipping
6601437266,56666887,6601437266.01-01,NIBP Cuff Set Adult Long,4,Bratislava,SK,Herrsching DC,DE,2026-08-14,00:00:00,,,,,,,Road,SwiftHaul GmbH
6601437266,56666887,6601437266.01-02,Printer Module PM-3,9,Bratislava,SK,Herrsching DC,DE,2026-08-14,00:00:00,,,,,,,Road,SwiftHaul GmbH
6601437266,56666887,6601437266.01-03,CO2 Sensor Module Mainstream,4,Bratislava,SK,Herrsching DC,DE,2026-08-14,00:00:00,,,,,,,Road,SwiftHaul GmbH
6601359332,53042538,6601359332.01-01,Vital Signs Monitor V200,1,Antwerp,BE,Hamburg DC,DE,2026-10-09,00:00:00,2026-08-20,00:00:00,2026-08-21,00:00:00,2026-08-22,00:00:00,Road,SwiftHaul GmbH
6601359332,53042538,6601359332.01-02,Defibrillator Pad Set Training,12,Antwerp,BE,Hamburg DC,DE,2026-10-09,00:00:00,2026-08-20,00:00:00,2026-08-21,00:00:00,2026-08-22,00:00:00,Road,SwiftHaul GmbH
6601359332,53042538,6601359332.01-03,Vital Signs Monitor V100 Compact,7,Antwerp,BE,Hamburg DC,DE,2026-10-09,00:00:00,2026-08-20,00:00:00,2026-08-21,00:00:00,2026-08-22,00:00:00,Road,SwiftHaul GmbH
6601359332,53042538,6601359332.01-04,Temperature Probe Esophageal,1,Antwerp,BE,Hamburg DC,DE,2026-10-09,00:00:00,2026-08-20,00:00:00,2026-08-21,00:00:00,2026-08-22,00:00:00,Road,SwiftHaul GmbH
6601100215,54844905,6601100215.01-01,CO2 Sensor Module Sidestream,11,Warsaw,PL,Boeblingen DC,DE,2026-09-28,00:00:00,,,,,,,Road,NorthStar Freight
6601100215,54844905,6601100215.01-02,Vital Signs Monitor V100 Compact,4,Warsaw,PL,Boeblingen DC,DE,2026-09-28,00:00:00,,,,,,,Road,NorthStar Freight
6601315265,54453233,6601315265.01-01,Infusion Pump IP-300 Compact,4,Shanghai,CN,Herrsching DC,DE,2026-08-02,00:00:00,2026-08-01,00:00:00,2026-08-10,00:00:00,2026-09-01,00:00:00,Ocean,Meridian Air Cargo
6601315265,54453233,6601315265.01-02,Vital Signs Monitor V300 Touch,6,Shanghai,CN,Herrsching DC,DE,2026-08-02,00:00:00,2026-08-01,00:00:00,2026-08-10,00:00:00,2026-09-01,00:00:00,Ocean,Meridian Air Cargo
6600877487,59884495,6600877487.01-01,Defibrillator Pad Set Adult,4,Shanghai,CN,Herrsching DC,DE,2026-08-28,00:00:00,,,,,,,Ocean,EuroCargo Express
6600877487,59884495,6600877487.01-02,Patient Cable SpO2 Extension 2m,9,Shanghai,CN,Herrsching DC,DE,2026-08-28,00:00:00,,,,,,,Ocean,EuroCargo Express
"6601509655,6601610808",58143690,6601509655.01-01,Ventilator Circuit Kit Reusable Adult,1,Rotterdam,NL,Boeblingen DC,DE,2026-08-31,00:00:00,2026-08-31,00:00:00,2026-09-01,00:00:00,,,Road,SwiftHaul GmbH
"6601509655,6601610808",58143690,6601509655.01-02,ECG Lead Set 12-wire Diagnostic,5,Rotterdam,NL,Boeblingen DC,DE,2026-08-31,00:00:00,2026-08-31,00:00:00,2026-09-01,00:00:00,,,Road,SwiftHaul GmbH
"6601509655,6601610808",58143690,6601610808.01-01,Central Monitoring Software License 10-Bed,12,Rotterdam,NL,Boeblingen DC,DE,2026-08-31,00:00:00,2026-08-31,00:00:00,2026-09-01,00:00:00,,,Road,SwiftHaul GmbH
6601689271,59004628,6601689271.01-01,NIBP Cuff Set Neonatal,12,Hamburg,DE,Hamburg DC,DE,2026-08-20,00:00:00,2026-08-20,00:00:00,2026-08-21,00:00:00,2026-08-21,00:00:00,Road,Meridian Air Cargo
6601689271,59004628,6601689271.01-02,Network Interface Card Redundant Dual-Port,10,Hamburg,DE,Hamburg DC,DE,2026-08-20,00:00:00,2026-08-20,00:00:00,2026-08-21,00:00:00,2026-08-21,00:00:00,Road,Meridian Air Cargo
6600926206,59033489,6600926206.01-01,Defibrillator Pad Set Pediatric,4,Chicago,US,Boeblingen DC,DE,2026-08-30,00:00:00,2026-08-31,00:00:00,2026-09-04,00:00:00,,,Air,Blue Anchor Shipping
6600802065,53201054,6600802065.01-01,Network Interface Card Redundant Dual-Port,4,Chicago,US,Boeblingen DC,DE,2026-08-16,00:00:00,2026-08-09,00:00:00,2026-08-13,00:00:00,2026-08-23,00:00:00,Air,HubLine Cargo
6600802065,53201054,6600802065.01-02,Telemetry Transmitter T5 Dual-Channel,11,Chicago,US,Boeblingen DC,DE,2026-08-16,00:00:00,2026-08-09,00:00:00,2026-08-13,00:00:00,2026-08-23,00:00:00,Air,HubLine Cargo
6600802065,53201054,6600802065.01-03,Ventilator Circuit Kit Reusable Adult,4,Chicago,US,Boeblingen DC,DE,2026-08-16,00:00:00,2026-08-09,00:00:00,2026-08-13,00:00:00,2026-08-23,00:00:00,Air,HubLine Cargo
6600802065,53201054,6600802065.01-04,CO2 Sensor Module Mainstream,6,Chicago,US,Boeblingen DC,DE,2026-08-16,00:00:00,2026-08-09,00:00:00,2026-08-13,00:00:00,2026-08-23,00:00:00,Air,HubLine Cargo
"6601142632,6601604612",52284861,6601142632.01-01,Anesthesia Gas Module Compact 3-Gas,1,Shenzhen,CN,Herrsching DC,DE,2026-08-17,00:00:00,2026-07-30,00:00:00,2026-08-08,00:00:00,2026-08-27,00:00:00,Ocean,Meridian Air Cargo
"6601142632,6601604612",52284861,6601142632.01-02,CO2 Sensor Module Sidestream,5,Shenzhen,CN,Herrsching DC,DE,2026-08-17,00:00:00,2026-07-30,00:00:00,2026-08-08,00:00:00,2026-08-27,00:00:00,Ocean,Meridian Air Cargo
"6601142632,6601604612",52284861,6601142632.01-03,Central Station Display 27in,2,Shenzhen,CN,Herrsching DC,DE,2026-08-17,00:00:00,2026-07-30,00:00:00,2026-08-08,00:00:00,2026-08-27,00:00:00,Ocean,Meridian Air Cargo
"6601142632,6601604612",52284861,6601142632.01-04,Calibration Kit Advanced Diagnostic,11,Shenzhen,CN,Herrsching DC,DE,2026-08-17,00:00:00,2026-07-30,00:00:00,2026-08-08,00:00:00,2026-08-27,00:00:00,Ocean,Meridian Air Cargo
"6601142632,6601604612",52284861,6601604612.01-01,Patient Monitor Gateway X1 Pro,8,Shenzhen,CN,Herrsching DC,DE,2026-08-17,00:00:00,2026-07-30,00:00:00,2026-08-08,00:00:00,2026-08-27,00:00:00,Ocean,Meridian Air Cargo
"6601142632,6601604612",52284861,6601604612.01-02,Service Cart Mobile Standard,7,Shenzhen,CN,Herrsching DC,DE,2026-08-17,00:00:00,2026-07-30,00:00:00,2026-08-08,00:00:00,2026-08-27,00:00:00,Ocean,Meridian Air Cargo
"6601142632,6601604612",52284861,6601604612.01-03,Temperature Probe Esophageal,8,Shenzhen,CN,Herrsching DC,DE,2026-08-17,00:00:00,2026-07-30,00:00:00,2026-08-08,00:00:00,2026-08-27,00:00:00,Ocean,Meridian Air Cargo
"6601142632,6601604612",52284861,6601604612.01-04,Multi-Param Sensor Module MP-8 Plus,4,Shenzhen,CN,Herrsching DC,DE,2026-08-17,00:00:00,2026-07-30,00:00:00,2026-08-08,00:00:00,2026-08-27,00:00:00,Ocean,Meridian Air Cargo
6601427539,55579642,6601427539.01-01,Calibration Kit Standard,11,Chicago,US,Herrsching DC,DE,2026-08-31,00:00:00,2026-08-12,00:00:00,2026-08-16,00:00:00,2026-08-30,00:00:00,Air,EuroCargo Express
6601132535,51600450,6601132535.01-01,ECG Lead Set 12-wire Diagnostic,3,Shenzhen,CN,Boeblingen DC,DE,2026-09-02,00:00:00,,,,,,,Ocean,SwiftHaul GmbH
6601132535,51600450,6601132535.01-02,Defibrillator Pad Set Training,12,Shenzhen,CN,Boeblingen DC,DE,2026-09-02,00:00:00,,,,,,,Ocean,SwiftHaul GmbH
6601553102,55502383,6601553102.01-01,Central Station Display 27in,7,Antwerp,BE,Boeblingen DC,DE,2026-09-20,00:00:00,2026-08-21,00:00:00,2026-08-22,00:00:00,2026-08-24,00:00:00,Road,SwiftHaul GmbH
6601553102,55502383,6601553102.01-02,Bedside Monitor Mount Wall Arm,11,Antwerp,BE,Boeblingen DC,DE,2026-09-20,00:00:00,2026-08-21,00:00:00,2026-08-22,00:00:00,2026-08-24,00:00:00,Road,SwiftHaul GmbH
6601553102,55502383,6601553102.01-03,Battery Pack BP-24 Extended,10,Antwerp,BE,Boeblingen DC,DE,2026-09-20,00:00:00,2026-08-21,00:00:00,2026-08-22,00:00:00,2026-08-24,00:00:00,Road,SwiftHaul GmbH
6600805591,58425307,6600805591.01-01,Vital Signs Monitor V200,1,Los Angeles,US,Herrsching DC,DE,2026-09-08,00:00:00,2026-08-31,00:00:00,2026-09-05,00:00:00,,,Air,HubLine Cargo
6600877249,51458959,6600877249.01-01,ECG Lead Set 12-wire Diagnostic,1,Hamburg,DE,Boeblingen DC,DE,2026-09-13,00:00:00,2026-08-30,00:00:00,2026-08-31,00:00:00,,,Road,Meridian Air Cargo
6600813603,52681878,6600813603.01-01,ECG Lead Set 12-wire Diagnostic,5,Rotterdam,NL,Leipzig DC,DE,2026-08-21,00:00:00,,,,,,,Road,EuroCargo Express
6600813603,52681878,6600813603.01-02,Central Station Display 27in,11,Rotterdam,NL,Leipzig DC,DE,2026-08-21,00:00:00,,,,,,,Road,EuroCargo Express
6601489582,54867587,6601489582.01-01,Patient Monitor Gateway X1,12,Bratislava,SK,Hamburg DC,DE,2026-08-25,00:00:00,2026-08-25,00:00:00,2026-08-26,00:00:00,,,Road,Meridian Air Cargo
6600733970,50044183,6600733970.01-01,Patient Cable SpO2 Extension 2m,5,Chicago,US,Leipzig DC,DE,2026-09-10,00:00:00,,,,,,,Air,Blue Anchor Shipping
6600733970,50044183,6600733970.01-02,ECG Lead Set 5-wire,12,Chicago,US,Leipzig DC,DE,2026-09-10,00:00:00,,,,,,,Air,Blue Anchor Shipping
6600733970,50044183,6600733970.01-03,Network Interface Card Redundant Dual-Port,8,Chicago,US,Leipzig DC,DE,2026-09-10,00:00:00,,,,,,,Air,Blue Anchor Shipping
6601249352,56125795,6601249352.01-01,Ultrasound Probe Convex C5,4,Los Angeles,US,Hamburg DC,DE,2026-08-02,00:00:00,,,,,,,Air,Meridian Air Cargo
"6601391959,6601060845",58740240,6601060845.01-01,Central Monitoring Software License 10-Bed,1,Miami,US,Hamburg DC,DE,2026-08-16,00:00:00,2026-08-17,00:00:00,2026-08-21,00:00:00,,,Air,EuroCargo Express
"6601391959,6601060845",58740240,6601060845.01-02,Bedside Monitor Mount Rolling Stand,11,Miami,US,Hamburg DC,DE,2026-08-16,00:00:00,2026-08-17,00:00:00,2026-08-21,00:00:00,,,Air,EuroCargo Express
"6601391959,6601060845",58740240,6601060845.01-03,SpO2 Sensor Disposable Adult,2,Miami,US,Hamburg DC,DE,2026-08-16,00:00:00,2026-08-17,00:00:00,2026-08-21,00:00:00,,,Air,EuroCargo Express
"6601391959,6601060845",58740240,6601391959.01-01,ECG Lead Set 5-wire Reusable,7,Miami,US,Hamburg DC,DE,2026-08-16,00:00:00,2026-08-17,00:00:00,2026-08-21,00:00:00,,,Air,EuroCargo Express
"6601391959,6601060845",58740240,6601391959.01-02,Defibrillator Pad Set Adult,9,Miami,US,Hamburg DC,DE,2026-08-16,00:00:00,2026-08-17,00:00:00,2026-08-21,00:00:00,,,Air,EuroCargo Express
6601420785,51383509,6601420785.01-01,Infusion Pump Docking Station Single Bay,10,Los Angeles,US,Herrsching DC,DE,2026-07-28,00:00:00,2026-07-28,00:00:00,2026-08-02,00:00:00,2026-08-14,00:00:00,Air,EuroCargo Express
6601420785,51383509,6601420785.01-02,Telemetry Transmitter T5 Dual-Channel,9,Los Angeles,US,Herrsching DC,DE,2026-07-28,00:00:00,2026-07-28,00:00:00,2026-08-02,00:00:00,2026-08-14,00:00:00,Air,EuroCargo Express
6601420785,51383509,6601420785.01-03,Wall Mount Arm Single Monitor,7,Los Angeles,US,Herrsching DC,DE,2026-07-28,00:00:00,2026-07-28,00:00:00,2026-08-02,00:00:00,2026-08-14,00:00:00,Air,EuroCargo Express
6601420785,51383509,6601420785.01-04,NIBP Cuff Set Thigh,10,Los Angeles,US,Herrsching DC,DE,2026-07-28,00:00:00,2026-07-28,00:00:00,2026-08-02,00:00:00,2026-08-14,00:00:00,Air,EuroCargo Express
6601433350,59294951,6601433350.01-01,Defibrillator Pad Set Adult,10,Shanghai,CN,Hamburg DC,DE,2026-08-02,00:00:00,,,,,,,Ocean,Blue Anchor Shipping
6601433350,59294951,6601433350.01-02,NIBP Cuff Set Neonatal,9,Shanghai,CN,Hamburg DC,DE,2026-08-02,00:00:00,,,,,,,Ocean,Blue Anchor Shipping
6601636579,52883750,6601636579.01-01,NIBP Cuff Set Pediatric,1,Warsaw,PL,Hamburg DC,DE,2026-10-01,00:00:00,2026-08-29,00:00:00,2026-08-30,00:00:00,,,Road,Blue Anchor Shipping
6601636579,52883750,6601636579.01-02,Battery Pack BP-08 Compact,3,Warsaw,PL,Hamburg DC,DE,2026-10-01,00:00:00,2026-08-29,00:00:00,2026-08-30,00:00:00,,,Road,Blue Anchor Shipping
6601636579,52883750,6601636579.01-03,Ventilator Circuit Kit Neonatal,4,Warsaw,PL,Hamburg DC,DE,2026-10-01,00:00:00,2026-08-29,00:00:00,2026-08-30,00:00:00,,,Road,Blue Anchor Shipping
6601216406,53721172,6601216406.01-01,Patient Cable SpO2 Extension 2m,7,Singapore,SG,Leipzig DC,DE,2026-08-17,00:00:00,,,,,,,Ocean,EuroCargo Express
6601216406,53721172,6601216406.01-02,Patient Cable NIBP Hose 2.5m,12,Singapore,SG,Leipzig DC,DE,2026-08-17,00:00:00,,,,,,,Ocean,EuroCargo Express
6600872389,52695652,6600872389.01-01,Telemetry Transmitter T3 Mini,10,Los Angeles,US,Boeblingen DC,DE,2026-09-25,00:00:00,2026-08-30,00:00:00,2026-09-04,00:00:00,,,Air,Meridian Air Cargo
6600872389,52695652,6600872389.01-02,Central Station Display 32in Curved,3,Los Angeles,US,Boeblingen DC,DE,2026-09-25,00:00:00,2026-08-30,00:00:00,2026-09-04,00:00:00,,,Air,Meridian Air Cargo
6601072137,53426289,6601072137.01-01,NIBP Cuff Set Thigh,5,Antwerp,BE,Hamburg DC,DE,2026-09-20,00:00:00,,,,,,,Road,Blue Anchor Shipping
6601072137,53426289,6601072137.01-02,Patient Cable SpO2 Extension 2m,8,Antwerp,BE,Hamburg DC,DE,2026-09-20,00:00:00,,,,,,,Road,Blue Anchor Shipping
6601169740,52845993,6601169740.01-01,Ultrasound Probe Convex C5,3,Antwerp,BE,Herrsching DC,DE,2026-10-03,00:00:00,,,,,,,Road,Blue Anchor Shipping
6600810121,51093711,6600810121.01-01,Central Station Display 32in Curved,3,Antwerp,BE,Herrsching DC,DE,2026-10-05,00:00:00,,,,,,,Road,SwiftHaul GmbH
6600810121,51093711,6600810121.01-02,NIBP Cuff Set Adult,1,Antwerp,BE,Herrsching DC,DE,2026-10-05,00:00:00,,,,,,,Road,SwiftHaul GmbH
6601058572,56192026,6601058572.01-01,ECG Lead Set 5-wire,9,Bratislava,SK,Herrsching DC,DE,2026-09-20,00:00:00,,,,,,,Road,Blue Anchor Shipping
6601058572,56192026,6601058572.01-02,NIBP Cuff Set Adult,6,Bratislava,SK,Herrsching DC,DE,2026-09-20,00:00:00,,,,,,,Road,Blue Anchor Shipping
6601058572,56192026,6601058572.01-03,Patient Monitor Gateway X1 Pro,9,Bratislava,SK,Herrsching DC,DE,2026-09-20,00:00:00,,,,,,,Road,Blue Anchor Shipping
6601058572,56192026,6601058572.01-04,NIBP Cuff Set Pediatric,5,Bratislava,SK,Herrsching DC,DE,2026-09-20,00:00:00,,,,,,,Road,Blue Anchor Shipping
6601275186,57658574,6601275186.01-01,Temperature Probe Skin,1,Singapore,SG,Leipzig DC,DE,2026-08-01,00:00:00,2026-07-30,00:00:00,2026-08-06,00:00:00,,,Ocean,SwiftHaul GmbH
6601275186,57658574,6601275186.01-02,Central Station Display 24in,8,Singapore,SG,Leipzig DC,DE,2026-08-01,00:00:00,2026-07-30,00:00:00,2026-08-06,00:00:00,,,Ocean,SwiftHaul GmbH
6601275186,57658574,6601275186.01-03,Network Interface Card Redundant Dual-Port,7,Singapore,SG,Leipzig DC,DE,2026-08-01,00:00:00,2026-07-30,00:00:00,2026-08-06,00:00:00,,,Ocean,SwiftHaul GmbH
6601275186,57658574,6601275186.01-04,Patient Cable SpO2 Extension 2m,12,Singapore,SG,Leipzig DC,DE,2026-08-01,00:00:00,2026-07-30,00:00:00,2026-08-06,00:00:00,,,Ocean,SwiftHaul GmbH
6600816100,51105683,6600816100.01-01,ECG Lead Set 5-wire Reusable,6,Milan,IT,Boeblingen DC,DE,2026-09-10,00:00:00,2026-08-22,00:00:00,2026-08-23,00:00:00,2026-08-25,00:00:00,Road,NorthStar Freight
6600816100,51105683,6600816100.01-02,Telemetry Transmitter T5 Dual-Channel,4,Milan,IT,Boeblingen DC,DE,2026-09-10,00:00:00,2026-08-22,00:00:00,2026-08-23,00:00:00,2026-08-25,00:00:00,Road,NorthStar Freight
6601404013,59059927,6601404013.01-01,Patient Monitor Gateway X2 Wireless,3,Warsaw,PL,Leipzig DC,DE,2026-09-05,00:00:00,2026-08-25,00:00:00,2026-08-26,00:00:00,2026-08-28,00:00:00,Road,Meridian Air Cargo
6601404013,59059927,6601404013.01-02,Central Station Display 24in,11,Warsaw,PL,Leipzig DC,DE,2026-09-05,00:00:00,2026-08-25,00:00:00,2026-08-26,00:00:00,2026-08-28,00:00:00,Road,Meridian Air Cargo
6601404013,59059927,6601404013.01-03,Patient Monitor Gateway X1,5,Warsaw,PL,Leipzig DC,DE,2026-09-05,00:00:00,2026-08-25,00:00:00,2026-08-26,00:00:00,2026-08-28,00:00:00,Road,Meridian Air Cargo
6601404013,59059927,6601404013.01-04,Multi-Param Sensor Module MP-5,12,Warsaw,PL,Leipzig DC,DE,2026-09-05,00:00:00,2026-08-25,00:00:00,2026-08-26,00:00:00,2026-08-28,00:00:00,Road,Meridian Air Cargo
6600786100,54438271,6600786100.01-01,Printer Module PM-3 Thermal,3,Shanghai,CN,Hamburg DC,DE,2026-08-03,00:00:00,,,,,,,Ocean,SwiftHaul GmbH
6600786100,54438271,6600786100.01-02,Service Cart Mobile Standard,10,Shanghai,CN,Hamburg DC,DE,2026-08-03,00:00:00,,,,,,,Ocean,SwiftHaul GmbH
6600786100,54438271,6600786100.01-03,Defibrillator Pad Set Training,11,Shanghai,CN,Hamburg DC,DE,2026-08-03,00:00:00,,,,,,,Ocean,SwiftHaul GmbH
6600786100,54438271,6600786100.01-04,Ultrasound Probe Linear L12,3,Shanghai,CN,Hamburg DC,DE,2026-08-03,00:00:00,,,,,,,Ocean,SwiftHaul GmbH
6601505661,56926039,6601505661.01-01,Ultrasound Probe Linear L12,12,Rotterdam,NL,Boeblingen DC,DE,2026-08-14,00:00:00,2026-08-14,00:00:00,2026-08-15,00:00:00,2026-08-20,00:00:00,Road,Blue Anchor Shipping
6601400481,57559172,6601400481.01-01,Ultrasound Probe Linear L12,6,Warsaw,PL,Leipzig DC,DE,2026-08-09,00:00:00,,,,,,,Road,NorthStar Freight
6601400481,57559172,6601400481.01-02,Defibrillator Pad Set Training,6,Warsaw,PL,Leipzig DC,DE,2026-08-09,00:00:00,,,,,,,Road,NorthStar Freight
6601400481,57559172,6601400481.01-03,Patient Cable ECG 5-lead 3m,6,Warsaw,PL,Leipzig DC,DE,2026-08-09,00:00:00,,,,,,,Road,NorthStar Freight
6601400481,57559172,6601400481.01-04,Central Station Display 24in,8,Warsaw,PL,Leipzig DC,DE,2026-08-09,00:00:00,,,,,,,Road,NorthStar Freight
6601121173,52986718,6601121173.01-01,Wall Mount Arm Single Monitor,2,Antwerp,BE,Herrsching DC,DE,2026-08-08,00:00:00,2026-08-06,00:00:00,2026-08-07,00:00:00,2026-08-14,00:00:00,Road,NorthStar Freight
6601121173,52986718,6601121173.01-02,Patient Cable ECG 5-lead 3m,10,Antwerp,BE,Herrsching DC,DE,2026-08-08,00:00:00,2026-08-06,00:00:00,2026-08-07,00:00:00,2026-08-14,00:00:00,Road,NorthStar Freight
6601121173,52986718,6601121173.01-03,Defibrillator Pad Set Pediatric,8,Antwerp,BE,Herrsching DC,DE,2026-08-08,00:00:00,2026-08-06,00:00:00,2026-08-07,00:00:00,2026-08-14,00:00:00,Road,NorthStar Freight
6600738960,54072423,6600738960.01-01,CO2 Sensor Module Mainstream,3,Miami,US,Boeblingen DC,DE,2026-08-31,00:00:00,2026-08-05,00:00:00,2026-08-10,00:00:00,2026-08-21,00:00:00,Air,Meridian Air Cargo
6600738960,54072423,6600738960.01-02,SpO2 Sensor Reusable Pediatric,3,Miami,US,Boeblingen DC,DE,2026-08-31,00:00:00,2026-08-05,00:00:00,2026-08-10,00:00:00,2026-08-21,00:00:00,Air,Meridian Air Cargo
6600738960,54072423,6600738960.01-03,Anesthesia Gas Module Standard 5-Gas,4,Miami,US,Boeblingen DC,DE,2026-08-31,00:00:00,2026-08-05,00:00:00,2026-08-10,00:00:00,2026-08-21,00:00:00,Air,Meridian Air Cargo
6600738960,54072423,6600738960.01-04,Bedside Monitor Mount Rail Mount,8,Miami,US,Boeblingen DC,DE,2026-08-31,00:00:00,2026-08-05,00:00:00,2026-08-10,00:00:00,2026-08-21,00:00:00,Air,Meridian Air Cargo
6601053249,53830017,6601053249.01-01,CO2 Sensor Module Sidestream,2,Lyon,FR,Boeblingen DC,DE,2026-10-10,00:00:00,2026-08-30,00:00:00,2026-08-31,00:00:00,,,Road,SwiftHaul GmbH
6601053249,53830017,6601053249.01-02,ECG Lead Set 3-wire,2,Lyon,FR,Boeblingen DC,DE,2026-10-10,00:00:00,2026-08-30,00:00:00,2026-08-31,00:00:00,,,Road,SwiftHaul GmbH
6600867782,56451905,6600867782.01-01,Multi-Param Sensor Module MP-5,1,Los Angeles,US,Boeblingen DC,DE,2026-08-30,00:00:00,,,,,,,Air,Blue Anchor Shipping
6600867782,56451905,6600867782.01-02,Temperature Probe Rectal,5,Los Angeles,US,Boeblingen DC,DE,2026-08-30,00:00:00,,,,,,,Air,Blue Anchor Shipping
"6601656473,6601338763",57668793,6601338763.01-01,Ultrasound Probe Convex C5,8,Hamburg,DE,Hamburg DC,DE,2026-09-03,00:00:00,,,,,,,Road,Blue Anchor Shipping
"6601656473,6601338763",57668793,6601338763.01-02,Wall Mount Arm Single Monitor,11,Hamburg,DE,Hamburg DC,DE,2026-09-03,00:00:00,,,,,,,Road,Blue Anchor Shipping
"6601656473,6601338763",57668793,6601338763.01-03,Patient Monitor Gateway X1 Pro,12,Hamburg,DE,Hamburg DC,DE,2026-09-03,00:00:00,,,,,,,Road,Blue Anchor Shipping
"6601656473,6601338763",57668793,6601656473.01-01,Infusion Pump IP-500,4,Hamburg,DE,Hamburg DC,DE,2026-09-03,00:00:00,,,,,,,Road,Blue Anchor Shipping
"6601656473,6601338763",57668793,6601656473.01-02,Vital Signs Monitor V200 Cart Mount,9,Hamburg,DE,Hamburg DC,DE,2026-09-03,00:00:00,,,,,,,Road,Blue Anchor Shipping
6600732706,51338315,6600732706.01-01,Infusion Pump IP-700 Dual,1,Hamburg,DE,Leipzig DC,DE,2026-08-18,00:00:00,2026-08-18,00:00:00,2026-08-19,00:00:00,2026-08-19,00:00:00,Road,NorthStar Freight
"6601553319,6600712852",58027832,6600712852.01-01,SpO2 Sensor Reusable Pediatric,4,Lyon,FR,Herrsching DC,DE,2026-08-13,00:00:00,2026-08-11,00:00:00,2026-08-12,00:00:00,2026-08-14,00:00:00,Road,SwiftHaul GmbH
"6601553319,6600712852",58027832,6600712852.01-02,Anesthesia Gas Module Standard 5-Gas,3,Lyon,FR,Herrsching DC,DE,2026-08-13,00:00:00,2026-08-11,00:00:00,2026-08-12,00:00:00,2026-08-14,00:00:00,Road,SwiftHaul GmbH
"6601553319,6600712852",58027832,6600712852.01-03,Infusion Pump IP-300 Compact,3,Lyon,FR,Herrsching DC,DE,2026-08-13,00:00:00,2026-08-11,00:00:00,2026-08-12,00:00:00,2026-08-14,00:00:00,Road,SwiftHaul GmbH
"6601553319,6600712852",58027832,6600712852.01-04,Vital Signs Monitor V100 Compact,1,Lyon,FR,Herrsching DC,DE,2026-08-13,00:00:00,2026-08-11,00:00:00,2026-08-12,00:00:00,2026-08-14,00:00:00,Road,SwiftHaul GmbH
"6601553319,6600712852",58027832,6601553319.01-01,Telemetry Transmitter T5 Dual-Channel,8,Lyon,FR,Herrsching DC,DE,2026-08-13,00:00:00,2026-08-11,00:00:00,2026-08-12,00:00:00,2026-08-14,00:00:00,Road,SwiftHaul GmbH
"6601553319,6600712852",58027832,6601553319.01-02,Wall Mount Arm Dual Monitor,5,Lyon,FR,Herrsching DC,DE,2026-08-13,00:00:00,2026-08-11,00:00:00,2026-08-12,00:00:00,2026-08-14,00:00:00,Road,SwiftHaul GmbH
"6601553319,6600712852",58027832,6601553319.01-03,Printer Module PM-3 Thermal,3,Lyon,FR,Herrsching DC,DE,2026-08-13,00:00:00,2026-08-11,00:00:00,2026-08-12,00:00:00,2026-08-14,00:00:00,Road,SwiftHaul GmbH
"6601553319,6600712852",58027832,6601553319.01-04,NIBP Cuff Set Neonatal,8,Lyon,FR,Herrsching DC,DE,2026-08-13,00:00:00,2026-08-11,00:00:00,2026-08-12,00:00:00,2026-08-14,00:00:00,Road,SwiftHaul GmbH
6601485376,50983652,6601485376.01-01,Infusion Pump Docking Station Single Bay,10,Shenzhen,CN,Herrsching DC,DE,2026-08-02,00:00:00,2026-07-30,00:00:00,2026-08-08,00:00:00,2026-08-28,00:00:00,Ocean,SwiftHaul GmbH
6601215896,56856832,6601215896.01-01,ECG Lead Set 3-wire,4,Chicago,US,Boeblingen DC,DE,2026-08-04,00:00:00,2026-08-04,00:00:00,2026-08-08,00:00:00,,,Air,Meridian Air Cargo
6601215896,56856832,6601215896.01-02,Calibration Kit Advanced Diagnostic,9,Chicago,US,Boeblingen DC,DE,2026-08-04,00:00:00,2026-08-04,00:00:00,2026-08-08,00:00:00,,,Air,Meridian Air Cargo
6600958798,55649870,6600958798.01-01,Anesthesia Gas Module Standard 5-Gas,8,Rotterdam,NL,Boeblingen DC,DE,2026-09-13,00:00:00,,,,,,,Road,NorthStar Freight
6601121945,55599206,6601121945.01-01,Patient Cable SpO2 Extension 2m,12,Hamburg,DE,Hamburg DC,DE,2026-09-21,00:00:00,,,,,,,Road,NorthStar Freight
6601121945,55599206,6601121945.01-02,NIBP Cuff Set Adult,8,Hamburg,DE,Hamburg DC,DE,2026-09-21,00:00:00,,,,,,,Road,NorthStar Freight
"6601398679,6601071959",53307279,6601071959.01-01,Patient Cable ECG 5-lead 3m,2,Shanghai,CN,Hamburg DC,DE,2026-08-27,00:00:00,2026-08-04,00:00:00,2026-08-12,00:00:00,2026-08-28,00:00:00,Ocean,Blue Anchor Shipping
"6601398679,6601071959",53307279,6601398679.01-01,Service Cart Mobile Locking,10,Shanghai,CN,Hamburg DC,DE,2026-08-27,00:00:00,2026-08-04,00:00:00,2026-08-12,00:00:00,2026-08-28,00:00:00,Ocean,Blue Anchor Shipping
"6601398679,6601071959",53307279,6601398679.01-02,Infusion Pump IP-700 Dual,7,Shanghai,CN,Hamburg DC,DE,2026-08-27,00:00:00,2026-08-04,00:00:00,2026-08-12,00:00:00,2026-08-28,00:00:00,Ocean,Blue Anchor Shipping
"6601398679,6601071959",53307279,6601398679.01-03,SpO2 Sensor Finger Clip,8,Shanghai,CN,Hamburg DC,DE,2026-08-27,00:00:00,2026-08-04,00:00:00,2026-08-12,00:00:00,2026-08-28,00:00:00,Ocean,Blue Anchor Shipping
6601446462,54893439,6601446462.01-01,SpO2 Sensor Reusable Adult,3,Miami,US,Boeblingen DC,DE,2026-09-10,00:00:00,2026-08-06,00:00:00,2026-08-11,00:00:00,2026-08-22,00:00:00,Air,Blue Anchor Shipping
6601446462,54893439,6601446462.01-02,Printer Module PM-3 Thermal,7,Miami,US,Boeblingen DC,DE,2026-09-10,00:00:00,2026-08-06,00:00:00,2026-08-11,00:00:00,2026-08-22,00:00:00,Air,Blue Anchor Shipping
"6601165561,6601000652",52361128,6601000652.01-01,NIBP Cuff Set Pediatric,9,Shenzhen,CN,Boeblingen DC,DE,2026-07-22,00:00:00,,,,,,,Ocean,EuroCargo Express
"6601165561,6601000652",52361128,6601165561.01-01,NIBP Cuff Set Thigh,8,Shenzhen,CN,Boeblingen DC,DE,2026-07-22,00:00:00,,,,,,,Ocean,EuroCargo Express
"6601165561,6601000652",52361128,6601165561.01-02,Anesthesia Gas Module Standard 5-Gas,8,Shenzhen,CN,Boeblingen DC,DE,2026-07-22,00:00:00,,,,,,,Ocean,EuroCargo Express
"6600758707,6601493649",59846582,6600758707.01-01,Calibration Kit Standard,12,Warsaw,PL,Herrsching DC,DE,2026-08-25,00:00:00,2026-08-25,00:00:00,2026-08-26,00:00:00,,,Road,Meridian Air Cargo
"6600758707,6601493649",59846582,6601493649.01-01,ECG Lead Set 3-wire,3,Warsaw,PL,Herrsching DC,DE,2026-08-25,00:00:00,2026-08-25,00:00:00,2026-08-26,00:00:00,,,Road,Meridian Air Cargo
"6600758707,6601493649",59846582,6601493649.01-02,Patient Monitor Gateway X2 Wireless,6,Warsaw,PL,Herrsching DC,DE,2026-08-25,00:00:00,2026-08-25,00:00:00,2026-08-26,00:00:00,,,Road,Meridian Air Cargo
"6600758707,6601493649",59846582,6601493649.01-03,Patient Monitor Gateway X1,2,Warsaw,PL,Herrsching DC,DE,2026-08-25,00:00:00,2026-08-25,00:00:00,2026-08-26,00:00:00,,,Road,Meridian Air Cargo
"6600758707,6601493649",59846582,6601493649.01-04,Temperature Probe Esophageal,6,Warsaw,PL,Herrsching DC,DE,2026-08-25,00:00:00,2026-08-25,00:00:00,2026-08-26,00:00:00,,,Road,Meridian Air Cargo
6601263785,52531070,6601263785.01-01,Central Monitoring Software License 20-Bed,3,Antwerp,BE,Boeblingen DC,DE,2026-09-28,00:00:00,2026-08-21,00:00:00,2026-08-22,00:00:00,2026-08-29,00:00:00,Road,NorthStar Freight
"6601555359,6601143609",58826960,6601143609.01-01,Ultrasound Probe Linear L12,10,Shenzhen,CN,Leipzig DC,DE,2026-09-06,00:00:00,2026-08-31,00:00:00,2026-09-08,00:00:00,,,Ocean,Blue Anchor Shipping
"6601555359,6601143609",58826960,6601555359.01-01,Central Station Display 27in,4,Shenzhen,CN,Leipzig DC,DE,2026-09-06,00:00:00,2026-08-31,00:00:00,2026-09-08,00:00:00,,,Ocean,Blue Anchor Shipping
"6601555359,6601143609",58826960,6601555359.01-02,Defibrillator Pad Set Training,8,Shenzhen,CN,Leipzig DC,DE,2026-09-06,00:00:00,2026-08-31,00:00:00,2026-09-08,00:00:00,,,Ocean,Blue Anchor Shipping
6601439092,55285645,6601439092.01-01,SpO2 Sensor Disposable Adult,2,Milan,IT,Herrsching DC,DE,2026-09-05,00:00:00,,,,,,,Road,Meridian Air Cargo
6601439092,55285645,6601439092.01-02,Network Interface Card Redundant Dual-Port,12,Milan,IT,Herrsching DC,DE,2026-09-05,00:00:00,,,,,,,Road,Meridian Air Cargo
6601439092,55285645,6601439092.01-03,Ventilator Circuit Kit Adult,3,Milan,IT,Herrsching DC,DE,2026-09-05,00:00:00,,,,,,,Road,Meridian Air Cargo
6601439092,55285645,6601439092.01-04,Multi-Param Sensor Module MP-3 Compact,11,Milan,IT,Herrsching DC,DE,2026-09-05,00:00:00,,,,,,,Road,Meridian Air Cargo
6600827619,55405993,6600827619.01-01,Vital Signs Monitor V200 Cart Mount,4,Shenzhen,CN,Boeblingen DC,DE,2026-08-27,00:00:00,2026-08-02,00:00:00,2026-08-11,00:00:00,2026-08-30,00:00:00,Ocean,HubLine Cargo
6600827619,55405993,6600827619.01-02,Battery Pack BP-24 Extended,8,Shenzhen,CN,Boeblingen DC,DE,2026-08-27,00:00:00,2026-08-02,00:00:00,2026-08-11,00:00:00,2026-08-30,00:00:00,Ocean,HubLine Cargo
6600827619,55405993,6600827619.01-03,CO2 Sensor Module Sidestream,7,Shenzhen,CN,Boeblingen DC,DE,2026-08-27,00:00:00,2026-08-02,00:00:00,2026-08-11,00:00:00,2026-08-30,00:00:00,Ocean,HubLine Cargo
"6601210121,6601245837",50280621,6601210121.01-01,Multi-Param Sensor Module MP-8 Plus,5,Rotterdam,NL,Boeblingen DC,DE,2026-08-30,00:00:00,2026-08-30,00:00:00,2026-08-31,00:00:00,,,Road,Blue Anchor Shipping
"6601210121,6601245837",50280621,6601245837.01-01,Central Monitoring Software License 10-Bed,7,Rotterdam,NL,Boeblingen DC,DE,2026-08-30,00:00:00,2026-08-30,00:00:00,2026-08-31,00:00:00,,,Road,Blue Anchor Shipping
6600944666,53540741,6600944666.01-01,Central Monitoring Software License 20-Bed,5,Antwerp,BE,Herrsching DC,DE,2026-08-08,00:00:00,2026-08-08,00:00:00,2026-08-09,00:00:00,2026-08-12,00:00:00,Road,EuroCargo Express
6601367785,52376695,6601367785.01-01,Ultrasound Probe Cardiac P4,12,Shanghai,CN,Leipzig DC,DE,2026-07-25,00:00:00,2026-07-25,00:00:00,2026-08-02,00:00:00,2026-08-19,00:00:00,Ocean,HubLine Cargo
6601367785,52376695,6601367785.01-02,Service Cart Mobile Standard,12,Shanghai,CN,Leipzig DC,DE,2026-07-25,00:00:00,2026-07-25,00:00:00,2026-08-02,00:00:00,2026-08-19,00:00:00,Ocean,HubLine Cargo
6601367785,52376695,6601367785.01-03,Patient Monitor Gateway X1 Pro,8,Shanghai,CN,Leipzig DC,DE,2026-07-25,00:00:00,2026-07-25,00:00:00,2026-08-02,00:00:00,2026-08-19,00:00:00,Ocean,HubLine Cargo
6601579272,52299477,6601579272.01-01,Network Interface Card Redundant Dual-Port,10,Milan,IT,Boeblingen DC,DE,2026-08-14,00:00:00,2026-08-12,00:00:00,2026-08-13,00:00:00,,,Road,SwiftHaul GmbH
6601579272,52299477,6601579272.01-02,Network Interface Card Standard,2,Milan,IT,Boeblingen DC,DE,2026-08-14,00:00:00,2026-08-12,00:00:00,2026-08-13,00:00:00,,,Road,SwiftHaul GmbH
6601579272,52299477,6601579272.01-03,Infusion Pump IP-500,8,Milan,IT,Boeblingen DC,DE,2026-08-14,00:00:00,2026-08-12,00:00:00,2026-08-13,00:00:00,,,Road,SwiftHaul GmbH
"6601250837,6601559137",57472710,6601250837.01-01,NIBP Cuff Set Adult,5,Los Angeles,US,Hamburg DC,DE,2026-09-06,00:00:00,2026-08-06,00:00:00,2026-08-11,00:00:00,2026-08-21,00:00:00,Air,SwiftHaul GmbH
"6601250837,6601559137",57472710,6601250837.01-02,ECG Lead Set 5-wire,7,Los Angeles,US,Hamburg DC,DE,2026-09-06,00:00:00,2026-08-06,00:00:00,2026-08-11,00:00:00,2026-08-21,00:00:00,Air,SwiftHaul GmbH
"6601250837,6601559137",57472710,6601559137.01-01,Service Cart Mobile Standard,4,Los Angeles,US,Hamburg DC,DE,2026-09-06,00:00:00,2026-08-06,00:00:00,2026-08-11,00:00:00,2026-08-21,00:00:00,Air,SwiftHaul GmbH
"6601250837,6601559137",57472710,6601559137.01-02,Bedside Monitor Mount Rolling Stand,1,Los Angeles,US,Hamburg DC,DE,2026-09-06,00:00:00,2026-08-06,00:00:00,2026-08-11,00:00:00,2026-08-21,00:00:00,Air,SwiftHaul GmbH
6601665111,57205638,6601665111.01-01,Calibration Kit Standard,1,Shenzhen,CN,Herrsching DC,DE,2026-08-08,00:00:00,2026-08-08,00:00:00,2026-08-17,00:00:00,,,Ocean,Blue Anchor Shipping
6601306024,55603702,6601306024.01-01,ECG Lead Set 5-wire Reusable,3,Milan,IT,Boeblingen DC,DE,2026-08-12,00:00:00,2026-08-12,00:00:00,2026-08-13,00:00:00,2026-08-15,00:00:00,Road,Meridian Air Cargo
6601306024,55603702,6601306024.01-02,Telemetry Transmitter T3 Mini,10,Milan,IT,Boeblingen DC,DE,2026-08-12,00:00:00,2026-08-12,00:00:00,2026-08-13,00:00:00,2026-08-15,00:00:00,Road,Meridian Air Cargo
6600997578,54056083,6600997578.01-01,ECG Lead Set 12-wire Diagnostic,8,Warsaw,PL,Herrsching DC,DE,2026-10-07,00:00:00,,,,,,,Road,NorthStar Freight
6600997578,54056083,6600997578.01-02,Patient Monitor Gateway X1 Pro,9,Warsaw,PL,Herrsching DC,DE,2026-10-07,00:00:00,,,,,,,Road,NorthStar Freight
6600997578,54056083,6600997578.01-03,Infusion Pump IP-300 Compact,8,Warsaw,PL,Herrsching DC,DE,2026-10-07,00:00:00,,,,,,,Road,NorthStar Freight
6600819077,53755526,6600819077.01-01,Telemetry Transmitter T5 Dual-Channel,3,Milan,IT,Hamburg DC,DE,2026-08-19,00:00:00,,,,,,,Road,NorthStar Freight
6601122825,59052837,6601122825.01-01,SpO2 Sensor Reusable Pediatric,9,Rotterdam,NL,Boeblingen DC,DE,2026-09-24,00:00:00,2026-08-21,00:00:00,2026-08-22,00:00:00,2026-08-25,00:00:00,Road,EuroCargo Express
6600844232,55794540,6600844232.01-01,Telemetry Transmitter T5 Dual-Channel,10,Warsaw,PL,Herrsching DC,DE,2026-10-10,00:00:00,2026-08-20,00:00:00,2026-08-21,00:00:00,2026-08-23,00:00:00,Road,EuroCargo Express
6601175112,50150403,6601175112.01-01,Bedside Monitor Mount Rail Mount,11,Singapore,SG,Leipzig DC,DE,2026-09-11,00:00:00,2026-08-06,00:00:00,2026-08-13,00:00:00,2026-08-29,00:00:00,Ocean,SwiftHaul GmbH
6600791549,54071524,6600791549.01-01,SpO2 Sensor Disposable Adult,5,Antwerp,BE,Boeblingen DC,DE,2026-08-11,00:00:00,2026-08-11,00:00:00,2026-08-12,00:00:00,,,Road,NorthStar Freight
6600791549,54071524,6600791549.01-02,Ventilator Circuit Kit Neonatal,10,Antwerp,BE,Boeblingen DC,DE,2026-08-11,00:00:00,2026-08-11,00:00:00,2026-08-12,00:00:00,,,Road,NorthStar Freight
6600791549,54071524,6600791549.01-03,ECG Lead Set 5-wire,12,Antwerp,BE,Boeblingen DC,DE,2026-08-11,00:00:00,2026-08-11,00:00:00,2026-08-12,00:00:00,,,Road,NorthStar Freight
6600791549,54071524,6600791549.01-04,NIBP Cuff Set Pediatric,6,Antwerp,BE,Boeblingen DC,DE,2026-08-11,00:00:00,2026-08-11,00:00:00,2026-08-12,00:00:00,,,Road,NorthStar Freight
6600888810,54819255,6600888810.01-01,Vital Signs Monitor V100 Compact,2,Los Angeles,US,Leipzig DC,DE,2026-09-14,00:00:00,2026-08-09,00:00:00,2026-08-14,00:00:00,2026-08-25,00:00:00,Air,HubLine Cargo
6600888810,54819255,6600888810.01-02,Anesthesia Gas Module Compact 3-Gas,10,Los Angeles,US,Leipzig DC,DE,2026-09-14,00:00:00,2026-08-09,00:00:00,2026-08-14,00:00:00,2026-08-25,00:00:00,Air,HubLine Cargo
6600888810,54819255,6600888810.01-03,ECG Lead Set 5-wire Reusable,11,Los Angeles,US,Leipzig DC,DE,2026-09-14,00:00:00,2026-08-09,00:00:00,2026-08-14,00:00:00,2026-08-25,00:00:00,Air,HubLine Cargo
6600776346,54409488,6600776346.01-01,Battery Pack BP-08 Compact,4,Shenzhen,CN,Leipzig DC,DE,2026-08-14,00:00:00,2026-08-01,00:00:00,2026-08-09,00:00:00,2026-08-27,00:00:00,Ocean,NorthStar Freight
6600776346,54409488,6600776346.01-02,Ventilator Circuit Kit Neonatal,7,Shenzhen,CN,Leipzig DC,DE,2026-08-14,00:00:00,2026-08-01,00:00:00,2026-08-09,00:00:00,2026-08-27,00:00:00,Ocean,NorthStar Freight
6600769472,56963165,6600769472.01-01,Patient Cable ECG 5-lead 3m,1,Milan,IT,Herrsching DC,DE,2026-09-24,00:00:00,,,,,,,Road,NorthStar Freight
6601034642,57439902,6601034642.01-01,Battery Pack BP-12,12,Milan,IT,Leipzig DC,DE,2026-09-20,00:00:00,2026-08-21,00:00:00,2026-08-22,00:00:00,2026-08-24,00:00:00,Road,NorthStar Freight
6601272206,58637866,6601272206.01-01,Patient Cable SpO2 Extension 2m,10,Warsaw,PL,Leipzig DC,DE,2026-08-20,00:00:00,2026-08-26,00:00:00,2026-08-27,00:00:00,,,Road,EuroCargo Express
6601356667,53870185,6601356667.01-01,Battery Pack BP-12,10,Bratislava,SK,Leipzig DC,DE,2026-08-28,00:00:00,,,,,,,Road,Blue Anchor Shipping
6601356667,53870185,6601356667.01-02,Battery Pack BP-08 Compact,6,Bratislava,SK,Leipzig DC,DE,2026-08-28,00:00:00,,,,,,,Road,Blue Anchor Shipping
6601556748,59087472,6601556748.01-01,CO2 Sensor Module Mainstream,9,Shanghai,CN,Leipzig DC,DE,2026-07-31,00:00:00,2026-07-31,00:00:00,2026-08-08,00:00:00,2026-08-25,00:00:00,Ocean,HubLine Cargo
6601556748,59087472,6601556748.01-02,Service Cart Mobile Locking,2,Shanghai,CN,Leipzig DC,DE,2026-07-31,00:00:00,2026-07-31,00:00:00,2026-08-08,00:00:00,2026-08-25,00:00:00,Ocean,HubLine Cargo
6601556748,59087472,6601556748.01-03,Ventilator Circuit Kit Adult,11,Shanghai,CN,Leipzig DC,DE,2026-07-31,00:00:00,2026-07-31,00:00:00,2026-08-08,00:00:00,2026-08-25,00:00:00,Ocean,HubLine Cargo
6601556748,59087472,6601556748.01-04,NIBP Cuff Set Adult,1,Shanghai,CN,Leipzig DC,DE,2026-07-31,00:00:00,2026-07-31,00:00:00,2026-08-08,00:00:00,2026-08-25,00:00:00,Ocean,HubLine Cargo
6601320656,59766978,6601320656.01-01,Ultrasound Probe Cardiac P4,10,Hamburg,DE,Boeblingen DC,DE,2026-09-27,00:00:00,2026-08-23,00:00:00,2026-08-24,00:00:00,2026-08-27,00:00:00,Road,EuroCargo Express
6601320656,59766978,6601320656.01-02,Battery Pack BP-08 Compact,7,Hamburg,DE,Boeblingen DC,DE,2026-09-27,00:00:00,2026-08-23,00:00:00,2026-08-24,00:00:00,2026-08-27,00:00:00,Road,EuroCargo Express
6601320656,59766978,6601320656.01-03,Wall Mount Arm Single Monitor,12,Hamburg,DE,Boeblingen DC,DE,2026-09-27,00:00:00,2026-08-23,00:00:00,2026-08-24,00:00:00,2026-08-27,00:00:00,Road,EuroCargo Express
6601691894,53171221,6601691894.01-01,Central Station Display 24in,2,Antwerp,BE,Leipzig DC,DE,2026-09-01,00:00:00,2026-08-30,00:00:00,2026-08-31,00:00:00,,,Road,Meridian Air Cargo
6601691894,53171221,6601691894.01-02,Central Station Display 32in Curved,4,Antwerp,BE,Leipzig DC,DE,2026-09-01,00:00:00,2026-08-30,00:00:00,2026-08-31,00:00:00,,,Road,Meridian Air Cargo
6600927775,54054198,6600927775.01-01,Central Station Display 27in,4,Hamburg,DE,Herrsching DC,DE,2026-09-05,00:00:00,,,,,,,Road,HubLine Cargo
6600927775,54054198,6600927775.01-02,Vital Signs Monitor V200,7,Hamburg,DE,Herrsching DC,DE,2026-09-05,00:00:00,,,,,,,Road,HubLine Cargo
6600927775,54054198,6600927775.01-03,Printer Module PM-3,12,Hamburg,DE,Herrsching DC,DE,2026-09-05,00:00:00,,,,,,,Road,HubLine Cargo
6600927775,54054198,6600927775.01-04,Infusion Pump Docking Station Triple Bay,10,Hamburg,DE,Herrsching DC,DE,2026-09-05,00:00:00,,,,,,,Road,HubLine Cargo
6601473859,53576775,6601473859.01-01,Defibrillator Pad Set Training,10,Singapore,SG,Leipzig DC,DE,2026-08-06,00:00:00,2026-08-06,00:00:00,2026-08-13,00:00:00,2026-08-29,00:00:00,Ocean,HubLine Cargo
6601473859,53576775,6601473859.01-02,Temperature Probe Esophageal,6,Singapore,SG,Leipzig DC,DE,2026-08-06,00:00:00,2026-08-06,00:00:00,2026-08-13,00:00:00,2026-08-29,00:00:00,Ocean,HubLine Cargo
6601473859,53576775,6601473859.01-03,Network Interface Card Standard,9,Singapore,SG,Leipzig DC,DE,2026-08-06,00:00:00,2026-08-06,00:00:00,2026-08-13,00:00:00,2026-08-29,00:00:00,Ocean,HubLine Cargo
6601010746,50308413,6601010746.01-01,Infusion Pump IP-700 Dual,12,Shanghai,CN,Boeblingen DC,DE,2026-09-01,00:00:00,2026-07-31,00:00:00,2026-08-08,00:00:00,2026-08-26,00:00:00,Ocean,HubLine Cargo
6601010746,50308413,6601010746.01-02,Ultrasound Probe Cardiac P4,3,Shanghai,CN,Boeblingen DC,DE,2026-09-01,00:00:00,2026-07-31,00:00:00,2026-08-08,00:00:00,2026-08-26,00:00:00,Ocean,HubLine Cargo
6601258410,51469371,6601258410.01-01,SpO2 Sensor Disposable Adult,10,Milan,IT,Herrsching DC,DE,2026-08-20,00:00:00,2026-08-26,00:00:00,2026-08-27,00:00:00,2026-08-29,00:00:00,Road,SwiftHaul GmbH
6601258410,51469371,6601258410.01-02,Vital Signs Monitor V200 Cart Mount,11,Milan,IT,Herrsching DC,DE,2026-08-20,00:00:00,2026-08-26,00:00:00,2026-08-27,00:00:00,2026-08-29,00:00:00,Road,SwiftHaul GmbH
6601564651,57840557,6601564651.01-01,Anesthesia Gas Module Compact 3-Gas,1,Warsaw,PL,Boeblingen DC,DE,2026-09-05,00:00:00,2026-08-24,00:00:00,2026-08-25,00:00:00,2026-08-28,00:00:00,Road,Blue Anchor Shipping
6600778358,59113821,6600778358.01-01,Telemetry Transmitter T3,2,Hamburg,DE,Herrsching DC,DE,2026-08-12,00:00:00,,,,,,,Road,Meridian Air Cargo
6600778358,59113821,6600778358.01-02,Infusion Pump Docking Station Triple Bay,7,Hamburg,DE,Herrsching DC,DE,2026-08-12,00:00:00,,,,,,,Road,Meridian Air Cargo
6601699522,58583527,6601699522.01-01,Patient Monitor Gateway X1,3,Shanghai,CN,Herrsching DC,DE,2026-09-06,00:00:00,2026-08-03,00:00:00,2026-08-12,00:00:00,2026-08-29,00:00:00,Ocean,NorthStar Freight
6601497679,50448132,6601497679.01-01,Patient Monitor Gateway X2 Wireless,2,Milan,IT,Hamburg DC,DE,2026-09-01,00:00:00,2026-08-31,00:00:00,2026-09-01,00:00:00,,,Road,Blue Anchor Shipping
6601224930,55150066,6601224930.01-01,Defibrillator Pad Set Adult,2,Rotterdam,NL,Boeblingen DC,DE,2026-08-19,00:00:00,2026-08-19,00:00:00,2026-08-20,00:00:00,2026-08-23,00:00:00,Road,EuroCargo Express
6601224930,55150066,6601224930.01-02,Printer Module PM-3 Thermal,2,Rotterdam,NL,Boeblingen DC,DE,2026-08-19,00:00:00,2026-08-19,00:00:00,2026-08-20,00:00:00,2026-08-23,00:00:00,Road,EuroCargo Express
6601224930,55150066,6601224930.01-03,CO2 Sensor Module Mainstream,10,Rotterdam,NL,Boeblingen DC,DE,2026-08-19,00:00:00,2026-08-19,00:00:00,2026-08-20,00:00:00,2026-08-23,00:00:00,Road,EuroCargo Express
6601224930,55150066,6601224930.01-04,Central Station Display 32in Curved,7,Rotterdam,NL,Boeblingen DC,DE,2026-08-19,00:00:00,2026-08-19,00:00:00,2026-08-20,00:00:00,2026-08-23,00:00:00,Road,EuroCargo Express
6600808444,53106500,6600808444.01-01,Wall Mount Arm Single Monitor,4,Antwerp,BE,Hamburg DC,DE,2026-09-26,00:00:00,2026-08-20,00:00:00,2026-08-21,00:00:00,2026-08-22,00:00:00,Road,NorthStar Freight
6600808444,53106500,6600808444.01-02,Central Monitoring Software License 40-Bed Enterprise,3,Antwerp,BE,Hamburg DC,DE,2026-09-26,00:00:00,2026-08-20,00:00:00,2026-08-21,00:00:00,2026-08-22,00:00:00,Road,NorthStar Freight
6600808444,53106500,6600808444.01-03,Anesthesia Gas Module Compact 3-Gas,8,Antwerp,BE,Hamburg DC,DE,2026-09-26,00:00:00,2026-08-20,00:00:00,2026-08-21,00:00:00,2026-08-22,00:00:00,Road,NorthStar Freight
6600808444,53106500,6600808444.01-04,SpO2 Sensor Reusable Pediatric,9,Antwerp,BE,Hamburg DC,DE,2026-09-26,00:00:00,2026-08-20,00:00:00,2026-08-21,00:00:00,2026-08-22,00:00:00,Road,NorthStar Freight
6601127604,50111440,6601127604.01-01,Central Station Display 27in,10,Shenzhen,CN,Herrsching DC,DE,2026-08-08,00:00:00,2026-08-02,00:00:00,2026-08-11,00:00:00,2026-08-30,00:00:00,Ocean,SwiftHaul GmbH
6601135076,51736952,6601135076.01-01,Defibrillator Pad Set Training,3,Bratislava,SK,Herrsching DC,DE,2026-08-12,00:00:00,2026-08-12,00:00:00,2026-08-13,00:00:00,,,Road,EuroCargo Express
6601135076,51736952,6601135076.01-02,Network Interface Card Standard,8,Bratislava,SK,Herrsching DC,DE,2026-08-12,00:00:00,2026-08-12,00:00:00,2026-08-13,00:00:00,,,Road,EuroCargo Express
6601135076,51736952,6601135076.01-03,Vital Signs Monitor V300 Wall Mount,5,Bratislava,SK,Herrsching DC,DE,2026-08-12,00:00:00,2026-08-12,00:00:00,2026-08-13,00:00:00,,,Road,EuroCargo Express
6601471389,50549077,6601471389.01-01,Wall Mount Arm Dual Monitor,3,Los Angeles,US,Leipzig DC,DE,2026-09-06,00:00:00,2026-08-30,00:00:00,2026-09-04,00:00:00,,,Air,Meridian Air Cargo
6601471389,50549077,6601471389.01-02,Bedside Monitor Mount Rail Mount,12,Los Angeles,US,Leipzig DC,DE,2026-09-06,00:00:00,2026-08-30,00:00:00,2026-09-04,00:00:00,,,Air,Meridian Air Cargo
6601557953,55418795,6601557953.01-01,Vital Signs Monitor V200 Cart Mount,10,Bratislava,SK,Hamburg DC,DE,2026-09-26,00:00:00,2026-08-31,00:00:00,2026-09-01,00:00:00,,,Road,NorthStar Freight
6601487401,55624115,6601487401.01-01,Infusion Pump IP-500,1,Miami,US,Herrsching DC,DE,2026-08-12,00:00:00,2026-08-12,00:00:00,2026-08-17,00:00:00,,,Air,HubLine Cargo
6601680230,53796188,6601680230.01-01,Ultrasound Probe Convex C5,6,Hamburg,DE,Boeblingen DC,DE,2026-09-23,00:00:00,2026-08-19,00:00:00,2026-08-20,00:00:00,2026-08-21,00:00:00,Road,SwiftHaul GmbH
6601680230,53796188,6601680230.01-02,ECG Lead Set 5-wire,5,Hamburg,DE,Boeblingen DC,DE,2026-09-23,00:00:00,2026-08-19,00:00:00,2026-08-20,00:00:00,2026-08-21,00:00:00,Road,SwiftHaul GmbH
6600778314,58608607,6600778314.01-01,SpO2 Sensor Reusable Pediatric,3,Hamburg,DE,Boeblingen DC,DE,2026-10-06,00:00:00,2026-08-31,00:00:00,2026-09-01,00:00:00,,,Road,EuroCargo Express
6600778314,58608607,6600778314.01-02,Patient Monitor Gateway X2 Wireless,8,Hamburg,DE,Boeblingen DC,DE,2026-10-06,00:00:00,2026-08-31,00:00:00,2026-09-01,00:00:00,,,Road,EuroCargo Express
6600778314,58608607,6600778314.01-03,Infusion Pump Docking Station Triple Bay,6,Hamburg,DE,Boeblingen DC,DE,2026-10-06,00:00:00,2026-08-31,00:00:00,2026-09-01,00:00:00,,,Road,EuroCargo Express
6600778314,58608607,6600778314.01-04,Battery Pack BP-12,12,Hamburg,DE,Boeblingen DC,DE,2026-10-06,00:00:00,2026-08-31,00:00:00,2026-09-01,00:00:00,,,Road,EuroCargo Express
6601065259,57029478,6601065259.01-01,Patient Cable ECG 5-lead 3m,7,Shanghai,CN,Boeblingen DC,DE,2026-07-29,00:00:00,2026-07-29,00:00:00,2026-08-06,00:00:00,2026-08-24,00:00:00,Ocean,Meridian Air Cargo
6601248208,54231856,6601248208.01-01,Vital Signs Monitor V300 Wall Mount,9,Hamburg,DE,Herrsching DC,DE,2026-08-15,00:00:00,2026-08-15,00:00:00,2026-08-16,00:00:00,,,Road,Meridian Air Cargo
6601619319,50605337,6601619319.01-01,Multi-Param Sensor Module MP-5,7,Shenzhen,CN,Herrsching DC,DE,2026-07-27,00:00:00,,,,,,,Ocean,Blue Anchor Shipping
6601619319,50605337,6601619319.01-02,Infusion Pump Docking Station Single Bay,2,Shenzhen,CN,Herrsching DC,DE,2026-07-27,00:00:00,,,,,,,Ocean,Blue Anchor Shipping
6601458036,58444225,6601458036.01-01,Multi-Param Sensor Module MP-5,11,Antwerp,BE,Boeblingen DC,DE,2026-09-12,00:00:00,2026-08-24,00:00:00,2026-08-25,00:00:00,2026-08-28,00:00:00,Road,SwiftHaul GmbH
6601458036,58444225,6601458036.01-02,ECG Lead Set 12-wire Diagnostic,4,Antwerp,BE,Boeblingen DC,DE,2026-09-12,00:00:00,2026-08-24,00:00:00,2026-08-25,00:00:00,2026-08-28,00:00:00,Road,SwiftHaul GmbH
6601444785,55692859,6601444785.01-01,Multi-Param Sensor Module MP-5,10,Shanghai,CN,Boeblingen DC,DE,2026-08-16,00:00:00,,,,,,,Ocean,HubLine Cargo
6601550351,54171745,6601550351.01-01,Calibration Kit Standard,12,Milan,IT,Boeblingen DC,DE,2026-10-10,00:00:00,2026-08-25,00:00:00,2026-08-26,00:00:00,2026-08-29,00:00:00,Road,Meridian Air Cargo
6600737632,51173012,6600737632.01-01,Ventilator Circuit Kit Adult,5,Warsaw,PL,Leipzig DC,DE,2026-09-29,00:00:00,,,,,,,Road,SwiftHaul GmbH
6600737632,51173012,6600737632.01-02,Temperature Probe Esophageal,5,Warsaw,PL,Leipzig DC,DE,2026-09-29,00:00:00,,,,,,,Road,SwiftHaul GmbH
6601058064,50523640,6601058064.01-01,NIBP Cuff Set Adult,8,Los Angeles,US,Boeblingen DC,DE,2026-07-25,00:00:00,2026-07-26,00:00:00,2026-07-31,00:00:00,,,Air,HubLine Cargo
6600906382,56605552,6600906382.01-01,CO2 Sensor Module Sidestream,1,Hamburg,DE,Herrsching DC,DE,2026-09-07,00:00:00,2026-08-19,00:00:00,2026-08-20,00:00:00,2026-08-21,00:00:00,Road,SwiftHaul GmbH
6600783878,59946470,6600783878.01-01,Telemetry Transmitter T3 Mini,11,Lyon,FR,Herrsching DC,DE,2026-09-21,00:00:00,,,,,,,Road,SwiftHaul GmbH
6601362920,51526657,6601362920.01-01,SpO2 Sensor Disposable Adult,7,Antwerp,BE,Leipzig DC,DE,2026-09-19,00:00:00,,,,,,,Road,Meridian Air Cargo
6601362920,51526657,6601362920.01-02,Telemetry Transmitter T5 Dual-Channel,9,Antwerp,BE,Leipzig DC,DE,2026-09-19,00:00:00,,,,,,,Road,Meridian Air Cargo
6601362920,51526657,6601362920.01-03,Telemetry Transmitter T3,7,Antwerp,BE,Leipzig DC,DE,2026-09-19,00:00:00,,,,,,,Road,Meridian Air Cargo
6601362920,51526657,6601362920.01-04,Defibrillator Pad Set Training,12,Antwerp,BE,Leipzig DC,DE,2026-09-19,00:00:00,,,,,,,Road,Meridian Air Cargo
6600903069,57243753,6600903069.01-01,ECG Lead Set 5-wire,1,Shanghai,CN,Herrsching DC,DE,2026-07-21,00:00:00,2026-07-21,00:00:00,2026-07-30,00:00:00,,,Ocean,Meridian Air Cargo
6601120929,59292144,6601120929.01-01,Ventilator Circuit Kit Neonatal,1,Hamburg,DE,Boeblingen DC,DE,2026-08-22,00:00:00,2026-08-22,00:00:00,2026-08-23,00:00:00,,,Road,EuroCargo Express
6601120929,59292144,6601120929.01-02,Telemetry Transmitter T3,8,Hamburg,DE,Boeblingen DC,DE,2026-08-22,00:00:00,2026-08-22,00:00:00,2026-08-23,00:00:00,,,Road,EuroCargo Express
6601120929,59292144,6601120929.01-03,Central Monitoring Software License 10-Bed,6,Hamburg,DE,Boeblingen DC,DE,2026-08-22,00:00:00,2026-08-22,00:00:00,2026-08-23,00:00:00,,,Road,EuroCargo Express
6601444298,53382898,6601444298.01-01,Central Monitoring Software License 20-Bed,6,Shenzhen,CN,Herrsching DC,DE,2026-09-05,00:00:00,,,,,,,Ocean,EuroCargo Express
6601444298,53382898,6601444298.01-02,Temperature Probe Rectal,10,Shenzhen,CN,Herrsching DC,DE,2026-09-05,00:00:00,,,,,,,Ocean,EuroCargo Express
6601444298,53382898,6601444298.01-03,Ultrasound Probe Convex C5,2,Shenzhen,CN,Herrsching DC,DE,2026-09-05,00:00:00,,,,,,,Ocean,EuroCargo Express
6601304586,59073944,6601304586.01-01,Defibrillator Pad Set Training,3,Singapore,SG,Hamburg DC,DE,2026-07-30,00:00:00,2026-08-01,00:00:00,2026-08-08,00:00:00,2026-08-23,00:00:00,Ocean,HubLine Cargo
"6600779780,6601436622",54000419,6600779780.01-01,Defibrillator Pad Set Training,4,Bratislava,SK,Boeblingen DC,DE,2026-08-17,00:00:00,2026-08-16,00:00:00,2026-08-17,00:00:00,2026-08-18,00:00:00,Road,Blue Anchor Shipping
"6600779780,6601436622",54000419,6600779780.01-02,Service Cart Mobile Locking,4,Bratislava,SK,Boeblingen DC,DE,2026-08-17,00:00:00,2026-08-16,00:00:00,2026-08-17,00:00:00,2026-08-18,00:00:00,Road,Blue Anchor Shipping
"6600779780,6601436622",54000419,6601436622.01-01,NIBP Cuff Set Neonatal,6,Bratislava,SK,Boeblingen DC,DE,2026-08-17,00:00:00,2026-08-16,00:00:00,2026-08-17,00:00:00,2026-08-18,00:00:00,Road,Blue Anchor Shipping
6601357340,59529190,6601357340.01-01,Patient Monitor Gateway X2 Wireless,4,Milan,IT,Boeblingen DC,DE,2026-10-03,00:00:00,2026-08-21,00:00:00,2026-08-22,00:00:00,2026-08-24,00:00:00,Road,Blue Anchor Shipping
6600763147,54937018,6600763147.01-01,NIBP Cuff Set Neonatal,3,Singapore,SG,Hamburg DC,DE,2026-09-09,00:00:00,,,,,,,Ocean,Blue Anchor Shipping
6600763147,54937018,6600763147.01-02,Printer Module PM-3,4,Singapore,SG,Hamburg DC,DE,2026-09-09,00:00:00,,,,,,,Ocean,Blue Anchor Shipping
6601116212,55858329,6601116212.01-01,Battery Pack BP-12,1,Shenzhen,CN,Leipzig DC,DE,2026-07-31,00:00:00,2026-07-30,00:00:00,2026-08-07,00:00:00,,,Ocean,NorthStar Freight
6601116212,55858329,6601116212.01-02,Multi-Param Sensor Module MP-3 Compact,6,Shenzhen,CN,Leipzig DC,DE,2026-07-31,00:00:00,2026-07-30,00:00:00,2026-08-07,00:00:00,,,Ocean,NorthStar Freight
"6601683542,6601615838",55263661,6601615838.01-01,Defibrillator Pad Set Training,1,Milan,IT,Leipzig DC,DE,2026-08-12,00:00:00,2026-08-12,00:00:00,2026-08-13,00:00:00,2026-08-16,00:00:00,Road,SwiftHaul GmbH
"6601683542,6601615838",55263661,6601683542.01-01,ECG Lead Set 3-wire,10,Milan,IT,Leipzig DC,DE,2026-08-12,00:00:00,2026-08-12,00:00:00,2026-08-13,00:00:00,2026-08-16,00:00:00,Road,SwiftHaul GmbH
"6601683542,6601615838",55263661,6601683542.01-02,Ultrasound Probe Convex C5,7,Milan,IT,Leipzig DC,DE,2026-08-12,00:00:00,2026-08-12,00:00:00,2026-08-13,00:00:00,2026-08-16,00:00:00,Road,SwiftHaul GmbH
6600961418,56450588,6600961418.01-01,NIBP Cuff Set Pediatric,2,Hamburg,DE,Boeblingen DC,DE,2026-10-11,00:00:00,2026-08-23,00:00:00,2026-08-24,00:00:00,2026-08-26,00:00:00,Road,Blue Anchor Shipping
6600961418,56450588,6600961418.01-02,Bedside Monitor Mount Rail Mount,3,Hamburg,DE,Boeblingen DC,DE,2026-10-11,00:00:00,2026-08-23,00:00:00,2026-08-24,00:00:00,2026-08-26,00:00:00,Road,Blue Anchor Shipping
"6601397230,6600916456",59572831,6600916456.01-01,ECG Lead Set 5-wire Reusable,8,Lyon,FR,Boeblingen DC,DE,2026-09-22,00:00:00,2026-08-28,00:00:00,2026-08-29,00:00:00,2026-08-30,00:00:00,Road,HubLine Cargo
"6601397230,6600916456",59572831,6601397230.01-01,Vital Signs Monitor V200,7,Lyon,FR,Boeblingen DC,DE,2026-09-22,00:00:00,2026-08-28,00:00:00,2026-08-29,00:00:00,2026-08-30,00:00:00,Road,HubLine Cargo
"6600743079,6600732453",59981923,6600732453.01-01,Central Station Display 32in Curved,6,Shanghai,CN,Leipzig DC,DE,2026-08-13,00:00:00,2026-07-27,00:00:00,2026-08-04,00:00:00,2026-08-22,00:00:00,Ocean,EuroCargo Express
"6600743079,6600732453",59981923,6600743079.01-01,Central Monitoring Software License 10-Bed,5,Shanghai,CN,Leipzig DC,DE,2026-08-13,00:00:00,2026-07-27,00:00:00,2026-08-04,00:00:00,2026-08-22,00:00:00,Ocean,EuroCargo Express
6601187151,55967675,6601187151.01-01,Central Monitoring Software License 40-Bed Enterprise,6,Milan,IT,Leipzig DC,DE,2026-09-12,00:00:00,2026-08-17,00:00:00,2026-08-18,00:00:00,2026-08-23,00:00:00,Road,HubLine Cargo
6601187151,55967675,6601187151.01-02,Wall Mount Arm Single Monitor,8,Milan,IT,Leipzig DC,DE,2026-09-12,00:00:00,2026-08-17,00:00:00,2026-08-18,00:00:00,2026-08-23,00:00:00,Road,HubLine Cargo
6601187151,55967675,6601187151.01-03,SpO2 Sensor Disposable Adult,4,Milan,IT,Leipzig DC,DE,2026-09-12,00:00:00,2026-08-17,00:00:00,2026-08-18,00:00:00,2026-08-23,00:00:00,Road,HubLine Cargo
6600875965,59812624,6600875965.01-01,Network Interface Card Standard,4,Lyon,FR,Leipzig DC,DE,2026-09-16,00:00:00,,,,,,,Road,Blue Anchor Shipping
6600875965,59812624,6600875965.01-02,Infusion Pump IP-700 Dual,10,Lyon,FR,Leipzig DC,DE,2026-09-16,00:00:00,,,,,,,Road,Blue Anchor Shipping
6601199717,52093729,6601199717.01-01,NIBP Cuff Set Adult,12,Hamburg,DE,Leipzig DC,DE,2026-09-15,00:00:00,2026-08-22,00:00:00,2026-08-23,00:00:00,2026-08-27,00:00:00,Road,SwiftHaul GmbH
6601199717,52093729,6601199717.01-02,Temperature Probe Esophageal,6,Hamburg,DE,Leipzig DC,DE,2026-09-15,00:00:00,2026-08-22,00:00:00,2026-08-23,00:00:00,2026-08-27,00:00:00,Road,SwiftHaul GmbH
6601362812,52996305,6601362812.01-01,Vital Signs Monitor V300 Touch,11,Miami,US,Herrsching DC,DE,2026-08-18,00:00:00,2026-08-10,00:00:00,2026-08-15,00:00:00,2026-08-26,00:00:00,Air,HubLine Cargo
6601362812,52996305,6601362812.01-02,NIBP Cuff Set Adult Long,7,Miami,US,Herrsching DC,DE,2026-08-18,00:00:00,2026-08-10,00:00:00,2026-08-15,00:00:00,2026-08-26,00:00:00,Air,HubLine Cargo
"6601470095,6601205755",55280972,6601205755.01-01,Anesthesia Gas Module Standard 5-Gas,5,Warsaw,PL,Hamburg DC,DE,2026-08-30,00:00:00,2026-08-23,00:00:00,2026-08-24,00:00:00,2026-08-26,00:00:00,Road,Blue Anchor Shipping
"6601470095,6601205755",55280972,6601205755.01-02,Vital Signs Monitor V200 Cart Mount,5,Warsaw,PL,Hamburg DC,DE,2026-08-30,00:00:00,2026-08-23,00:00:00,2026-08-24,00:00:00,2026-08-26,00:00:00,Road,Blue Anchor Shipping
"6601470095,6601205755",55280972,6601470095.01-01,Defibrillator Pad Set Adult,10,Warsaw,PL,Hamburg DC,DE,2026-08-30,00:00:00,2026-08-23,00:00:00,2026-08-24,00:00:00,2026-08-26,00:00:00,Road,Blue Anchor Shipping
"6601470095,6601205755",55280972,6601470095.01-02,Central Monitoring Software License 40-Bed Enterprise,2,Warsaw,PL,Hamburg DC,DE,2026-08-30,00:00:00,2026-08-23,00:00:00,2026-08-24,00:00:00,2026-08-26,00:00:00,Road,Blue Anchor Shipping
6600779611,58785591,6600779611.01-01,SpO2 Sensor Reusable Adult,3,Antwerp,BE,Herrsching DC,DE,2026-09-14,00:00:00,2026-08-29,00:00:00,2026-08-30,00:00:00,,,Road,EuroCargo Express
6600888178,57034270,6600888178.01-01,Vital Signs Monitor V300 Touch,6,Shanghai,CN,Leipzig DC,DE,2026-09-03,00:00:00,2026-07-27,00:00:00,2026-08-04,00:00:00,2026-08-21,00:00:00,Ocean,Meridian Air Cargo
6600888178,57034270,6600888178.01-02,Temperature Probe Rectal,7,Shanghai,CN,Leipzig DC,DE,2026-09-03,00:00:00,2026-07-27,00:00:00,2026-08-04,00:00:00,2026-08-21,00:00:00,Ocean,Meridian Air Cargo
6600888178,57034270,6600888178.01-03,Battery Pack BP-12,5,Shanghai,CN,Leipzig DC,DE,2026-09-03,00:00:00,2026-07-27,00:00:00,2026-08-04,00:00:00,2026-08-21,00:00:00,Ocean,Meridian Air Cargo
6600716458,52473771,6600716458.01-01,Wall Mount Arm Dual Monitor,2,Milan,IT,Leipzig DC,DE,2026-08-12,00:00:00,,,,,,,Road,HubLine Cargo
6600767688,53953624,6600767688.01-01,Infusion Pump IP-700 Dual,12,Shenzhen,CN,Herrsching DC,DE,2026-08-06,00:00:00,,,,,,,Ocean,NorthStar Freight
6600966467,51066737,6600966467.01-01,Ultrasound Probe Cardiac P4,12,Los Angeles,US,Boeblingen DC,DE,2026-08-14,00:00:00,2026-08-12,00:00:00,2026-08-17,00:00:00,2026-08-29,00:00:00,Air,EuroCargo Express
6600966467,51066737,6600966467.01-02,Vital Signs Monitor V200,11,Los Angeles,US,Boeblingen DC,DE,2026-08-14,00:00:00,2026-08-12,00:00:00,2026-08-17,00:00:00,2026-08-29,00:00:00,Air,EuroCargo Express
6600934815,54135991,6600934815.01-01,SpO2 Sensor Reusable Pediatric,12,Chicago,US,Leipzig DC,DE,2026-08-09,00:00:00,2026-08-09,00:00:00,2026-08-13,00:00:00,2026-08-22,00:00:00,Air,HubLine Cargo
6601068756,58636694,6601068756.01-01,Patient Cable SpO2 Extension 2m,7,Chicago,US,Herrsching DC,DE,2026-08-31,00:00:00,2026-08-16,00:00:00,2026-08-20,00:00:00,2026-08-31,00:00:00,Air,NorthStar Freight
6601068756,58636694,6601068756.01-02,Printer Module PM-3 Thermal,6,Chicago,US,Herrsching DC,DE,2026-08-31,00:00:00,2026-08-16,00:00:00,2026-08-20,00:00:00,2026-08-31,00:00:00,Air,NorthStar Freight
6600762866,52614175,6600762866.01-01,Calibration Kit Standard,11,Milan,IT,Herrsching DC,DE,2026-09-21,00:00:00,2026-08-31,00:00:00,2026-09-01,00:00:00,,,Road,EuroCargo Express
6600762866,52614175,6600762866.01-02,Temperature Probe Skin,8,Milan,IT,Herrsching DC,DE,2026-09-21,00:00:00,2026-08-31,00:00:00,2026-09-01,00:00:00,,,Road,EuroCargo Express
"6601355713,6601477217",51612542,6601355713.01-01,SpO2 Sensor Reusable Pediatric,7,Lyon,FR,Leipzig DC,DE,2026-08-30,00:00:00,2026-08-27,00:00:00,2026-08-28,00:00:00,2026-08-31,00:00:00,Road,HubLine Cargo
"6601355713,6601477217",51612542,6601355713.01-02,Ventilator Circuit Kit Neonatal,11,Lyon,FR,Leipzig DC,DE,2026-08-30,00:00:00,2026-08-27,00:00:00,2026-08-28,00:00:00,2026-08-31,00:00:00,Road,HubLine Cargo
"6601355713,6601477217",51612542,6601355713.01-03,Temperature Probe Skin,2,Lyon,FR,Leipzig DC,DE,2026-08-30,00:00:00,2026-08-27,00:00:00,2026-08-28,00:00:00,2026-08-31,00:00:00,Road,HubLine Cargo
"6601355713,6601477217",51612542,6601477217.01-01,SpO2 Sensor Reusable Pediatric,9,Lyon,FR,Leipzig DC,DE,2026-08-30,00:00:00,2026-08-27,00:00:00,2026-08-28,00:00:00,2026-08-31,00:00:00,Road,HubLine Cargo
"6601355713,6601477217",51612542,6601477217.01-02,Vital Signs Monitor V300 Touch,6,Lyon,FR,Leipzig DC,DE,2026-08-30,00:00:00,2026-08-27,00:00:00,2026-08-28,00:00:00,2026-08-31,00:00:00,Road,HubLine Cargo
"6601355713,6601477217",51612542,6601477217.01-03,NIBP Cuff Set Adult,9,Lyon,FR,Leipzig DC,DE,2026-08-30,00:00:00,2026-08-27,00:00:00,2026-08-28,00:00:00,2026-08-31,00:00:00,Road,HubLine Cargo
"6601355713,6601477217",51612542,6601477217.01-04,Ventilator Circuit Kit Neonatal,7,Lyon,FR,Leipzig DC,DE,2026-08-30,00:00:00,2026-08-27,00:00:00,2026-08-28,00:00:00,2026-08-31,00:00:00,Road,HubLine Cargo
"6600701801,6600970634",54239984,6600701801.01-01,Multi-Param Sensor Module MP-5,10,Rotterdam,NL,Hamburg DC,DE,2026-08-18,00:00:00,2026-08-18,00:00:00,2026-08-19,00:00:00,,,Road,Meridian Air Cargo
"6600701801,6600970634",54239984,6600970634.01-01,NIBP Cuff Set Adult Long,9,Rotterdam,NL,Hamburg DC,DE,2026-08-18,00:00:00,2026-08-18,00:00:00,2026-08-19,00:00:00,,,Road,Meridian Air Cargo
"6600701801,6600970634",54239984,6600970634.01-02,Infusion Pump Docking Station Triple Bay,1,Rotterdam,NL,Hamburg DC,DE,2026-08-18,00:00:00,2026-08-18,00:00:00,2026-08-19,00:00:00,,,Road,Meridian Air Cargo
"6600701801,6600970634",54239984,6600970634.01-03,Ultrasound Probe Linear L12,2,Rotterdam,NL,Hamburg DC,DE,2026-08-18,00:00:00,2026-08-18,00:00:00,2026-08-19,00:00:00,,,Road,Meridian Air Cargo
6601562068,52456894,6601562068.01-01,Defibrillator Pad Set Training,7,Rotterdam,NL,Boeblingen DC,DE,2026-08-08,00:00:00,2026-08-08,00:00:00,2026-08-09,00:00:00,2026-08-12,00:00:00,Road,HubLine Cargo
6601562068,52456894,6601562068.01-02,Bedside Monitor Mount Rail Mount,1,Rotterdam,NL,Boeblingen DC,DE,2026-08-08,00:00:00,2026-08-08,00:00:00,2026-08-09,00:00:00,2026-08-12,00:00:00,Road,HubLine Cargo
6600728082,58117814,6600728082.01-01,ECG Lead Set 3-wire,8,Warsaw,PL,Herrsching DC,DE,2026-08-30,00:00:00,2026-08-24,00:00:00,2026-08-25,00:00:00,2026-08-30,00:00:00,Road,Meridian Air Cargo
6601130672,50312653,6601130672.01-01,Telemetry Transmitter T3,2,Antwerp,BE,Herrsching DC,DE,2026-08-24,00:00:00,2026-08-26,00:00:00,2026-08-27,00:00:00,,,Road,SwiftHaul GmbH
6601130672,50312653,6601130672.01-02,Bedside Monitor Mount Rail Mount,2,Antwerp,BE,Herrsching DC,DE,2026-08-24,00:00:00,2026-08-26,00:00:00,2026-08-27,00:00:00,,,Road,SwiftHaul GmbH
6601130672,50312653,6601130672.01-03,Vital Signs Monitor V300 Touch,4,Antwerp,BE,Herrsching DC,DE,2026-08-24,00:00:00,2026-08-26,00:00:00,2026-08-27,00:00:00,,,Road,SwiftHaul GmbH
6601282848,59619163,6601282848.01-01,Printer Module PM-3 Thermal,10,Chicago,US,Herrsching DC,DE,2026-09-29,00:00:00,,,,,,,Air,Blue Anchor Shipping
6601282848,59619163,6601282848.01-02,NIBP Cuff Set Neonatal,11,Chicago,US,Herrsching DC,DE,2026-09-29,00:00:00,,,,,,,Air,Blue Anchor Shipping
6601282848,59619163,6601282848.01-03,Battery Pack BP-08 Compact,7,Chicago,US,Herrsching DC,DE,2026-09-29,00:00:00,,,,,,,Air,Blue Anchor Shipping
6601282848,59619163,6601282848.01-04,NIBP Cuff Set Thigh,10,Chicago,US,Herrsching DC,DE,2026-09-29,00:00:00,,,,,,,Air,Blue Anchor Shipping
6601442088,51603148,6601442088.01-01,Central Station Display 27in,9,Rotterdam,NL,Herrsching DC,DE,2026-10-06,00:00:00,2026-08-18,00:00:00,2026-08-19,00:00:00,2026-08-23,00:00:00,Road,HubLine Cargo
6601038621,50594177,6601038621.01-01,CO2 Sensor Module Sidestream,2,Singapore,SG,Herrsching DC,DE,2026-08-17,00:00:00,2026-07-31,00:00:00,2026-08-08,00:00:00,2026-08-25,00:00:00,Ocean,SwiftHaul GmbH
6601038621,50594177,6601038621.01-02,CO2 Sensor Module Mainstream,5,Singapore,SG,Herrsching DC,DE,2026-08-17,00:00:00,2026-07-31,00:00:00,2026-08-08,00:00:00,2026-08-25,00:00:00,Ocean,SwiftHaul GmbH
6601388573,54215745,6601388573.01-01,Vital Signs Monitor V200,9,Lyon,FR,Boeblingen DC,DE,2026-10-05,00:00:00,2026-08-29,00:00:00,2026-08-30,00:00:00,,,Road,Meridian Air Cargo
6601388573,54215745,6601388573.01-02,Service Cart Mobile Standard,9,Lyon,FR,Boeblingen DC,DE,2026-10-05,00:00:00,2026-08-29,00:00:00,2026-08-30,00:00:00,,,Road,Meridian Air Cargo
6601210783,52609656,6601210783.01-01,ECG Lead Set 5-wire,11,Hamburg,DE,Leipzig DC,DE,2026-09-23,00:00:00,2026-08-29,00:00:00,2026-08-30,00:00:00,2026-08-30,00:00:00,Road,NorthStar Freight
"6600724920,6601177291",52593438,6600724920.01-01,Defibrillator Pad Set Pediatric,3,Miami,US,Leipzig DC,DE,2026-08-01,00:00:00,2026-08-01,00:00:00,2026-08-06,00:00:00,2026-08-16,00:00:00,Air,HubLine Cargo
"6600724920,6601177291",52593438,6600724920.01-02,Ultrasound Probe Cardiac P4,7,Miami,US,Leipzig DC,DE,2026-08-01,00:00:00,2026-08-01,00:00:00,2026-08-06,00:00:00,2026-08-16,00:00:00,Air,HubLine Cargo
"6600724920,6601177291",52593438,6600724920.01-03,Ventilator Circuit Kit Reusable Adult,3,Miami,US,Leipzig DC,DE,2026-08-01,00:00:00,2026-08-01,00:00:00,2026-08-06,00:00:00,2026-08-16,00:00:00,Air,HubLine Cargo
"6600724920,6601177291",52593438,6601177291.01-01,Network Interface Card Standard,8,Miami,US,Leipzig DC,DE,2026-08-01,00:00:00,2026-08-01,00:00:00,2026-08-06,00:00:00,2026-08-16,00:00:00,Air,HubLine Cargo
"6600724920,6601177291",52593438,6601177291.01-02,Temperature Probe Esophageal,4,Miami,US,Leipzig DC,DE,2026-08-01,00:00:00,2026-08-01,00:00:00,2026-08-06,00:00:00,2026-08-16,00:00:00,Air,HubLine Cargo
6600865577,52871791,6600865577.01-01,Vital Signs Monitor V300 Wall Mount,9,Miami,US,Leipzig DC,DE,2026-08-25,00:00:00,2026-08-11,00:00:00,2026-08-16,00:00:00,2026-08-27,00:00:00,Air,SwiftHaul GmbH
6600865577,52871791,6600865577.01-02,Central Station Display 32in Curved,6,Miami,US,Leipzig DC,DE,2026-08-25,00:00:00,2026-08-11,00:00:00,2026-08-16,00:00:00,2026-08-27,00:00:00,Air,SwiftHaul GmbH
6601003432,55364066,6601003432.01-01,Multi-Param Sensor Module MP-5,1,Antwerp,BE,Boeblingen DC,DE,2026-09-30,00:00:00,2026-08-31,00:00:00,2026-09-01,00:00:00,,,Road,SwiftHaul GmbH
"6601171181,6600737520",56797966,6600737520.01-01,Wall Mount Arm Single Monitor,5,Rotterdam,NL,Herrsching DC,DE,2026-08-28,00:00:00,2026-08-22,00:00:00,2026-08-23,00:00:00,2026-08-26,00:00:00,Road,NorthStar Freight
"6601171181,6600737520",56797966,6600737520.01-02,Defibrillator Pad Set Training,9,Rotterdam,NL,Herrsching DC,DE,2026-08-28,00:00:00,2026-08-22,00:00:00,2026-08-23,00:00:00,2026-08-26,00:00:00,Road,NorthStar Freight
"6601171181,6600737520",56797966,6600737520.01-03,NIBP Cuff Set Pediatric,9,Rotterdam,NL,Herrsching DC,DE,2026-08-28,00:00:00,2026-08-22,00:00:00,2026-08-23,00:00:00,2026-08-26,00:00:00,Road,NorthStar Freight
"6601171181,6600737520",56797966,6600737520.01-04,CO2 Sensor Module Sidestream,3,Rotterdam,NL,Herrsching DC,DE,2026-08-28,00:00:00,2026-08-22,00:00:00,2026-08-23,00:00:00,2026-08-26,00:00:00,Road,NorthStar Freight
"6601171181,6600737520",56797966,6601171181.01-01,SpO2 Sensor Disposable Adult,2,Rotterdam,NL,Herrsching DC,DE,2026-08-28,00:00:00,2026-08-22,00:00:00,2026-08-23,00:00:00,2026-08-26,00:00:00,Road,NorthStar Freight
"6601171181,6600737520",56797966,6601171181.01-02,Central Station Display 24in,2,Rotterdam,NL,Herrsching DC,DE,2026-08-28,00:00:00,2026-08-22,00:00:00,2026-08-23,00:00:00,2026-08-26,00:00:00,Road,NorthStar Freight
6601109231,53421824,6601109231.01-01,Vital Signs Monitor V100 Compact,5,Warsaw,PL,Leipzig DC,DE,2026-08-23,00:00:00,2026-08-21,00:00:00,2026-08-22,00:00:00,2026-08-23,00:00:00,Road,Blue Anchor Shipping
6600977742,51760759,6600977742.01-01,Central Monitoring Software License 40-Bed Enterprise,6,Rotterdam,NL,Leipzig DC,DE,2026-10-09,00:00:00,2026-08-20,00:00:00,2026-08-21,00:00:00,2026-08-24,00:00:00,Road,HubLine Cargo
6600977742,51760759,6600977742.01-02,SpO2 Sensor Reusable Pediatric,4,Rotterdam,NL,Leipzig DC,DE,2026-10-09,00:00:00,2026-08-20,00:00:00,2026-08-21,00:00:00,2026-08-24,00:00:00,Road,HubLine Cargo
6600977742,51760759,6600977742.01-03,Temperature Probe Skin,4,Rotterdam,NL,Leipzig DC,DE,2026-10-09,00:00:00,2026-08-20,00:00:00,2026-08-21,00:00:00,2026-08-24,00:00:00,Road,HubLine Cargo
6600977742,51760759,6600977742.01-04,Vital Signs Monitor V300 Wall Mount,4,Rotterdam,NL,Leipzig DC,DE,2026-10-09,00:00:00,2026-08-20,00:00:00,2026-08-21,00:00:00,2026-08-24,00:00:00,Road,HubLine Cargo
6600942153,55192340,6600942153.01-01,Multi-Param Sensor Module MP-3 Compact,1,Shenzhen,CN,Leipzig DC,DE,2026-09-07,00:00:00,2026-07-28,00:00:00,2026-08-05,00:00:00,2026-08-25,00:00:00,Ocean,SwiftHaul GmbH
6600988733,52506715,6600988733.01-01,SpO2 Sensor Reusable Adult,3,Chicago,US,Leipzig DC,DE,2026-08-06,00:00:00,,,,,,,Air,HubLine Cargo
6600988733,52506715,6600988733.01-02,Patient Monitor Gateway X1,4,Chicago,US,Leipzig DC,DE,2026-08-06,00:00:00,,,,,,,Air,HubLine Cargo
6600988733,52506715,6600988733.01-03,Infusion Pump IP-300 Compact,9,Chicago,US,Leipzig DC,DE,2026-08-06,00:00:00,,,,,,,Air,HubLine Cargo
6601588004,57214514,6601588004.01-01,Central Station Display 27in,8,Miami,US,Leipzig DC,DE,2026-08-17,00:00:00,,,,,,,Air,Blue Anchor Shipping
6601294541,52002251,6601294541.01-01,SpO2 Sensor Disposable Adult,3,Milan,IT,Leipzig DC,DE,2026-08-17,00:00:00,2026-08-16,00:00:00,2026-08-17,00:00:00,,,Road,Meridian Air Cargo
6601294541,52002251,6601294541.01-02,Service Cart Mobile Standard,11,Milan,IT,Leipzig DC,DE,2026-08-17,00:00:00,2026-08-16,00:00:00,2026-08-17,00:00:00,,,Road,Meridian Air Cargo
6601488417,52394186,6601488417.01-01,Ventilator Circuit Kit Adult,9,Los Angeles,US,Leipzig DC,DE,2026-08-26,00:00:00,,,,,,,Air,HubLine Cargo
6601488417,52394186,6601488417.01-02,Vital Signs Monitor V300 Touch,11,Los Angeles,US,Leipzig DC,DE,2026-08-26,00:00:00,,,,,,,Air,HubLine Cargo
6601027118,54379548,6601027118.01-01,Ultrasound Probe Linear L12,1,Los Angeles,US,Herrsching DC,DE,2026-08-23,00:00:00,2026-08-13,00:00:00,2026-08-18,00:00:00,2026-08-31,00:00:00,Air,HubLine Cargo
6601027118,54379548,6601027118.01-02,CO2 Sensor Module Sidestream,3,Los Angeles,US,Herrsching DC,DE,2026-08-23,00:00:00,2026-08-13,00:00:00,2026-08-18,00:00:00,2026-08-31,00:00:00,Air,HubLine Cargo
6601027118,54379548,6601027118.01-03,Central Station Display 32in Curved,11,Los Angeles,US,Herrsching DC,DE,2026-08-23,00:00:00,2026-08-13,00:00:00,2026-08-18,00:00:00,2026-08-31,00:00:00,Air,HubLine Cargo
6601027118,54379548,6601027118.01-04,Battery Pack BP-24 Extended,7,Los Angeles,US,Herrsching DC,DE,2026-08-23,00:00:00,2026-08-13,00:00:00,2026-08-18,00:00:00,2026-08-31,00:00:00,Air,HubLine Cargo
6601191273,57564133,6601191273.01-01,Vital Signs Monitor V300 Touch,7,Los Angeles,US,Hamburg DC,DE,2026-08-18,00:00:00,2026-08-12,00:00:00,2026-08-17,00:00:00,2026-08-27,00:00:00,Air,NorthStar Freight
6601191273,57564133,6601191273.01-02,Patient Monitor Gateway X2 Wireless,2,Los Angeles,US,Hamburg DC,DE,2026-08-18,00:00:00,2026-08-12,00:00:00,2026-08-17,00:00:00,2026-08-27,00:00:00,Air,NorthStar Freight
6601111683,55261923,6601111683.01-01,Telemetry Transmitter T3,9,Shenzhen,CN,Leipzig DC,DE,2026-08-20,00:00:00,2026-08-22,00:00:00,2026-08-30,00:00:00,,,Ocean,SwiftHaul GmbH
6601111683,55261923,6601111683.01-02,SpO2 Sensor Reusable Pediatric,9,Shenzhen,CN,Leipzig DC,DE,2026-08-20,00:00:00,2026-08-22,00:00:00,2026-08-30,00:00:00,,,Ocean,SwiftHaul GmbH
6601111683,55261923,6601111683.01-03,NIBP Cuff Set Pediatric,4,Shenzhen,CN,Leipzig DC,DE,2026-08-20,00:00:00,2026-08-22,00:00:00,2026-08-30,00:00:00,,,Ocean,SwiftHaul GmbH
6601279734,59801483,6601279734.01-01,Telemetry Transmitter T3 Mini,8,Antwerp,BE,Herrsching DC,DE,2026-09-04,00:00:00,,,,,,,Road,SwiftHaul GmbH
6601279734,59801483,6601279734.01-02,SpO2 Sensor Reusable Adult,8,Antwerp,BE,Herrsching DC,DE,2026-09-04,00:00:00,,,,,,,Road,SwiftHaul GmbH
6601033787,51606956,6601033787.01-01,Wall Mount Arm Single Monitor,1,Antwerp,BE,Hamburg DC,DE,2026-08-15,00:00:00,2026-08-24,00:00:00,2026-08-25,00:00:00,,,Road,HubLine Cargo
6601452300,52956517,6601452300.01-01,Printer Module PM-3,11,Chicago,US,Boeblingen DC,DE,2026-07-29,00:00:00,2026-07-31,00:00:00,2026-08-04,00:00:00,2026-08-14,00:00:00,Air,SwiftHaul GmbH
6601452300,52956517,6601452300.01-02,Central Monitoring Software License 40-Bed Enterprise,5,Chicago,US,Boeblingen DC,DE,2026-07-29,00:00:00,2026-07-31,00:00:00,2026-08-04,00:00:00,2026-08-14,00:00:00,Air,SwiftHaul GmbH
6601452300,52956517,6601452300.01-03,Network Interface Card Standard,8,Chicago,US,Boeblingen DC,DE,2026-07-29,00:00:00,2026-07-31,00:00:00,2026-08-04,00:00:00,2026-08-14,00:00:00,Air,SwiftHaul GmbH
6600759697,57505476,6600759697.01-01,SpO2 Sensor Reusable Adult,3,Chicago,US,Boeblingen DC,DE,2026-08-31,00:00:00,,,,,,,Air,NorthStar Freight
6600759697,57505476,6600759697.01-02,Temperature Probe Esophageal,7,Chicago,US,Boeblingen DC,DE,2026-08-31,00:00:00,,,,,,,Air,NorthStar Freight
6600967118,56777487,6600967118.01-01,Central Monitoring Software License 10-Bed,12,Shanghai,CN,Herrsching DC,DE,2026-09-16,00:00:00,2026-07-28,00:00:00,2026-08-06,00:00:00,2026-08-24,00:00:00,Ocean,Meridian Air Cargo
6601119985,53309731,6601119985.01-01,Battery Pack BP-12,12,Los Angeles,US,Leipzig DC,DE,2026-09-05,00:00:00,,,,,,,Air,EuroCargo Express
6601119985,53309731,6601119985.01-02,Patient Monitor Gateway X2 Wireless,9,Los Angeles,US,Leipzig DC,DE,2026-09-05,00:00:00,,,,,,,Air,EuroCargo Express
6600801653,58005682,6600801653.01-01,SpO2 Sensor Disposable Adult,6,Shanghai,CN,Herrsching DC,DE,2026-09-07,00:00:00,,,,,,,Ocean,NorthStar Freight
6600801653,58005682,6600801653.01-02,Infusion Pump IP-300 Compact,4,Shanghai,CN,Herrsching DC,DE,2026-09-07,00:00:00,,,,,,,Ocean,NorthStar Freight
6601283299,53250614,6601283299.01-01,Ultrasound Probe Cardiac P4,7,Bratislava,SK,Leipzig DC,DE,2026-09-15,00:00:00,2026-08-30,00:00:00,2026-08-31,00:00:00,,,Road,Blue Anchor Shipping
"6600833372,6601689300",59365980,6600833372.01-01,Central Station Display 32in Curved,5,Shenzhen,CN,Leipzig DC,DE,2026-08-26,00:00:00,,,,,,,Ocean,EuroCargo Express
"6600833372,6601689300",59365980,6600833372.01-02,NIBP Cuff Set Neonatal,6,Shenzhen,CN,Leipzig DC,DE,2026-08-26,00:00:00,,,,,,,Ocean,EuroCargo Express
"6600833372,6601689300",59365980,6601689300.01-01,CO2 Sensor Module Mainstream,1,Shenzhen,CN,Leipzig DC,DE,2026-08-26,00:00:00,,,,,,,Ocean,EuroCargo Express
6601368342,53833145,6601368342.01-01,CO2 Sensor Module Mainstream,7,Chicago,US,Leipzig DC,DE,2026-08-27,00:00:00,,,,,,,Air,Blue Anchor Shipping
6601368342,53833145,6601368342.01-02,Vital Signs Monitor V200,1,Chicago,US,Leipzig DC,DE,2026-08-27,00:00:00,,,,,,,Air,Blue Anchor Shipping
6601368342,53833145,6601368342.01-03,Defibrillator Pad Set Pediatric,9,Chicago,US,Leipzig DC,DE,2026-08-27,00:00:00,,,,,,,Air,Blue Anchor Shipping
6601065690,55985528,6601065690.01-01,Wall Mount Arm Dual Monitor,8,Los Angeles,US,Hamburg DC,DE,2026-08-21,00:00:00,2026-08-14,00:00:00,2026-08-19,00:00:00,2026-08-28,00:00:00,Air,NorthStar Freight
6601003246,58682501,6601003246.01-01,NIBP Cuff Set Thigh,3,Chicago,US,Herrsching DC,DE,2026-09-26,00:00:00,2026-08-12,00:00:00,2026-08-16,00:00:00,2026-08-26,00:00:00,Air,NorthStar Freight
"6601263239,6601175893",57740792,6601175893.01-01,Multi-Param Sensor Module MP-8 Plus,7,Bratislava,SK,Boeblingen DC,DE,2026-09-01,00:00:00,2026-08-24,00:00:00,2026-08-25,00:00:00,2026-08-26,00:00:00,Road,Meridian Air Cargo
"6601263239,6601175893",57740792,6601175893.01-02,Telemetry Transmitter T3 Mini,7,Bratislava,SK,Boeblingen DC,DE,2026-09-01,00:00:00,2026-08-24,00:00:00,2026-08-25,00:00:00,2026-08-26,00:00:00,Road,Meridian Air Cargo
"6601263239,6601175893",57740792,6601175893.01-03,Infusion Pump Docking Station Triple Bay,2,Bratislava,SK,Boeblingen DC,DE,2026-09-01,00:00:00,2026-08-24,00:00:00,2026-08-25,00:00:00,2026-08-26,00:00:00,Road,Meridian Air Cargo
"6601263239,6601175893",57740792,6601175893.01-04,Infusion Pump IP-300 Compact,4,Bratislava,SK,Boeblingen DC,DE,2026-09-01,00:00:00,2026-08-24,00:00:00,2026-08-25,00:00:00,2026-08-26,00:00:00,Road,Meridian Air Cargo
"6601263239,6601175893",57740792,6601263239.01-01,CO2 Sensor Module Mainstream,4,Bratislava,SK,Boeblingen DC,DE,2026-09-01,00:00:00,2026-08-24,00:00:00,2026-08-25,00:00:00,2026-08-26,00:00:00,Road,Meridian Air Cargo
6601111251,56637197,6601111251.01-01,Multi-Param Sensor Module MP-8 Plus,3,Chicago,US,Boeblingen DC,DE,2026-08-27,00:00:00,,,,,,,Air,SwiftHaul GmbH
6601162900,50166921,6601162900.01-01,ECG Lead Set 5-wire,11,Shanghai,CN,Boeblingen DC,DE,2026-07-17,00:00:00,,,,,,,Ocean,SwiftHaul GmbH
6601162900,50166921,6601162900.01-02,Vital Signs Monitor V200 Cart Mount,5,Shanghai,CN,Boeblingen DC,DE,2026-07-17,00:00:00,,,,,,,Ocean,SwiftHaul GmbH
"6600702609,6601306579",53980005,6600702609.01-01,Ventilator Circuit Kit Neonatal,7,Warsaw,PL,Leipzig DC,DE,2026-08-12,00:00:00,,,,,,,Road,NorthStar Freight
"6600702609,6601306579",53980005,6601306579.01-01,Central Monitoring Software License 40-Bed Enterprise,7,Warsaw,PL,Leipzig DC,DE,2026-08-12,00:00:00,,,,,,,Road,NorthStar Freight
"6600702609,6601306579",53980005,6601306579.01-02,Bedside Monitor Mount Wall Arm,2,Warsaw,PL,Leipzig DC,DE,2026-08-12,00:00:00,,,,,,,Road,NorthStar Freight
"6600702609,6601306579",53980005,6601306579.01-03,Service Cart Mobile Standard,11,Warsaw,PL,Leipzig DC,DE,2026-08-12,00:00:00,,,,,,,Road,NorthStar Freight
"6600702609,6601306579",53980005,6601306579.01-04,Temperature Probe Skin,1,Warsaw,PL,Leipzig DC,DE,2026-08-12,00:00:00,,,,,,,Road,NorthStar Freight
6601095516,54732937,6601095516.01-01,Ventilator Circuit Kit Neonatal,9,Rotterdam,NL,Herrsching DC,DE,2026-09-20,00:00:00,2026-08-29,00:00:00,2026-08-30,00:00:00,,,Road,SwiftHaul GmbH
6601095516,54732937,6601095516.01-02,Ultrasound Probe Cardiac P4,8,Rotterdam,NL,Herrsching DC,DE,2026-09-20,00:00:00,2026-08-29,00:00:00,2026-08-30,00:00:00,,,Road,SwiftHaul GmbH
6601287874,55235586,6601287874.01-01,Defibrillator Pad Set Training,11,Rotterdam,NL,Leipzig DC,DE,2026-09-12,00:00:00,,,,,,,Road,Meridian Air Cargo
6600777519,52916099,6600777519.01-01,Patient Cable NIBP Hose 2.5m,8,Chicago,US,Boeblingen DC,DE,2026-09-28,00:00:00,2026-08-29,00:00:00,2026-09-02,00:00:00,,,Air,Meridian Air Cargo
6601672153,55946962,6601672153.01-01,Infusion Pump Docking Station Single Bay,7,Hamburg,DE,Boeblingen DC,DE,2026-10-04,00:00:00,2026-08-20,00:00:00,2026-08-21,00:00:00,2026-08-22,00:00:00,Road,NorthStar Freight
6601627413,52771160,6601627413.01-01,Telemetry Transmitter T3 Mini,5,Shenzhen,CN,Leipzig DC,DE,2026-08-19,00:00:00,2026-08-18,00:00:00,2026-08-26,00:00:00,,,Ocean,Meridian Air Cargo
6601627413,52771160,6601627413.01-02,Multi-Param Sensor Module MP-5,2,Shenzhen,CN,Leipzig DC,DE,2026-08-19,00:00:00,2026-08-18,00:00:00,2026-08-26,00:00:00,,,Ocean,Meridian Air Cargo
6601574154,58568032,6601574154.01-01,Printer Module PM-3 Thermal,12,Warsaw,PL,Boeblingen DC,DE,2026-08-16,00:00:00,2026-08-16,00:00:00,2026-08-17,00:00:00,2026-08-20,00:00:00,Road,Meridian Air Cargo
6600812212,56732166,6600812212.01-01,Infusion Pump Docking Station Single Bay,7,Singapore,SG,Hamburg DC,DE,2026-08-15,00:00:00,2026-08-15,00:00:00,2026-08-22,00:00:00,,,Ocean,NorthStar Freight
6600812212,56732166,6600812212.01-02,Vital Signs Monitor V300 Wall Mount,9,Singapore,SG,Hamburg DC,DE,2026-08-15,00:00:00,2026-08-15,00:00:00,2026-08-22,00:00:00,,,Ocean,NorthStar Freight
"6600988104,6600902874",50527765,6600902874.01-01,Multi-Param Sensor Module MP-5,4,Hamburg,DE,Boeblingen DC,DE,2026-08-23,00:00:00,2026-08-26,00:00:00,2026-08-27,00:00:00,2026-08-30,00:00:00,Road,HubLine Cargo
"6600988104,6600902874",50527765,6600988104.01-01,Infusion Pump IP-300 Compact,5,Hamburg,DE,Boeblingen DC,DE,2026-08-23,00:00:00,2026-08-26,00:00:00,2026-08-27,00:00:00,2026-08-30,00:00:00,Road,HubLine Cargo
"6600988104,6600902874",50527765,6600988104.01-02,CO2 Sensor Module Mainstream,5,Hamburg,DE,Boeblingen DC,DE,2026-08-23,00:00:00,2026-08-26,00:00:00,2026-08-27,00:00:00,2026-08-30,00:00:00,Road,HubLine Cargo
6601679397,56908552,6601679397.01-01,Patient Cable NIBP Hose 2.5m,1,Hamburg,DE,Hamburg DC,DE,2026-10-01,00:00:00,2026-08-31,00:00:00,2026-09-01,00:00:00,,,Road,Meridian Air Cargo
6601679397,56908552,6601679397.01-02,Ventilator Circuit Kit Reusable Adult,3,Hamburg,DE,Hamburg DC,DE,2026-10-01,00:00:00,2026-08-31,00:00:00,2026-09-01,00:00:00,,,Road,Meridian Air Cargo
6601035048,58575205,6601035048.01-01,Multi-Param Sensor Module MP-5,11,Shanghai,CN,Leipzig DC,DE,2026-08-31,00:00:00,2026-07-31,00:00:00,2026-08-08,00:00:00,2026-08-26,00:00:00,Ocean,NorthStar Freight
6601035048,58575205,6601035048.01-02,SpO2 Sensor Reusable Adult,6,Shanghai,CN,Leipzig DC,DE,2026-08-31,00:00:00,2026-07-31,00:00:00,2026-08-08,00:00:00,2026-08-26,00:00:00,Ocean,NorthStar Freight
6601294744,55423377,6601294744.01-01,Network Interface Card Redundant Dual-Port,12,Rotterdam,NL,Boeblingen DC,DE,2026-08-10,00:00:00,2026-08-10,00:00:00,2026-08-11,00:00:00,,,Road,HubLine Cargo
6601294744,55423377,6601294744.01-02,Defibrillator Pad Set Adult,1,Rotterdam,NL,Boeblingen DC,DE,2026-08-10,00:00:00,2026-08-10,00:00:00,2026-08-11,00:00:00,,,Road,HubLine Cargo
6601604277,52537532,6601604277.01-01,CO2 Sensor Module Sidestream,1,Bratislava,SK,Hamburg DC,DE,2026-09-16,00:00:00,2026-08-19,00:00:00,2026-08-20,00:00:00,2026-08-22,00:00:00,Road,SwiftHaul GmbH
6601604277,52537532,6601604277.01-02,Infusion Pump Docking Station Single Bay,6,Bratislava,SK,Hamburg DC,DE,2026-09-16,00:00:00,2026-08-19,00:00:00,2026-08-20,00:00:00,2026-08-22,00:00:00,Road,SwiftHaul GmbH
6601519371,57907800,6601519371.01-01,Temperature Probe Esophageal,8,Rotterdam,NL,Hamburg DC,DE,2026-09-15,00:00:00,,,,,,,Road,SwiftHaul GmbH
6601519371,57907800,6601519371.01-02,Patient Cable ECG 5-lead 3m,5,Rotterdam,NL,Hamburg DC,DE,2026-09-15,00:00:00,,,,,,,Road,SwiftHaul GmbH
6601276896,54175706,6601276896.01-01,Patient Cable SpO2 Extension 2m,6,Lyon,FR,Boeblingen DC,DE,2026-08-09,00:00:00,2026-08-10,00:00:00,2026-08-11,00:00:00,2026-08-12,00:00:00,Road,EuroCargo Express
6601276896,54175706,6601276896.01-02,Defibrillator Pad Set Training,8,Lyon,FR,Boeblingen DC,DE,2026-08-09,00:00:00,2026-08-10,00:00:00,2026-08-11,00:00:00,2026-08-12,00:00:00,Road,EuroCargo Express
6601276896,54175706,6601276896.01-03,Vital Signs Monitor V300 Wall Mount,7,Lyon,FR,Boeblingen DC,DE,2026-08-09,00:00:00,2026-08-10,00:00:00,2026-08-11,00:00:00,2026-08-12,00:00:00,Road,EuroCargo Express
6601276896,54175706,6601276896.01-04,SpO2 Sensor Disposable Adult,5,Lyon,FR,Boeblingen DC,DE,2026-08-09,00:00:00,2026-08-10,00:00:00,2026-08-11,00:00:00,2026-08-12,00:00:00,Road,EuroCargo Express
6601557979,51496558,6601557979.01-01,Central Monitoring Software License 10-Bed,1,Lyon,FR,Herrsching DC,DE,2026-09-15,00:00:00,2026-08-21,00:00:00,2026-08-22,00:00:00,2026-08-26,00:00:00,Road,NorthStar Freight
6601557979,51496558,6601557979.01-02,Central Station Display 32in Curved,4,Lyon,FR,Herrsching DC,DE,2026-09-15,00:00:00,2026-08-21,00:00:00,2026-08-22,00:00:00,2026-08-26,00:00:00,Road,NorthStar Freight
6601159945,58249740,6601159945.01-01,Network Interface Card Standard,1,Bratislava,SK,Boeblingen DC,DE,2026-08-27,00:00:00,2026-08-28,00:00:00,2026-08-29,00:00:00,2026-08-31,00:00:00,Road,Blue Anchor Shipping
6601159945,58249740,6601159945.01-02,NIBP Cuff Set Neonatal,1,Bratislava,SK,Boeblingen DC,DE,2026-08-27,00:00:00,2026-08-28,00:00:00,2026-08-29,00:00:00,2026-08-31,00:00:00,Road,Blue Anchor Shipping
6601159945,58249740,6601159945.01-03,Bedside Monitor Mount Rolling Stand,1,Bratislava,SK,Boeblingen DC,DE,2026-08-27,00:00:00,2026-08-28,00:00:00,2026-08-29,00:00:00,2026-08-31,00:00:00,Road,Blue Anchor Shipping
6601159945,58249740,6601159945.01-04,Printer Module PM-3,8,Bratislava,SK,Boeblingen DC,DE,2026-08-27,00:00:00,2026-08-28,00:00:00,2026-08-29,00:00:00,2026-08-31,00:00:00,Road,Blue Anchor Shipping
6600734631,51668690,6600734631.01-01,Anesthesia Gas Module Compact 3-Gas,12,Hamburg,DE,Hamburg DC,DE,2026-08-25,00:00:00,2026-08-26,00:00:00,2026-08-27,00:00:00,2026-08-27,00:00:00,Road,HubLine Cargo
6600707386,53085448,6600707386.01-01,Network Interface Card Standard,6,Los Angeles,US,Leipzig DC,DE,2026-09-26,00:00:00,,,,,,,Air,EuroCargo Express
6600707386,53085448,6600707386.01-02,NIBP Cuff Set Pediatric,11,Los Angeles,US,Leipzig DC,DE,2026-09-26,00:00:00,,,,,,,Air,EuroCargo Express
6601359337,54139869,6601359337.01-01,Telemetry Transmitter T5 Dual-Channel,11,Los Angeles,US,Hamburg DC,DE,2026-09-14,00:00:00,2026-08-30,00:00:00,2026-09-04,00:00:00,,,Air,Meridian Air Cargo
6601359337,54139869,6601359337.01-02,Service Cart Mobile Locking,8,Los Angeles,US,Hamburg DC,DE,2026-09-14,00:00:00,2026-08-30,00:00:00,2026-09-04,00:00:00,,,Air,Meridian Air Cargo
6600777476,59352425,6600777476.01-01,SpO2 Sensor Disposable Adult,9,Bratislava,SK,Leipzig DC,DE,2026-10-06,00:00:00,,,,,,,Road,Meridian Air Cargo
6600777476,59352425,6600777476.01-02,Ultrasound Probe Linear L12,9,Bratislava,SK,Leipzig DC,DE,2026-10-06,00:00:00,,,,,,,Road,Meridian Air Cargo
6600806780,57651387,6600806780.01-01,SpO2 Sensor Finger Clip,8,Singapore,SG,Leipzig DC,DE,2026-08-03,00:00:00,2026-08-03,00:00:00,2026-08-10,00:00:00,2026-08-26,00:00:00,Ocean,Blue Anchor Shipping
6601130701,54645108,6601130701.01-01,Central Monitoring Software License 10-Bed,7,Hamburg,DE,Hamburg DC,DE,2026-09-21,00:00:00,2026-08-31,00:00:00,2026-09-01,00:00:00,,,Road,HubLine Cargo
6601130701,54645108,6601130701.01-02,NIBP Cuff Set Pediatric,8,Hamburg,DE,Hamburg DC,DE,2026-09-21,00:00:00,2026-08-31,00:00:00,2026-09-01,00:00:00,,,Road,HubLine Cargo
6601319180,55263874,6601319180.01-01,Anesthesia Gas Module Compact 3-Gas,3,Shanghai,CN,Boeblingen DC,DE,2026-08-08,00:00:00,,,,,,,Ocean,Blue Anchor Shipping
6601284116,53079580,6601284116.01-01,Temperature Probe Rectal,9,Rotterdam,NL,Herrsching DC,DE,2026-09-04,00:00:00,2026-08-30,00:00:00,2026-08-31,00:00:00,,,Road,NorthStar Freight
6601284116,53079580,6601284116.01-02,Patient Cable NIBP Hose 2.5m,6,Rotterdam,NL,Herrsching DC,DE,2026-09-04,00:00:00,2026-08-30,00:00:00,2026-08-31,00:00:00,,,Road,NorthStar Freight
6600838153,56717194,6600838153.01-01,SpO2 Sensor Reusable Adult,2,Singapore,SG,Hamburg DC,DE,2026-09-02,00:00:00,2026-07-30,00:00:00,2026-08-06,00:00:00,2026-08-22,00:00:00,Ocean,EuroCargo Express
6600838153,56717194,6600838153.01-02,Vital Signs Monitor V100 Compact,2,Singapore,SG,Hamburg DC,DE,2026-09-02,00:00:00,2026-07-30,00:00:00,2026-08-06,00:00:00,2026-08-22,00:00:00,Ocean,EuroCargo Express
6600838153,56717194,6600838153.01-03,Ventilator Circuit Kit Reusable Adult,4,Singapore,SG,Hamburg DC,DE,2026-09-02,00:00:00,2026-07-30,00:00:00,2026-08-06,00:00:00,2026-08-22,00:00:00,Ocean,EuroCargo Express
6600817808,53142356,6600817808.01-01,ECG Lead Set 5-wire,6,Warsaw,PL,Herrsching DC,DE,2026-09-14,00:00:00,2026-08-20,00:00:00,2026-08-21,00:00:00,2026-08-25,00:00:00,Road,NorthStar Freight
6600817808,53142356,6600817808.01-02,ECG Lead Set 3-wire,6,Warsaw,PL,Herrsching DC,DE,2026-09-14,00:00:00,2026-08-20,00:00:00,2026-08-21,00:00:00,2026-08-25,00:00:00,Road,NorthStar Freight
6600900516,52645450,6600900516.01-01,Temperature Probe Esophageal,10,Chicago,US,Hamburg DC,DE,2026-08-23,00:00:00,,,,,,,Air,HubLine Cargo
6600900516,52645450,6600900516.01-02,Battery Pack BP-08 Compact,6,Chicago,US,Hamburg DC,DE,2026-08-23,00:00:00,,,,,,,Air,HubLine Cargo
6600900516,52645450,6600900516.01-03,Ventilator Circuit Kit Adult,2,Chicago,US,Hamburg DC,DE,2026-08-23,00:00:00,,,,,,,Air,HubLine Cargo
6600900516,52645450,6600900516.01-04,Patient Cable NIBP Hose 2.5m,3,Chicago,US,Hamburg DC,DE,2026-08-23,00:00:00,,,,,,,Air,HubLine Cargo
6601341782,58163696,6601341782.01-01,Central Station Display 27in,7,Hamburg,DE,Leipzig DC,DE,2026-08-15,00:00:00,2026-08-16,00:00:00,2026-08-17,00:00:00,2026-08-17,00:00:00,Road,Meridian Air Cargo
6601341782,58163696,6601341782.01-02,CO2 Sensor Module Mainstream,9,Hamburg,DE,Leipzig DC,DE,2026-08-15,00:00:00,2026-08-16,00:00:00,2026-08-17,00:00:00,2026-08-17,00:00:00,Road,Meridian Air Cargo
6601341782,58163696,6601341782.01-03,Ultrasound Probe Cardiac P4,12,Hamburg,DE,Leipzig DC,DE,2026-08-15,00:00:00,2026-08-16,00:00:00,2026-08-17,00:00:00,2026-08-17,00:00:00,Road,Meridian Air Cargo
6601341782,58163696,6601341782.01-04,Telemetry Transmitter T3,11,Hamburg,DE,Leipzig DC,DE,2026-08-15,00:00:00,2026-08-16,00:00:00,2026-08-17,00:00:00,2026-08-17,00:00:00,Road,Meridian Air Cargo
6601389219,55219747,6601389219.01-01,SpO2 Sensor Finger Clip,11,Milan,IT,Leipzig DC,DE,2026-10-03,00:00:00,2026-08-31,00:00:00,2026-09-01,00:00:00,,,Road,EuroCargo Express
6601389219,55219747,6601389219.01-02,Infusion Pump Docking Station Triple Bay,10,Milan,IT,Leipzig DC,DE,2026-10-03,00:00:00,2026-08-31,00:00:00,2026-09-01,00:00:00,,,Road,EuroCargo Express
6601443602,55717804,6601443602.01-01,Infusion Pump IP-500,5,Miami,US,Leipzig DC,DE,2026-09-05,00:00:00,2026-08-14,00:00:00,2026-08-19,00:00:00,2026-08-29,00:00:00,Air,SwiftHaul GmbH
6601443602,55717804,6601443602.01-02,Anesthesia Gas Module Standard 5-Gas,11,Miami,US,Leipzig DC,DE,2026-09-05,00:00:00,2026-08-14,00:00:00,2026-08-19,00:00:00,2026-08-29,00:00:00,Air,SwiftHaul GmbH
6601443602,55717804,6601443602.01-03,Network Interface Card Standard,12,Miami,US,Leipzig DC,DE,2026-09-05,00:00:00,2026-08-14,00:00:00,2026-08-19,00:00:00,2026-08-29,00:00:00,Air,SwiftHaul GmbH
6601443602,55717804,6601443602.01-04,Service Cart Mobile Locking,4,Miami,US,Leipzig DC,DE,2026-09-05,00:00:00,2026-08-14,00:00:00,2026-08-19,00:00:00,2026-08-29,00:00:00,Air,SwiftHaul GmbH
6601678949,51507403,6601678949.01-01,Telemetry Transmitter T3 Mini,1,Chicago,US,Herrsching DC,DE,2026-08-21,00:00:00,2026-08-08,00:00:00,2026-08-12,00:00:00,2026-08-21,00:00:00,Air,EuroCargo Express
6601678949,51507403,6601678949.01-02,Bedside Monitor Mount Wall Arm,11,Chicago,US,Herrsching DC,DE,2026-08-21,00:00:00,2026-08-08,00:00:00,2026-08-12,00:00:00,2026-08-21,00:00:00,Air,EuroCargo Express
6601678949,51507403,6601678949.01-03,NIBP Cuff Set Adult,6,Chicago,US,Herrsching DC,DE,2026-08-21,00:00:00,2026-08-08,00:00:00,2026-08-12,00:00:00,2026-08-21,00:00:00,Air,EuroCargo Express
6601678949,51507403,6601678949.01-04,Vital Signs Monitor V200,9,Chicago,US,Herrsching DC,DE,2026-08-21,00:00:00,2026-08-08,00:00:00,2026-08-12,00:00:00,2026-08-21,00:00:00,Air,EuroCargo Express
6601161784,52841459,6601161784.01-01,Vital Signs Monitor V200 Cart Mount,5,Antwerp,BE,Hamburg DC,DE,2026-08-24,00:00:00,2026-08-24,00:00:00,2026-08-25,00:00:00,2026-08-30,00:00:00,Road,SwiftHaul GmbH
6601161784,52841459,6601161784.01-02,Defibrillator Pad Set Training,8,Antwerp,BE,Hamburg DC,DE,2026-08-24,00:00:00,2026-08-24,00:00:00,2026-08-25,00:00:00,2026-08-30,00:00:00,Road,SwiftHaul GmbH
6601161784,52841459,6601161784.01-03,Multi-Param Sensor Module MP-3 Compact,2,Antwerp,BE,Hamburg DC,DE,2026-08-24,00:00:00,2026-08-24,00:00:00,2026-08-25,00:00:00,2026-08-30,00:00:00,Road,SwiftHaul GmbH
6601161784,52841459,6601161784.01-04,Temperature Probe Skin,8,Antwerp,BE,Hamburg DC,DE,2026-08-24,00:00:00,2026-08-24,00:00:00,2026-08-25,00:00:00,2026-08-30,00:00:00,Road,SwiftHaul GmbH
6601172842,56615626,6601172842.01-01,Infusion Pump IP-700 Dual,2,Bratislava,SK,Hamburg DC,DE,2026-10-06,00:00:00,2026-08-19,00:00:00,2026-08-20,00:00:00,2026-08-26,00:00:00,Road,SwiftHaul GmbH
6600720941,57884941,6600720941.01-01,Temperature Probe Rectal,4,Bratislava,SK,Hamburg DC,DE,2026-08-14,00:00:00,2026-08-12,00:00:00,2026-08-13,00:00:00,,,Road,HubLine Cargo
6600720941,57884941,6600720941.01-02,Infusion Pump IP-700 Dual,5,Bratislava,SK,Hamburg DC,DE,2026-08-14,00:00:00,2026-08-12,00:00:00,2026-08-13,00:00:00,,,Road,HubLine Cargo
6601496729,51468290,6601496729.01-01,Defibrillator Pad Set Adult,11,Antwerp,BE,Hamburg DC,DE,2026-10-06,00:00:00,2026-08-24,00:00:00,2026-08-25,00:00:00,2026-08-26,00:00:00,Road,SwiftHaul GmbH
6601496729,51468290,6601496729.01-02,CO2 Sensor Module Sidestream,6,Antwerp,BE,Hamburg DC,DE,2026-10-06,00:00:00,2026-08-24,00:00:00,2026-08-25,00:00:00,2026-08-26,00:00:00,Road,SwiftHaul GmbH
6601233206,55674981,6601233206.01-01,NIBP Cuff Set Adult Long,11,Chicago,US,Leipzig DC,DE,2026-09-11,00:00:00,,,,,,,Air,EuroCargo Express
6601233206,55674981,6601233206.01-02,Patient Cable SpO2 Extension 2m,7,Chicago,US,Leipzig DC,DE,2026-09-11,00:00:00,,,,,,,Air,EuroCargo Express
6601254127,54267555,6601254127.01-01,Battery Pack BP-24 Extended,8,Warsaw,PL,Leipzig DC,DE,2026-08-09,00:00:00,2026-08-10,00:00:00,2026-08-11,00:00:00,,,Road,Blue Anchor Shipping
6601321506,53800490,6601321506.01-01,Patient Monitor Gateway X1,8,Los Angeles,US,Herrsching DC,DE,2026-08-07,00:00:00,2026-08-16,00:00:00,2026-08-21,00:00:00,,,Air,NorthStar Freight
6601321506,53800490,6601321506.01-02,CO2 Sensor Module Sidestream,3,Los Angeles,US,Herrsching DC,DE,2026-08-07,00:00:00,2026-08-16,00:00:00,2026-08-21,00:00:00,,,Air,NorthStar Freight
6601618381,55929857,6601618381.01-01,Multi-Param Sensor Module MP-3 Compact,3,Antwerp,BE,Herrsching DC,DE,2026-09-19,00:00:00,2026-08-25,00:00:00,2026-08-26,00:00:00,2026-08-29,00:00:00,Road,SwiftHaul GmbH
6601618381,55929857,6601618381.01-02,NIBP Cuff Set Adult,3,Antwerp,BE,Herrsching DC,DE,2026-09-19,00:00:00,2026-08-25,00:00:00,2026-08-26,00:00:00,2026-08-29,00:00:00,Road,SwiftHaul GmbH
6601618381,55929857,6601618381.01-03,Central Station Display 24in,8,Antwerp,BE,Herrsching DC,DE,2026-09-19,00:00:00,2026-08-25,00:00:00,2026-08-26,00:00:00,2026-08-29,00:00:00,Road,SwiftHaul GmbH
6601136661,56414474,6601136661.01-01,Ultrasound Probe Linear L12,4,Milan,IT,Hamburg DC,DE,2026-09-19,00:00:00,2026-08-22,00:00:00,2026-08-23,00:00:00,2026-08-27,00:00:00,Road,NorthStar Freight
6600792848,51475630,6600792848.01-01,NIBP Cuff Set Adult Long,10,Los Angeles,US,Herrsching DC,DE,2026-09-05,00:00:00,,,,,,,Air,Meridian Air Cargo
6600792848,51475630,6600792848.01-02,Telemetry Transmitter T5 Dual-Channel,5,Los Angeles,US,Herrsching DC,DE,2026-09-05,00:00:00,,,,,,,Air,Meridian Air Cargo
6600904275,52509025,6600904275.01-01,NIBP Cuff Set Neonatal,7,Shanghai,CN,Herrsching DC,DE,2026-09-02,00:00:00,2026-08-30,00:00:00,2026-09-08,00:00:00,,,Ocean,EuroCargo Express
6601163391,57291414,6601163391.01-01,SpO2 Sensor Reusable Adult,9,Hamburg,DE,Boeblingen DC,DE,2026-09-15,00:00:00,2026-08-22,00:00:00,2026-08-23,00:00:00,2026-08-24,00:00:00,Road,Blue Anchor Shipping
6601646072,56829214,6601646072.01-01,Wall Mount Arm Dual Monitor,9,Shanghai,CN,Leipzig DC,DE,2026-07-17,00:00:00,2026-07-16,00:00:00,2026-07-24,00:00:00,,,Ocean,Meridian Air Cargo
6601646072,56829214,6601646072.01-02,Vital Signs Monitor V100 Compact,3,Shanghai,CN,Leipzig DC,DE,2026-07-17,00:00:00,2026-07-16,00:00:00,2026-07-24,00:00:00,,,Ocean,Meridian Air Cargo
6601417662,54556115,6601417662.01-01,NIBP Cuff Set Pediatric,2,Miami,US,Boeblingen DC,DE,2026-09-24,00:00:00,2026-08-31,00:00:00,2026-09-05,00:00:00,,,Air,NorthStar Freight
6601261150,53188762,6601261150.01-01,Service Cart Mobile Locking,2,Milan,IT,Herrsching DC,DE,2026-09-30,00:00:00,2026-08-30,00:00:00,2026-08-31,00:00:00,,,Road,NorthStar Freight
6601162089,59331866,6601162089.01-01,Infusion Pump Docking Station Single Bay,6,Warsaw,PL,Leipzig DC,DE,2026-10-08,00:00:00,2026-08-29,00:00:00,2026-08-30,00:00:00,,,Road,NorthStar Freight
6601019175,53331315,6601019175.01-01,Patient Monitor Gateway X1 Pro,10,Lyon,FR,Herrsching DC,DE,2026-09-16,00:00:00,,,,,,,Road,Blue Anchor Shipping
6601019175,53331315,6601019175.01-02,Temperature Probe Rectal,8,Lyon,FR,Herrsching DC,DE,2026-09-16,00:00:00,,,,,,,Road,Blue Anchor Shipping
6601019175,53331315,6601019175.01-03,Patient Cable ECG 5-lead 3m,2,Lyon,FR,Herrsching DC,DE,2026-09-16,00:00:00,,,,,,,Road,Blue Anchor Shipping
6601266789,55256542,6601266789.01-01,Battery Pack BP-12,11,Lyon,FR,Herrsching DC,DE,2026-08-14,00:00:00,2026-08-15,00:00:00,2026-08-16,00:00:00,2026-08-20,00:00:00,Road,EuroCargo Express
6601658155,50245351,6601658155.01-01,Multi-Param Sensor Module MP-5,4,Shenzhen,CN,Leipzig DC,DE,2026-08-16,00:00:00,2026-08-17,00:00:00,2026-08-25,00:00:00,,,Ocean,HubLine Cargo
6601658155,50245351,6601658155.01-02,ECG Lead Set 12-wire Diagnostic,12,Shenzhen,CN,Leipzig DC,DE,2026-08-16,00:00:00,2026-08-17,00:00:00,2026-08-25,00:00:00,,,Ocean,HubLine Cargo
6601646318,50456919,6601646318.01-01,Infusion Pump IP-500,1,Bratislava,SK,Hamburg DC,DE,2026-09-16,00:00:00,,,,,,,Road,Meridian Air Cargo
6601573110,55485106,6601573110.01-01,SpO2 Sensor Reusable Pediatric,6,Hamburg,DE,Herrsching DC,DE,2026-08-20,00:00:00,2026-08-20,00:00:00,2026-08-21,00:00:00,,,Road,HubLine Cargo
6600954923,57346906,6600954923.01-01,Service Cart Mobile Locking,2,Singapore,SG,Boeblingen DC,DE,2026-08-22,00:00:00,2026-07-30,00:00:00,2026-08-07,00:00:00,2026-08-24,00:00:00,Ocean,SwiftHaul GmbH
6600954923,57346906,6600954923.01-02,Central Monitoring Software License 10-Bed,12,Singapore,SG,Boeblingen DC,DE,2026-08-22,00:00:00,2026-07-30,00:00:00,2026-08-07,00:00:00,2026-08-24,00:00:00,Ocean,SwiftHaul GmbH
"6601395633,6601658030",50909969,6601395633.01-01,NIBP Cuff Set Neonatal,5,Rotterdam,NL,Boeblingen DC,DE,2026-10-10,00:00:00,2026-08-20,00:00:00,2026-08-21,00:00:00,2026-08-24,00:00:00,Road,EuroCargo Express
"6601395633,6601658030",50909969,6601658030.01-01,Telemetry Transmitter T5 Dual-Channel,9,Rotterdam,NL,Boeblingen DC,DE,2026-10-10,00:00:00,2026-08-20,00:00:00,2026-08-21,00:00:00,2026-08-24,00:00:00,Road,EuroCargo Express
6601335505,57596339,6601335505.01-01,Vital Signs Monitor V300 Touch,5,Los Angeles,US,Herrsching DC,DE,2026-08-14,00:00:00,2026-08-14,00:00:00,2026-08-19,00:00:00,,,Air,SwiftHaul GmbH
6601335505,57596339,6601335505.01-02,Central Station Display 27in,9,Los Angeles,US,Herrsching DC,DE,2026-08-14,00:00:00,2026-08-14,00:00:00,2026-08-19,00:00:00,,,Air,SwiftHaul GmbH
6601335505,57596339,6601335505.01-03,SpO2 Sensor Disposable Adult,3,Los Angeles,US,Herrsching DC,DE,2026-08-14,00:00:00,2026-08-14,00:00:00,2026-08-19,00:00:00,,,Air,SwiftHaul GmbH
"6600727304,6601481152",52007769,6600727304.01-01,Temperature Probe Esophageal,1,Warsaw,PL,Boeblingen DC,DE,2026-08-13,00:00:00,2026-08-11,00:00:00,2026-08-12,00:00:00,2026-08-16,00:00:00,Road,HubLine Cargo
"6600727304,6601481152",52007769,6601481152.01-01,Service Cart Mobile Standard,11,Warsaw,PL,Boeblingen DC,DE,2026-08-13,00:00:00,2026-08-11,00:00:00,2026-08-12,00:00:00,2026-08-16,00:00:00,Road,HubLine Cargo
6601064980,51964847,6601064980.01-01,Network Interface Card Standard,7,Shenzhen,CN,Leipzig DC,DE,2026-09-03,00:00:00,,,,,,,Ocean,EuroCargo Express
6600798409,59109979,6600798409.01-01,Multi-Param Sensor Module MP-8 Plus,3,Lyon,FR,Leipzig DC,DE,2026-08-14,00:00:00,2026-08-14,00:00:00,2026-08-15,00:00:00,,,Road,HubLine Cargo
6600798409,59109979,6600798409.01-02,Battery Pack BP-08 Compact,11,Lyon,FR,Leipzig DC,DE,2026-08-14,00:00:00,2026-08-14,00:00:00,2026-08-15,00:00:00,,,Road,HubLine Cargo
6601586887,51686822,6601586887.01-01,Infusion Pump IP-300 Compact,2,Singapore,SG,Hamburg DC,DE,2026-09-18,00:00:00,2026-08-31,00:00:00,2026-09-07,00:00:00,,,Ocean,Meridian Air Cargo
"6601010428,6601657599",56801756,6601010428.01-01,Telemetry Transmitter T5 Dual-Channel,12,Shanghai,CN,Herrsching DC,DE,2026-08-06,00:00:00,2026-07-28,00:00:00,2026-08-06,00:00:00,2026-08-24,00:00:00,Ocean,EuroCargo Express
"6601010428,6601657599",56801756,6601010428.01-02,Service Cart Mobile Locking,2,Shanghai,CN,Herrsching DC,DE,2026-08-06,00:00:00,2026-07-28,00:00:00,2026-08-06,00:00:00,2026-08-24,00:00:00,Ocean,EuroCargo Express
"6601010428,6601657599",56801756,6601657599.01-01,Patient Cable ECG 5-lead 3m,8,Shanghai,CN,Herrsching DC,DE,2026-08-06,00:00:00,2026-07-28,00:00:00,2026-08-06,00:00:00,2026-08-24,00:00:00,Ocean,EuroCargo Express
6601044917,50460612,6601044917.01-01,Service Cart Mobile Locking,6,Chicago,US,Hamburg DC,DE,2026-08-04,00:00:00,2026-08-06,00:00:00,2026-08-10,00:00:00,2026-08-18,00:00:00,Air,HubLine Cargo
6601343962,59754613,6601343962.01-01,Ventilator Circuit Kit Adult,3,Shenzhen,CN,Hamburg DC,DE,2026-09-08,00:00:00,2026-08-03,00:00:00,2026-08-11,00:00:00,2026-08-28,00:00:00,Ocean,Blue Anchor Shipping
6601343962,59754613,6601343962.01-02,Temperature Probe Skin,9,Shenzhen,CN,Hamburg DC,DE,2026-09-08,00:00:00,2026-08-03,00:00:00,2026-08-11,00:00:00,2026-08-28,00:00:00,Ocean,Blue Anchor Shipping
6601343962,59754613,6601343962.01-03,Patient Monitor Gateway X1 Pro,3,Shenzhen,CN,Hamburg DC,DE,2026-09-08,00:00:00,2026-08-03,00:00:00,2026-08-11,00:00:00,2026-08-28,00:00:00,Ocean,Blue Anchor Shipping
6601452359,51478324,6601452359.01-01,Vital Signs Monitor V200,6,Hamburg,DE,Boeblingen DC,DE,2026-10-09,00:00:00,2026-08-31,00:00:00,2026-09-01,00:00:00,,,Road,Blue Anchor Shipping
6601452359,51478324,6601452359.01-02,Network Interface Card Standard,1,Hamburg,DE,Boeblingen DC,DE,2026-10-09,00:00:00,2026-08-31,00:00:00,2026-09-01,00:00:00,,,Road,Blue Anchor Shipping
6600909303,50975247,6600909303.01-01,NIBP Cuff Set Pediatric,3,Shanghai,CN,Hamburg DC,DE,2026-09-05,00:00:00,,,,,,,Ocean,HubLine Cargo
6601575604,53357550,6601575604.01-01,Multi-Param Sensor Module MP-8 Plus,6,Antwerp,BE,Hamburg DC,DE,2026-08-11,00:00:00,,,,,,,Road,EuroCargo Express
6601575604,53357550,6601575604.01-02,Printer Module PM-3 Thermal,11,Antwerp,BE,Hamburg DC,DE,2026-08-11,00:00:00,,,,,,,Road,EuroCargo Express
6601430872,52696008,6601430872.01-01,Central Monitoring Software License 20-Bed,7,Antwerp,BE,Boeblingen DC,DE,2026-10-01,00:00:00,2026-08-22,00:00:00,2026-08-23,00:00:00,2026-08-26,00:00:00,Road,Meridian Air Cargo
6601430872,52696008,6601430872.01-02,Infusion Pump Docking Station Triple Bay,10,Antwerp,BE,Boeblingen DC,DE,2026-10-01,00:00:00,2026-08-22,00:00:00,2026-08-23,00:00:00,2026-08-26,00:00:00,Road,Meridian Air Cargo
6601430872,52696008,6601430872.01-03,Infusion Pump Docking Station Single Bay,5,Antwerp,BE,Boeblingen DC,DE,2026-10-01,00:00:00,2026-08-22,00:00:00,2026-08-23,00:00:00,2026-08-26,00:00:00,Road,Meridian Air Cargo
6600820437,56366061,6600820437.01-01,Telemetry Transmitter T3,12,Rotterdam,NL,Herrsching DC,DE,2026-09-12,00:00:00,2026-08-22,00:00:00,2026-08-23,00:00:00,2026-08-26,00:00:00,Road,Blue Anchor Shipping
6600820437,56366061,6600820437.01-02,CO2 Sensor Module Sidestream,2,Rotterdam,NL,Herrsching DC,DE,2026-09-12,00:00:00,2026-08-22,00:00:00,2026-08-23,00:00:00,2026-08-26,00:00:00,Road,Blue Anchor Shipping
6601198564,51691971,6601198564.01-01,Defibrillator Pad Set Adult,11,Antwerp,BE,Hamburg DC,DE,2026-08-29,00:00:00,2026-08-20,00:00:00,2026-08-21,00:00:00,2026-08-22,00:00:00,Road,EuroCargo Express
6601198564,51691971,6601198564.01-02,Wall Mount Arm Dual Monitor,10,Antwerp,BE,Hamburg DC,DE,2026-08-29,00:00:00,2026-08-20,00:00:00,2026-08-21,00:00:00,2026-08-22,00:00:00,Road,EuroCargo Express
6601198564,51691971,6601198564.01-03,Printer Module PM-3 Thermal,2,Antwerp,BE,Hamburg DC,DE,2026-08-29,00:00:00,2026-08-20,00:00:00,2026-08-21,00:00:00,2026-08-22,00:00:00,Road,EuroCargo Express
6600905535,59079024,6600905535.01-01,Network Interface Card Standard,5,Miami,US,Boeblingen DC,DE,2026-09-23,00:00:00,2026-08-10,00:00:00,2026-08-15,00:00:00,2026-08-26,00:00:00,Air,SwiftHaul GmbH
6601304207,58100614,6601304207.01-01,Wall Mount Arm Dual Monitor,4,Singapore,SG,Hamburg DC,DE,2026-08-29,00:00:00,,,,,,,Ocean,EuroCargo Express
6601105422,50185565,6601105422.01-01,Infusion Pump IP-700 Dual,8,Bratislava,SK,Herrsching DC,DE,2026-08-21,00:00:00,2026-08-22,00:00:00,2026-08-23,00:00:00,2026-08-24,00:00:00,Road,HubLine Cargo
6601587994,55609222,6601587994.01-01,ECG Lead Set 5-wire,7,Singapore,SG,Herrsching DC,DE,2026-09-18,00:00:00,2026-08-30,00:00:00,2026-09-07,00:00:00,,,Ocean,NorthStar Freight
6601587994,55609222,6601587994.01-02,Defibrillator Pad Set Pediatric,11,Singapore,SG,Herrsching DC,DE,2026-09-18,00:00:00,2026-08-30,00:00:00,2026-09-07,00:00:00,,,Ocean,NorthStar Freight
6601551340,59801720,6601551340.01-01,SpO2 Sensor Disposable Adult,6,Miami,US,Leipzig DC,DE,2026-09-17,00:00:00,2026-08-29,00:00:00,2026-09-03,00:00:00,,,Air,EuroCargo Express
"6600836848,6600846045",59397734,6600836848.01-01,Ultrasound Probe Convex C5,5,Hamburg,DE,Boeblingen DC,DE,2026-08-09,00:00:00,,,,,,,Road,Blue Anchor Shipping
"6600836848,6600846045",59397734,6600846045.01-01,Defibrillator Pad Set Training,4,Hamburg,DE,Boeblingen DC,DE,2026-08-09,00:00:00,,,,,,,Road,Blue Anchor Shipping
6601165690,51377555,6601165690.01-01,Multi-Param Sensor Module MP-8 Plus,4,Bratislava,SK,Herrsching DC,DE,2026-09-14,00:00:00,,,,,,,Road,Meridian Air Cargo
6601165690,51377555,6601165690.01-02,Network Interface Card Redundant Dual-Port,11,Bratislava,SK,Herrsching DC,DE,2026-09-14,00:00:00,,,,,,,Road,Meridian Air Cargo
6601165690,51377555,6601165690.01-03,NIBP Cuff Set Adult,5,Bratislava,SK,Herrsching DC,DE,2026-09-14,00:00:00,,,,,,,Road,Meridian Air Cargo
6601165690,51377555,6601165690.01-04,Infusion Pump IP-500,2,Bratislava,SK,Herrsching DC,DE,2026-09-14,00:00:00,,,,,,,Road,Meridian Air Cargo
6601057244,55014228,6601057244.01-01,Bedside Monitor Mount Rail Mount,8,Shenzhen,CN,Boeblingen DC,DE,2026-08-15,00:00:00,2026-07-26,00:00:00,2026-08-04,00:00:00,2026-08-21,00:00:00,Ocean,NorthStar Freight
6601057244,55014228,6601057244.01-02,Patient Cable NIBP Hose 2.5m,8,Shenzhen,CN,Boeblingen DC,DE,2026-08-15,00:00:00,2026-07-26,00:00:00,2026-08-04,00:00:00,2026-08-21,00:00:00,Ocean,NorthStar Freight
6600942074,55252909,6600942074.01-01,Battery Pack BP-24 Extended,8,Antwerp,BE,Boeblingen DC,DE,2026-10-06,00:00:00,2026-08-31,00:00:00,2026-09-01,00:00:00,,,Road,HubLine Cargo
6600942074,55252909,6600942074.01-02,Wall Mount Arm Single Monitor,5,Antwerp,BE,Boeblingen DC,DE,2026-10-06,00:00:00,2026-08-31,00:00:00,2026-09-01,00:00:00,,,Road,HubLine Cargo
6600942074,55252909,6600942074.01-03,Battery Pack BP-12,1,Antwerp,BE,Boeblingen DC,DE,2026-10-06,00:00:00,2026-08-31,00:00:00,2026-09-01,00:00:00,,,Road,HubLine Cargo
6601117169,55713111,6601117169.01-01,Ventilator Circuit Kit Reusable Adult,7,Singapore,SG,Leipzig DC,DE,2026-08-01,00:00:00,2026-07-30,00:00:00,2026-08-06,00:00:00,2026-08-26,00:00:00,Ocean,HubLine Cargo
6601525425,59666462,6601525425.01-01,CO2 Sensor Module Mainstream,8,Warsaw,PL,Herrsching DC,DE,2026-09-27,00:00:00,2026-08-19,00:00:00,2026-08-20,00:00:00,2026-08-23,00:00:00,Road,NorthStar Freight
6601474452,57345537,6601474452.01-01,Calibration Kit Advanced Diagnostic,3,Hamburg,DE,Hamburg DC,DE,2026-09-20,00:00:00,,,,,,,Road,NorthStar Freight
6601474452,57345537,6601474452.01-02,Multi-Param Sensor Module MP-5,11,Hamburg,DE,Hamburg DC,DE,2026-09-20,00:00:00,,,,,,,Road,NorthStar Freight
6600912099,54347873,6600912099.01-01,Ventilator Circuit Kit Neonatal,3,Lyon,FR,Boeblingen DC,DE,2026-08-12,00:00:00,2026-08-11,00:00:00,2026-08-12,00:00:00,2026-08-13,00:00:00,Road,SwiftHaul GmbH
6600912099,54347873,6600912099.01-02,Ultrasound Probe Convex C5,12,Lyon,FR,Boeblingen DC,DE,2026-08-12,00:00:00,2026-08-11,00:00:00,2026-08-12,00:00:00,2026-08-13,00:00:00,Road,SwiftHaul GmbH
6600912099,54347873,6600912099.01-03,Ventilator Circuit Kit Reusable Adult,4,Lyon,FR,Boeblingen DC,DE,2026-08-12,00:00:00,2026-08-11,00:00:00,2026-08-12,00:00:00,2026-08-13,00:00:00,Road,SwiftHaul GmbH
6600912099,54347873,6600912099.01-04,Infusion Pump IP-700 Dual,5,Lyon,FR,Boeblingen DC,DE,2026-08-12,00:00:00,2026-08-11,00:00:00,2026-08-12,00:00:00,2026-08-13,00:00:00,Road,SwiftHaul GmbH
6601455919,54560979,6601455919.01-01,Multi-Param Sensor Module MP-8 Plus,4,Hamburg,DE,Leipzig DC,DE,2026-10-05,00:00:00,2026-08-30,00:00:00,2026-08-31,00:00:00,,,Road,SwiftHaul GmbH
6601455919,54560979,6601455919.01-02,Central Monitoring Software License 10-Bed,1,Hamburg,DE,Leipzig DC,DE,2026-10-05,00:00:00,2026-08-30,00:00:00,2026-08-31,00:00:00,,,Road,SwiftHaul GmbH
6601455919,54560979,6601455919.01-03,Calibration Kit Standard,5,Hamburg,DE,Leipzig DC,DE,2026-10-05,00:00:00,2026-08-30,00:00:00,2026-08-31,00:00:00,,,Road,SwiftHaul GmbH
6601637705,50513457,6601637705.01-01,Patient Cable SpO2 Extension 2m,1,Rotterdam,NL,Hamburg DC,DE,2026-09-16,00:00:00,2026-08-24,00:00:00,2026-08-25,00:00:00,2026-08-27,00:00:00,Road,NorthStar Freight
6601637705,50513457,6601637705.01-02,NIBP Cuff Set Pediatric,12,Rotterdam,NL,Hamburg DC,DE,2026-09-16,00:00:00,2026-08-24,00:00:00,2026-08-25,00:00:00,2026-08-27,00:00:00,Road,NorthStar Freight
6601637705,50513457,6601637705.01-03,Battery Pack BP-08 Compact,5,Rotterdam,NL,Hamburg DC,DE,2026-09-16,00:00:00,2026-08-24,00:00:00,2026-08-25,00:00:00,2026-08-27,00:00:00,Road,NorthStar Freight
6601018687,55360875,6601018687.01-01,Ventilator Circuit Kit Neonatal,8,Warsaw,PL,Leipzig DC,DE,2026-10-01,00:00:00,2026-08-30,00:00:00,2026-08-31,00:00:00,,,Road,SwiftHaul GmbH
6601018687,55360875,6601018687.01-02,Vital Signs Monitor V200 Cart Mount,5,Warsaw,PL,Leipzig DC,DE,2026-10-01,00:00:00,2026-08-30,00:00:00,2026-08-31,00:00:00,,,Road,SwiftHaul GmbH
6601402916,56639917,6601402916.01-01,Printer Module PM-3,2,Miami,US,Herrsching DC,DE,2026-09-11,00:00:00,2026-08-09,00:00:00,2026-08-14,00:00:00,2026-08-25,00:00:00,Air,NorthStar Freight
6601541954,52873605,6601541954.01-01,Network Interface Card Standard,3,Shanghai,CN,Boeblingen DC,DE,2026-07-27,00:00:00,2026-07-27,00:00:00,2026-08-04,00:00:00,,,Ocean,Blue Anchor Shipping
6601541954,52873605,6601541954.01-02,Battery Pack BP-24 Extended,10,Shanghai,CN,Boeblingen DC,DE,2026-07-27,00:00:00,2026-07-27,00:00:00,2026-08-04,00:00:00,,,Ocean,Blue Anchor Shipping
6600915719,50075678,6600915719.01-01,ECG Lead Set 5-wire Reusable,5,Bratislava,SK,Hamburg DC,DE,2026-09-18,00:00:00,2026-08-20,00:00:00,2026-08-21,00:00:00,2026-08-24,00:00:00,Road,Blue Anchor Shipping
6600915719,50075678,6600915719.01-02,SpO2 Sensor Finger Clip,5,Bratislava,SK,Hamburg DC,DE,2026-09-18,00:00:00,2026-08-20,00:00:00,2026-08-21,00:00:00,2026-08-24,00:00:00,Road,Blue Anchor Shipping
6600915719,50075678,6600915719.01-03,Telemetry Transmitter T3,6,Bratislava,SK,Hamburg DC,DE,2026-09-18,00:00:00,2026-08-20,00:00:00,2026-08-21,00:00:00,2026-08-24,00:00:00,Road,Blue Anchor Shipping
6600915719,50075678,6600915719.01-04,ECG Lead Set 3-wire,4,Bratislava,SK,Hamburg DC,DE,2026-09-18,00:00:00,2026-08-20,00:00:00,2026-08-21,00:00:00,2026-08-24,00:00:00,Road,Blue Anchor Shipping
6601301126,51070585,6601301126.01-01,SpO2 Sensor Reusable Adult,9,Bratislava,SK,Hamburg DC,DE,2026-09-24,00:00:00,2026-08-29,00:00:00,2026-08-30,00:00:00,,,Road,EuroCargo Express
6601138023,57862427,6601138023.01-01,Calibration Kit Advanced Diagnostic,3,Milan,IT,Boeblingen DC,DE,2026-10-06,00:00:00,,,,,,,Road,Meridian Air Cargo
6601352404,50828220,6601352404.01-01,Ventilator Circuit Kit Adult,9,Chicago,US,Herrsching DC,DE,2026-09-15,00:00:00,2026-08-12,00:00:00,2026-08-16,00:00:00,2026-08-27,00:00:00,Air,Blue Anchor Shipping
6600865128,57680919,6600865128.01-01,NIBP Cuff Set Thigh,2,Antwerp,BE,Hamburg DC,DE,2026-08-15,00:00:00,2026-08-15,00:00:00,2026-08-16,00:00:00,,,Road,HubLine Cargo
6600865128,57680919,6600865128.01-02,NIBP Cuff Set Neonatal,4,Antwerp,BE,Hamburg DC,DE,2026-08-15,00:00:00,2026-08-15,00:00:00,2026-08-16,00:00:00,,,Road,HubLine Cargo
6600932094,59667174,6600932094.01-01,Battery Pack BP-24 Extended,5,Shenzhen,CN,Boeblingen DC,DE,2026-08-08,00:00:00,,,,,,,Ocean,HubLine Cargo
6600932094,59667174,6600932094.01-02,Bedside Monitor Mount Wall Arm,10,Shenzhen,CN,Boeblingen DC,DE,2026-08-08,00:00:00,,,,,,,Ocean,HubLine Cargo
6601529839,54489240,6601529839.01-01,Ultrasound Probe Convex C5,5,Hamburg,DE,Herrsching DC,DE,2026-09-07,00:00:00,2026-08-19,00:00:00,2026-08-20,00:00:00,2026-08-21,00:00:00,Road,Meridian Air Cargo
6601529839,54489240,6601529839.01-02,Central Monitoring Software License 10-Bed,11,Hamburg,DE,Herrsching DC,DE,2026-09-07,00:00:00,2026-08-19,00:00:00,2026-08-20,00:00:00,2026-08-21,00:00:00,Road,Meridian Air Cargo
6601529839,54489240,6601529839.01-03,Infusion Pump IP-500,9,Hamburg,DE,Herrsching DC,DE,2026-09-07,00:00:00,2026-08-19,00:00:00,2026-08-20,00:00:00,2026-08-21,00:00:00,Road,Meridian Air Cargo
6601529839,54489240,6601529839.01-04,Bedside Monitor Mount Rail Mount,8,Hamburg,DE,Herrsching DC,DE,2026-09-07,00:00:00,2026-08-19,00:00:00,2026-08-20,00:00:00,2026-08-21,00:00:00,Road,Meridian Air Cargo
6601548094,55183843,6601548094.01-01,SpO2 Sensor Finger Clip,12,Shanghai,CN,Boeblingen DC,DE,2026-08-30,00:00:00,2026-07-30,00:00:00,2026-08-07,00:00:00,2026-08-25,00:00:00,Ocean,NorthStar Freight
6601328107,50705539,6601328107.01-01,Patient Monitor Gateway X1 Pro,6,Warsaw,PL,Leipzig DC,DE,2026-08-20,00:00:00,,,,,,,Road,HubLine Cargo
6600715270,57106710,6600715270.01-01,NIBP Cuff Set Adult Long,4,Miami,US,Hamburg DC,DE,2026-07-31,00:00:00,2026-07-31,00:00:00,2026-08-04,00:00:00,2026-08-15,00:00:00,Air,NorthStar Freight
6600715270,57106710,6600715270.01-02,ECG Lead Set 5-wire,6,Miami,US,Hamburg DC,DE,2026-07-31,00:00:00,2026-07-31,00:00:00,2026-08-04,00:00:00,2026-08-15,00:00:00,Air,NorthStar Freight
6600715270,57106710,6600715270.01-03,Telemetry Transmitter T3,11,Miami,US,Hamburg DC,DE,2026-07-31,00:00:00,2026-07-31,00:00:00,2026-08-04,00:00:00,2026-08-15,00:00:00,Air,NorthStar Freight
6600805172,57309501,6600805172.01-01,Temperature Probe Skin,5,Shanghai,CN,Hamburg DC,DE,2026-08-30,00:00:00,2026-08-04,00:00:00,2026-08-12,00:00:00,2026-08-30,00:00:00,Ocean,SwiftHaul GmbH
6600723621,54723773,6600723621.01-01,SpO2 Sensor Finger Clip,1,Chicago,US,Boeblingen DC,DE,2026-08-23,00:00:00,2026-08-09,00:00:00,2026-08-13,00:00:00,2026-08-24,00:00:00,Air,Blue Anchor Shipping
6600723621,54723773,6600723621.01-02,Anesthesia Gas Module Standard 5-Gas,8,Chicago,US,Boeblingen DC,DE,2026-08-23,00:00:00,2026-08-09,00:00:00,2026-08-13,00:00:00,2026-08-24,00:00:00,Air,Blue Anchor Shipping
6600995228,54229573,6600995228.01-01,Patient Cable NIBP Hose 2.5m,2,Miami,US,Boeblingen DC,DE,2026-09-25,00:00:00,,,,,,,Air,HubLine Cargo
6601302503,58575735,6601302503.01-01,Telemetry Transmitter T5 Dual-Channel,10,Milan,IT,Leipzig DC,DE,2026-08-28,00:00:00,2026-08-28,00:00:00,2026-08-29,00:00:00,,,Road,Meridian Air Cargo
6601043674,51972611,6601043674.01-01,Multi-Param Sensor Module MP-5,11,Los Angeles,US,Boeblingen DC,DE,2026-09-09,00:00:00,,,,,,,Air,HubLine Cargo
6601043674,51972611,6601043674.01-02,Ultrasound Probe Linear L12,2,Los Angeles,US,Boeblingen DC,DE,2026-09-09,00:00:00,,,,,,,Air,HubLine Cargo
6601043674,51972611,6601043674.01-03,Vital Signs Monitor V200,3,Los Angeles,US,Boeblingen DC,DE,2026-09-09,00:00:00,,,,,,,Air,HubLine Cargo
6601640023,52345396,6601640023.01-01,Patient Monitor Gateway X2 Wireless,7,Singapore,SG,Herrsching DC,DE,2026-07-25,00:00:00,2026-07-25,00:00:00,2026-08-02,00:00:00,,,Ocean,NorthStar Freight
6601214904,50169886,6601214904.01-01,ECG Lead Set 5-wire,11,Rotterdam,NL,Leipzig DC,DE,2026-08-17,00:00:00,2026-08-17,00:00:00,2026-08-18,00:00:00,2026-08-20,00:00:00,Road,HubLine Cargo
6601214904,50169886,6601214904.01-02,Wall Mount Arm Dual Monitor,11,Rotterdam,NL,Leipzig DC,DE,2026-08-17,00:00:00,2026-08-17,00:00:00,2026-08-18,00:00:00,2026-08-20,00:00:00,Road,HubLine Cargo
6601214904,50169886,6601214904.01-03,Infusion Pump IP-500,7,Rotterdam,NL,Leipzig DC,DE,2026-08-17,00:00:00,2026-08-17,00:00:00,2026-08-18,00:00:00,2026-08-20,00:00:00,Road,HubLine Cargo
6601214904,50169886,6601214904.01-04,Battery Pack BP-08 Compact,2,Rotterdam,NL,Leipzig DC,DE,2026-08-17,00:00:00,2026-08-17,00:00:00,2026-08-18,00:00:00,2026-08-20,00:00:00,Road,HubLine Cargo
6601063352,53981842,6601063352.01-01,Bedside Monitor Mount Rolling Stand,8,Lyon,FR,Hamburg DC,DE,2026-09-01,00:00:00,2026-08-19,00:00:00,2026-08-20,00:00:00,2026-08-21,00:00:00,Road,NorthStar Freight
6601462688,50887573,6601462688.01-01,Temperature Probe Skin,8,Lyon,FR,Leipzig DC,DE,2026-09-18,00:00:00,2026-08-31,00:00:00,2026-09-01,00:00:00,,,Road,SwiftHaul GmbH
6601462688,50887573,6601462688.01-02,Anesthesia Gas Module Standard 5-Gas,2,Lyon,FR,Leipzig DC,DE,2026-09-18,00:00:00,2026-08-31,00:00:00,2026-09-01,00:00:00,,,Road,SwiftHaul GmbH
6601462688,50887573,6601462688.01-03,Patient Cable SpO2 Extension 2m,1,Lyon,FR,Leipzig DC,DE,2026-09-18,00:00:00,2026-08-31,00:00:00,2026-09-01,00:00:00,,,Road,SwiftHaul GmbH
6601462688,50887573,6601462688.01-04,Multi-Param Sensor Module MP-8 Plus,6,Lyon,FR,Leipzig DC,DE,2026-09-18,00:00:00,2026-08-31,00:00:00,2026-09-01,00:00:00,,,Road,SwiftHaul GmbH
6600730456,58781078,6600730456.01-01,Vital Signs Monitor V300 Touch,11,Bratislava,SK,Herrsching DC,DE,2026-10-12,00:00:00,2026-08-31,00:00:00,2026-09-01,00:00:00,,,Road,NorthStar Freight
6600730456,58781078,6600730456.01-02,Anesthesia Gas Module Compact 3-Gas,12,Bratislava,SK,Herrsching DC,DE,2026-10-12,00:00:00,2026-08-31,00:00:00,2026-09-01,00:00:00,,,Road,NorthStar Freight
6600730456,58781078,6600730456.01-03,Patient Monitor Gateway X2 Wireless,7,Bratislava,SK,Herrsching DC,DE,2026-10-12,00:00:00,2026-08-31,00:00:00,2026-09-01,00:00:00,,,Road,NorthStar Freight
6600730456,58781078,6600730456.01-04,Telemetry Transmitter T3 Mini,10,Bratislava,SK,Herrsching DC,DE,2026-10-12,00:00:00,2026-08-31,00:00:00,2026-09-01,00:00:00,,,Road,NorthStar Freight
6600838763,54919026,6600838763.01-01,Ventilator Circuit Kit Neonatal,6,Miami,US,Leipzig DC,DE,2026-08-08,00:00:00,2026-08-08,00:00:00,2026-08-13,00:00:00,2026-08-25,00:00:00,Air,SwiftHaul GmbH
6600708880,55913317,6600708880.01-01,Patient Monitor Gateway X1,4,Rotterdam,NL,Herrsching DC,DE,2026-10-10,00:00:00,2026-08-24,00:00:00,2026-08-25,00:00:00,2026-08-28,00:00:00,Road,SwiftHaul GmbH
6601175113,54104068,6601175113.01-01,Ventilator Circuit Kit Neonatal,6,Singapore,SG,Hamburg DC,DE,2026-07-25,00:00:00,2026-07-25,00:00:00,2026-08-01,00:00:00,,,Ocean,EuroCargo Express
6601175113,54104068,6601175113.01-02,Infusion Pump IP-300 Compact,8,Singapore,SG,Hamburg DC,DE,2026-07-25,00:00:00,2026-07-25,00:00:00,2026-08-01,00:00:00,,,Ocean,EuroCargo Express
"6601154035,6600895290",58898603,6600895290.01-01,Printer Module PM-3 Thermal,4,Warsaw,PL,Boeblingen DC,DE,2026-08-22,00:00:00,2026-08-20,00:00:00,2026-08-21,00:00:00,2026-08-24,00:00:00,Road,NorthStar Freight
"6601154035,6600895290",58898603,6601154035.01-01,Wall Mount Arm Single Monitor,9,Warsaw,PL,Boeblingen DC,DE,2026-08-22,00:00:00,2026-08-20,00:00:00,2026-08-21,00:00:00,2026-08-24,00:00:00,Road,NorthStar Freight
"6601154035,6600895290",58898603,6601154035.01-02,Temperature Probe Rectal,4,Warsaw,PL,Boeblingen DC,DE,2026-08-22,00:00:00,2026-08-20,00:00:00,2026-08-21,00:00:00,2026-08-24,00:00:00,Road,NorthStar Freight
6600725368,52857309,6600725368.01-01,Central Monitoring Software License 40-Bed Enterprise,1,Antwerp,BE,Hamburg DC,DE,2026-08-26,00:00:00,,,,,,,Road,NorthStar Freight
6601220095,59160679,6601220095.01-01,Telemetry Transmitter T3,6,Warsaw,PL,Leipzig DC,DE,2026-10-02,00:00:00,2026-08-21,00:00:00,2026-08-22,00:00:00,2026-08-23,00:00:00,Road,Blue Anchor Shipping
"6601343070,6601618012",52435499,6601343070.01-01,Central Station Display 27in,1,Antwerp,BE,Boeblingen DC,DE,2026-09-21,00:00:00,2026-08-30,00:00:00,2026-08-31,00:00:00,,,Road,NorthStar Freight
"6601343070,6601618012",52435499,6601343070.01-02,SpO2 Sensor Reusable Pediatric,10,Antwerp,BE,Boeblingen DC,DE,2026-09-21,00:00:00,2026-08-30,00:00:00,2026-08-31,00:00:00,,,Road,NorthStar Freight
"6601343070,6601618012",52435499,6601618012.01-01,ECG Lead Set 5-wire Reusable,11,Antwerp,BE,Boeblingen DC,DE,2026-09-21,00:00:00,2026-08-30,00:00:00,2026-08-31,00:00:00,,,Road,NorthStar Freight
"6601343070,6601618012",52435499,6601618012.01-02,NIBP Cuff Set Pediatric,3,Antwerp,BE,Boeblingen DC,DE,2026-09-21,00:00:00,2026-08-30,00:00:00,2026-08-31,00:00:00,,,Road,NorthStar Freight
"6601343070,6601618012",52435499,6601618012.01-03,Patient Monitor Gateway X1,7,Antwerp,BE,Boeblingen DC,DE,2026-09-21,00:00:00,2026-08-30,00:00:00,2026-08-31,00:00:00,,,Road,NorthStar Freight
6601422317,51240465,6601422317.01-01,Network Interface Card Redundant Dual-Port,5,Shanghai,CN,Herrsching DC,DE,2026-09-04,00:00:00,2026-07-26,00:00:00,2026-08-04,00:00:00,2026-08-22,00:00:00,Ocean,Meridian Air Cargo
6601220519,52975628,6601220519.01-01,Service Cart Mobile Locking,7,Los Angeles,US,Hamburg DC,DE,2026-08-25,00:00:00,2026-08-11,00:00:00,2026-08-16,00:00:00,2026-08-28,00:00:00,Air,SwiftHaul GmbH
6601400685,53932875,6601400685.01-01,Ultrasound Probe Cardiac P4,8,Shanghai,CN,Leipzig DC,DE,2026-07-26,00:00:00,2026-07-26,00:00:00,2026-08-03,00:00:00,2026-08-19,00:00:00,Ocean,Meridian Air Cargo
6601400685,53932875,6601400685.01-02,Service Cart Mobile Standard,2,Shanghai,CN,Leipzig DC,DE,2026-07-26,00:00:00,2026-07-26,00:00:00,2026-08-03,00:00:00,2026-08-19,00:00:00,Ocean,Meridian Air Cargo
6601400685,53932875,6601400685.01-03,Patient Monitor Gateway X1 Pro,8,Shanghai,CN,Leipzig DC,DE,2026-07-26,00:00:00,2026-07-26,00:00:00,2026-08-03,00:00:00,2026-08-19,00:00:00,Ocean,Meridian Air Cargo
6601052710,52200973,6601052710.01-01,Ventilator Circuit Kit Adult,11,Lyon,FR,Boeblingen DC,DE,2026-08-19,00:00:00,2026-08-17,00:00:00,2026-08-18,00:00:00,,,Road,HubLine Cargo
6601339531,52599455,6601339531.01-01,Central Monitoring Software License 40-Bed Enterprise,8,Bratislava,SK,Herrsching DC,DE,2026-09-19,00:00:00,2026-08-20,00:00:00,2026-08-21,00:00:00,2026-08-22,00:00:00,Road,HubLine Cargo
6600933169,54698945,6600933169.01-01,ECG Lead Set 5-wire,2,Singapore,SG,Boeblingen DC,DE,2026-08-11,00:00:00,2026-08-06,00:00:00,2026-08-14,00:00:00,2026-08-31,00:00:00,Ocean,HubLine Cargo
6600933169,54698945,6600933169.01-02,Wall Mount Arm Single Monitor,3,Singapore,SG,Boeblingen DC,DE,2026-08-11,00:00:00,2026-08-06,00:00:00,2026-08-14,00:00:00,2026-08-31,00:00:00,Ocean,HubLine Cargo
6600933169,54698945,6600933169.01-03,Multi-Param Sensor Module MP-5,9,Singapore,SG,Boeblingen DC,DE,2026-08-11,00:00:00,2026-08-06,00:00:00,2026-08-14,00:00:00,2026-08-31,00:00:00,Ocean,HubLine Cargo
6600933169,54698945,6600933169.01-04,Patient Cable ECG 5-lead 3m,11,Singapore,SG,Boeblingen DC,DE,2026-08-11,00:00:00,2026-08-06,00:00:00,2026-08-14,00:00:00,2026-08-31,00:00:00,Ocean,HubLine Cargo
"6601029456,6600817700",54987215,6600817700.01-01,NIBP Cuff Set Adult Long,1,Shanghai,CN,Boeblingen DC,DE,2026-08-17,00:00:00,2026-08-03,00:00:00,2026-08-11,00:00:00,2026-08-29,00:00:00,Ocean,HubLine Cargo
"6601029456,6600817700",54987215,6600817700.01-02,Ventilator Circuit Kit Reusable Adult,5,Shanghai,CN,Boeblingen DC,DE,2026-08-17,00:00:00,2026-08-03,00:00:00,2026-08-11,00:00:00,2026-08-29,00:00:00,Ocean,HubLine Cargo
"6601029456,6600817700",54987215,6600817700.01-03,Network Interface Card Redundant Dual-Port,2,Shanghai,CN,Boeblingen DC,DE,2026-08-17,00:00:00,2026-08-03,00:00:00,2026-08-11,00:00:00,2026-08-29,00:00:00,Ocean,HubLine Cargo
"6601029456,6600817700",54987215,6600817700.01-04,Battery Pack BP-12,9,Shanghai,CN,Boeblingen DC,DE,2026-08-17,00:00:00,2026-08-03,00:00:00,2026-08-11,00:00:00,2026-08-29,00:00:00,Ocean,HubLine Cargo
"6601029456,6600817700",54987215,6601029456.01-01,Temperature Probe Esophageal,9,Shanghai,CN,Boeblingen DC,DE,2026-08-17,00:00:00,2026-08-03,00:00:00,2026-08-11,00:00:00,2026-08-29,00:00:00,Ocean,HubLine Cargo
"6601029456,6600817700",54987215,6601029456.01-02,Vital Signs Monitor V300 Touch,2,Shanghai,CN,Boeblingen DC,DE,2026-08-17,00:00:00,2026-08-03,00:00:00,2026-08-11,00:00:00,2026-08-29,00:00:00,Ocean,HubLine Cargo
"6601029456,6600817700",54987215,6601029456.01-03,Patient Monitor Gateway X2 Wireless,3,Shanghai,CN,Boeblingen DC,DE,2026-08-17,00:00:00,2026-08-03,00:00:00,2026-08-11,00:00:00,2026-08-29,00:00:00,Ocean,HubLine Cargo
"6601029456,6600817700",54987215,6601029456.01-04,Patient Monitor Gateway X1,12,Shanghai,CN,Boeblingen DC,DE,2026-08-17,00:00:00,2026-08-03,00:00:00,2026-08-11,00:00:00,2026-08-29,00:00:00,Ocean,HubLine Cargo
6600981489,50928818,6600981489.01-01,Battery Pack BP-24 Extended,7,Shenzhen,CN,Herrsching DC,DE,2026-07-14,00:00:00,2026-07-20,00:00:00,2026-07-29,00:00:00,2026-08-17,00:00:00,Ocean,Blue Anchor Shipping
6600981489,50928818,6600981489.01-02,NIBP Cuff Set Adult Long,3,Shenzhen,CN,Herrsching DC,DE,2026-07-14,00:00:00,2026-07-20,00:00:00,2026-07-29,00:00:00,2026-08-17,00:00:00,Ocean,Blue Anchor Shipping
6600981489,50928818,6600981489.01-03,Battery Pack BP-12,10,Shenzhen,CN,Herrsching DC,DE,2026-07-14,00:00:00,2026-07-20,00:00:00,2026-07-29,00:00:00,2026-08-17,00:00:00,Ocean,Blue Anchor Shipping
6600999829,50850686,6600999829.01-01,Vital Signs Monitor V100 Compact,6,Rotterdam,NL,Hamburg DC,DE,2026-08-28,00:00:00,2026-08-26,00:00:00,2026-08-27,00:00:00,2026-08-28,00:00:00,Road,EuroCargo Express
6601131301,52116337,6601131301.01-01,Temperature Probe Rectal,2,Rotterdam,NL,Herrsching DC,DE,2026-09-15,00:00:00,2026-08-24,00:00:00,2026-08-25,00:00:00,2026-08-29,00:00:00,Road,NorthStar Freight
6601131301,52116337,6601131301.01-02,Infusion Pump IP-500,3,Rotterdam,NL,Herrsching DC,DE,2026-09-15,00:00:00,2026-08-24,00:00:00,2026-08-25,00:00:00,2026-08-29,00:00:00,Road,NorthStar Freight
6601131301,52116337,6601131301.01-03,ECG Lead Set 12-wire Diagnostic,12,Rotterdam,NL,Herrsching DC,DE,2026-09-15,00:00:00,2026-08-24,00:00:00,2026-08-25,00:00:00,2026-08-29,00:00:00,Road,NorthStar Freight
6601344201,53643452,6601344201.01-01,Infusion Pump IP-700 Dual,2,Shanghai,CN,Boeblingen DC,DE,2026-07-19,00:00:00,2026-07-19,00:00:00,2026-07-27,00:00:00,,,Ocean,SwiftHaul GmbH
6600970211,55575220,6600970211.01-01,NIBP Cuff Set Adult,9,Hamburg,DE,Hamburg DC,DE,2026-08-29,00:00:00,,,,,,,Road,Meridian Air Cargo
6600970211,55575220,6600970211.01-02,Vital Signs Monitor V300 Touch,1,Hamburg,DE,Hamburg DC,DE,2026-08-29,00:00:00,,,,,,,Road,Meridian Air Cargo
6601417159,59253868,6601417159.01-01,Ventilator Circuit Kit Reusable Adult,9,Shanghai,CN,Leipzig DC,DE,2026-08-31,00:00:00,,,,,,,Ocean,NorthStar Freight
6601267420,57773514,6601267420.01-01,Network Interface Card Redundant Dual-Port,8,Shenzhen,CN,Leipzig DC,DE,2026-09-18,00:00:00,,,,,,,Ocean,Meridian Air Cargo
6601267420,57773514,6601267420.01-02,Vital Signs Monitor V100 Compact,1,Shenzhen,CN,Leipzig DC,DE,2026-09-18,00:00:00,,,,,,,Ocean,Meridian Air Cargo
6601562521,58461317,6601562521.01-01,Wall Mount Arm Single Monitor,9,Hamburg,DE,Leipzig DC,DE,2026-09-21,00:00:00,2026-08-29,00:00:00,2026-08-30,00:00:00,,,Road,Meridian Air Cargo
6601562521,58461317,6601562521.01-02,Bedside Monitor Mount Rail Mount,5,Hamburg,DE,Leipzig DC,DE,2026-09-21,00:00:00,2026-08-29,00:00:00,2026-08-30,00:00:00,,,Road,Meridian Air Cargo
6601641729,50254102,6601641729.01-01,Telemetry Transmitter T3 Mini,7,Lyon,FR,Leipzig DC,DE,2026-09-03,00:00:00,2026-08-23,00:00:00,2026-08-24,00:00:00,2026-08-30,00:00:00,Road,NorthStar Freight
6601579641,57716037,6601579641.01-01,Battery Pack BP-12,11,Rotterdam,NL,Herrsching DC,DE,2026-08-08,00:00:00,2026-08-17,00:00:00,2026-08-18,00:00:00,2026-08-25,00:00:00,Road,HubLine Cargo
6601337261,58216846,6601337261.01-01,Vital Signs Monitor V300 Wall Mount,11,Bratislava,SK,Hamburg DC,DE,2026-09-02,00:00:00,,,,,,,Road,SwiftHaul GmbH
6601156444,54583103,6601156444.01-01,Patient Cable SpO2 Extension 2m,11,Rotterdam,NL,Leipzig DC,DE,2026-09-19,00:00:00,2026-08-26,00:00:00,2026-08-27,00:00:00,2026-08-31,00:00:00,Road,EuroCargo Express
6601156444,54583103,6601156444.01-02,Printer Module PM-3 Thermal,1,Rotterdam,NL,Leipzig DC,DE,2026-09-19,00:00:00,2026-08-26,00:00:00,2026-08-27,00:00:00,2026-08-31,00:00:00,Road,EuroCargo Express
6601156444,54583103,6601156444.01-03,Telemetry Transmitter T3,12,Rotterdam,NL,Leipzig DC,DE,2026-09-19,00:00:00,2026-08-26,00:00:00,2026-08-27,00:00:00,2026-08-31,00:00:00,Road,EuroCargo Express
6601194603,59992833,6601194603.01-01,Vital Signs Monitor V100 Compact,11,Shenzhen,CN,Hamburg DC,DE,2026-08-24,00:00:00,2026-08-02,00:00:00,2026-08-10,00:00:00,2026-08-29,00:00:00,Ocean,Blue Anchor Shipping
6601194603,59992833,6601194603.01-02,Central Station Display 27in,10,Shenzhen,CN,Hamburg DC,DE,2026-08-24,00:00:00,2026-08-02,00:00:00,2026-08-10,00:00:00,2026-08-29,00:00:00,Ocean,Blue Anchor Shipping
6600984276,54847991,6600984276.01-01,Temperature Probe Rectal,5,Bratislava,SK,Leipzig DC,DE,2026-09-28,00:00:00,2026-08-31,00:00:00,2026-09-01,00:00:00,,,Road,Meridian Air Cargo
6600984276,54847991,6600984276.01-02,Central Monitoring Software License 40-Bed Enterprise,10,Bratislava,SK,Leipzig DC,DE,2026-09-28,00:00:00,2026-08-31,00:00:00,2026-09-01,00:00:00,,,Road,Meridian Air Cargo
6600984276,54847991,6600984276.01-03,Printer Module PM-3 Thermal,2,Bratislava,SK,Leipzig DC,DE,2026-09-28,00:00:00,2026-08-31,00:00:00,2026-09-01,00:00:00,,,Road,Meridian Air Cargo
"6601632977,6601303827",54677747,6601303827.01-01,CO2 Sensor Module Sidestream,3,Rotterdam,NL,Herrsching DC,DE,2026-09-09,00:00:00,2026-08-21,00:00:00,2026-08-22,00:00:00,2026-08-25,00:00:00,Road,HubLine Cargo
"6601632977,6601303827",54677747,6601303827.01-02,Anesthesia Gas Module Standard 5-Gas,6,Rotterdam,NL,Herrsching DC,DE,2026-09-09,00:00:00,2026-08-21,00:00:00,2026-08-22,00:00:00,2026-08-25,00:00:00,Road,HubLine Cargo
"6601632977,6601303827",54677747,6601303827.01-03,Telemetry Transmitter T3 Mini,9,Rotterdam,NL,Herrsching DC,DE,2026-09-09,00:00:00,2026-08-21,00:00:00,2026-08-22,00:00:00,2026-08-25,00:00:00,Road,HubLine Cargo
"6601632977,6601303827",54677747,6601632977.01-01,Defibrillator Pad Set Adult,10,Rotterdam,NL,Herrsching DC,DE,2026-09-09,00:00:00,2026-08-21,00:00:00,2026-08-22,00:00:00,2026-08-25,00:00:00,Road,HubLine Cargo
6601595221,52019804,6601595221.01-01,Battery Pack BP-08 Compact,5,Bratislava,SK,Leipzig DC,DE,2026-09-15,00:00:00,2026-08-27,00:00:00,2026-08-28,00:00:00,2026-08-31,00:00:00,Road,Meridian Air Cargo
6601595221,52019804,6601595221.01-02,Calibration Kit Standard,7,Bratislava,SK,Leipzig DC,DE,2026-09-15,00:00:00,2026-08-27,00:00:00,2026-08-28,00:00:00,2026-08-31,00:00:00,Road,Meridian Air Cargo
6601595221,52019804,6601595221.01-03,Defibrillator Pad Set Adult,5,Bratislava,SK,Leipzig DC,DE,2026-09-15,00:00:00,2026-08-27,00:00:00,2026-08-28,00:00:00,2026-08-31,00:00:00,Road,Meridian Air Cargo
6600828361,57334408,6600828361.01-01,Central Station Display 32in Curved,10,Rotterdam,NL,Hamburg DC,DE,2026-08-19,00:00:00,2026-08-18,00:00:00,2026-08-19,00:00:00,,,Road,Blue Anchor Shipping
6600742284,56733054,6600742284.01-01,Infusion Pump IP-300 Compact,6,Rotterdam,NL,Herrsching DC,DE,2026-09-01,00:00:00,,,,,,,Road,EuroCargo Express
6601625352,55561340,6601625352.01-01,SpO2 Sensor Reusable Pediatric,5,Milan,IT,Hamburg DC,DE,2026-09-27,00:00:00,2026-08-29,00:00:00,2026-08-30,00:00:00,,,Road,NorthStar Freight
6601625352,55561340,6601625352.01-02,Patient Monitor Gateway X1 Pro,5,Milan,IT,Hamburg DC,DE,2026-09-27,00:00:00,2026-08-29,00:00:00,2026-08-30,00:00:00,,,Road,NorthStar Freight
6601618978,54371634,6601618978.01-01,Central Station Display 32in Curved,3,Antwerp,BE,Leipzig DC,DE,2026-08-27,00:00:00,2026-08-18,00:00:00,2026-08-19,00:00:00,2026-08-21,00:00:00,Road,Blue Anchor Shipping
6601695711,58244963,6601695711.01-01,Defibrillator Pad Set Adult,2,Los Angeles,US,Boeblingen DC,DE,2026-08-24,00:00:00,,,,,,,Air,Meridian Air Cargo
6601107894,55158453,6601107894.01-01,SpO2 Sensor Disposable Adult,1,Rotterdam,NL,Herrsching DC,DE,2026-09-30,00:00:00,2026-08-23,00:00:00,2026-08-24,00:00:00,2026-08-27,00:00:00,Road,Meridian Air Cargo
6601636077,53078319,6601636077.01-01,Temperature Probe Skin,9,Lyon,FR,Boeblingen DC,DE,2026-08-28,00:00:00,2026-08-26,00:00:00,2026-08-27,00:00:00,2026-08-29,00:00:00,Road,SwiftHaul GmbH
6601100650,54182150,6601100650.01-01,NIBP Cuff Set Adult,11,Shenzhen,CN,Hamburg DC,DE,2026-09-16,00:00:00,2026-08-05,00:00:00,2026-08-13,00:00:00,2026-08-30,00:00:00,Ocean,Meridian Air Cargo
6601682248,50459038,6601682248.01-01,Patient Monitor Gateway X2 Wireless,10,Shanghai,CN,Boeblingen DC,DE,2026-07-27,00:00:00,,,,,,,Ocean,HubLine Cargo
6601682248,50459038,6601682248.01-02,Central Monitoring Software License 10-Bed,9,Shanghai,CN,Boeblingen DC,DE,2026-07-27,00:00:00,,,,,,,Ocean,HubLine Cargo
6601197018,54561348,6601197018.01-01,Central Station Display 27in,2,Shenzhen,CN,Herrsching DC,DE,2026-08-02,00:00:00,2026-07-31,00:00:00,2026-08-09,00:00:00,2026-08-28,00:00:00,Ocean,Meridian Air Cargo
6601197018,54561348,6601197018.01-02,Vital Signs Monitor V200 Cart Mount,12,Shenzhen,CN,Herrsching DC,DE,2026-08-02,00:00:00,2026-07-31,00:00:00,2026-08-09,00:00:00,2026-08-28,00:00:00,Ocean,Meridian Air Cargo
"6601550226,6601054707",53355580,6601054707.01-01,Multi-Param Sensor Module MP-8 Plus,5,Bratislava,SK,Leipzig DC,DE,2026-08-18,00:00:00,2026-08-18,00:00:00,2026-08-19,00:00:00,,,Road,Blue Anchor Shipping
"6601550226,6601054707",53355580,6601054707.01-02,CO2 Sensor Module Mainstream,11,Bratislava,SK,Leipzig DC,DE,2026-08-18,00:00:00,2026-08-18,00:00:00,2026-08-19,00:00:00,,,Road,Blue Anchor Shipping
"6601550226,6601054707",53355580,6601550226.01-01,NIBP Cuff Set Pediatric,12,Bratislava,SK,Leipzig DC,DE,2026-08-18,00:00:00,2026-08-18,00:00:00,2026-08-19,00:00:00,,,Road,Blue Anchor Shipping
"6601550226,6601054707",53355580,6601550226.01-02,Defibrillator Pad Set Pediatric,2,Bratislava,SK,Leipzig DC,DE,2026-08-18,00:00:00,2026-08-18,00:00:00,2026-08-19,00:00:00,,,Road,Blue Anchor Shipping
6601634741,55089105,6601634741.01-01,Bedside Monitor Mount Wall Arm,6,Shanghai,CN,Boeblingen DC,DE,2026-08-20,00:00:00,,,,,,,Ocean,NorthStar Freight
6601634741,55089105,6601634741.01-02,Ventilator Circuit Kit Neonatal,3,Shanghai,CN,Boeblingen DC,DE,2026-08-20,00:00:00,,,,,,,Ocean,NorthStar Freight
6601634741,55089105,6601634741.01-03,Vital Signs Monitor V300 Wall Mount,1,Shanghai,CN,Boeblingen DC,DE,2026-08-20,00:00:00,,,,,,,Ocean,NorthStar Freight
6601349952,58586565,6601349952.01-01,Service Cart Mobile Standard,6,Singapore,SG,Leipzig DC,DE,2026-08-22,00:00:00,2026-08-22,00:00:00,2026-08-29,00:00:00,,,Ocean,EuroCargo Express
6601070280,50612263,6601070280.01-01,Patient Cable SpO2 Extension 2m,10,Rotterdam,NL,Leipzig DC,DE,2026-09-02,00:00:00,2026-08-21,00:00:00,2026-08-22,00:00:00,2026-08-24,00:00:00,Road,Blue Anchor Shipping
6601159873,57130624,6601159873.01-01,Network Interface Card Standard,10,Bratislava,SK,Herrsching DC,DE,2026-08-31,00:00:00,,,,,,,Road,EuroCargo Express
6601159873,57130624,6601159873.01-02,NIBP Cuff Set Adult,9,Bratislava,SK,Herrsching DC,DE,2026-08-31,00:00:00,,,,,,,Road,EuroCargo Express
6601159873,57130624,6601159873.01-03,Battery Pack BP-12,11,Bratislava,SK,Herrsching DC,DE,2026-08-31,00:00:00,,,,,,,Road,EuroCargo Express
6600972126,50365323,6600972126.01-01,Central Station Display 32in Curved,12,Singapore,SG,Boeblingen DC,DE,2026-09-03,00:00:00,,,,,,,Ocean,NorthStar Freight
6600939464,56997068,6600939464.01-01,ECG Lead Set 3-wire,8,Antwerp,BE,Herrsching DC,DE,2026-09-16,00:00:00,2026-08-21,00:00:00,2026-08-22,00:00:00,2026-08-25,00:00:00,Road,SwiftHaul GmbH
6600939464,56997068,6600939464.01-02,Battery Pack BP-12,11,Antwerp,BE,Herrsching DC,DE,2026-09-16,00:00:00,2026-08-21,00:00:00,2026-08-22,00:00:00,2026-08-25,00:00:00,Road,SwiftHaul GmbH
6600939464,56997068,6600939464.01-03,Battery Pack BP-24 Extended,2,Antwerp,BE,Herrsching DC,DE,2026-09-16,00:00:00,2026-08-21,00:00:00,2026-08-22,00:00:00,2026-08-25,00:00:00,Road,SwiftHaul GmbH
6600939464,56997068,6600939464.01-04,Anesthesia Gas Module Compact 3-Gas,3,Antwerp,BE,Herrsching DC,DE,2026-09-16,00:00:00,2026-08-21,00:00:00,2026-08-22,00:00:00,2026-08-25,00:00:00,Road,SwiftHaul GmbH
6600726401,52339358,6600726401.01-01,Patient Monitor Gateway X1,3,Chicago,US,Hamburg DC,DE,2026-09-27,00:00:00,2026-08-18,00:00:00,2026-08-22,00:00:00,2026-08-30,00:00:00,Air,Meridian Air Cargo
6601486729,51032546,6601486729.01-01,Temperature Probe Rectal,1,Milan,IT,Leipzig DC,DE,2026-09-11,00:00:00,2026-08-31,00:00:00,2026-09-01,00:00:00,,,Road,Meridian Air Cargo
6601486729,51032546,6601486729.01-02,Ventilator Circuit Kit Adult,6,Milan,IT,Leipzig DC,DE,2026-09-11,00:00:00,2026-08-31,00:00:00,2026-09-01,00:00:00,,,Road,Meridian Air Cargo
6601127496,57398813,6601127496.01-01,Printer Module PM-3,2,Shanghai,CN,Herrsching DC,DE,2026-08-29,00:00:00,2026-08-30,00:00:00,2026-09-08,00:00:00,,,Ocean,Blue Anchor Shipping
6601127496,57398813,6601127496.01-02,Patient Monitor Gateway X1,7,Shanghai,CN,Herrsching DC,DE,2026-08-29,00:00:00,2026-08-30,00:00:00,2026-09-08,00:00:00,,,Ocean,Blue Anchor Shipping
6601467330,51221373,6601467330.01-01,Multi-Param Sensor Module MP-5,12,Warsaw,PL,Boeblingen DC,DE,2026-09-16,00:00:00,2026-08-19,00:00:00,2026-08-20,00:00:00,2026-08-24,00:00:00,Road,Meridian Air Cargo
"6601285716,6600998006",56708864,6600998006.01-01,Vital Signs Monitor V200,1,Singapore,SG,Boeblingen DC,DE,2026-08-03,00:00:00,2026-08-03,00:00:00,2026-08-11,00:00:00,,,Ocean,HubLine Cargo
"6601285716,6600998006",56708864,6601285716.01-01,Telemetry Transmitter T5 Dual-Channel,4,Singapore,SG,Boeblingen DC,DE,2026-08-03,00:00:00,2026-08-03,00:00:00,2026-08-11,00:00:00,,,Ocean,HubLine Cargo
6600931626,57215280,6600931626.01-01,Vital Signs Monitor V200,5,Rotterdam,NL,Leipzig DC,DE,2026-10-06,00:00:00,,,,,,,Road,EuroCargo Express
6601572933,57208003,6601572933.01-01,SpO2 Sensor Disposable Adult,9,Chicago,US,Leipzig DC,DE,2026-09-11,00:00:00,2026-08-29,00:00:00,2026-09-02,00:00:00,,,Air,HubLine Cargo
6601614182,56300164,6601614182.01-01,Anesthesia Gas Module Standard 5-Gas,3,Chicago,US,Boeblingen DC,DE,2026-08-20,00:00:00,2026-08-12,00:00:00,2026-08-16,00:00:00,2026-08-26,00:00:00,Air,HubLine Cargo
6601614182,56300164,6601614182.01-02,Infusion Pump IP-300 Compact,5,Chicago,US,Boeblingen DC,DE,2026-08-20,00:00:00,2026-08-12,00:00:00,2026-08-16,00:00:00,2026-08-26,00:00:00,Air,HubLine Cargo
6601614182,56300164,6601614182.01-03,Calibration Kit Standard,5,Chicago,US,Boeblingen DC,DE,2026-08-20,00:00:00,2026-08-12,00:00:00,2026-08-16,00:00:00,2026-08-26,00:00:00,Air,HubLine Cargo
6600773877,54497133,6600773877.01-01,Patient Cable SpO2 Extension 2m,12,Miami,US,Leipzig DC,DE,2026-08-27,00:00:00,2026-08-15,00:00:00,2026-08-20,00:00:00,2026-08-30,00:00:00,Air,SwiftHaul GmbH
6600773877,54497133,6600773877.01-02,Infusion Pump IP-700 Dual,7,Miami,US,Leipzig DC,DE,2026-08-27,00:00:00,2026-08-15,00:00:00,2026-08-20,00:00:00,2026-08-30,00:00:00,Air,SwiftHaul GmbH
6601375933,51990213,6601375933.01-01,Service Cart Mobile Locking,6,Milan,IT,Leipzig DC,DE,2026-08-20,00:00:00,2026-08-20,00:00:00,2026-08-21,00:00:00,,,Road,SwiftHaul GmbH
6601375933,51990213,6601375933.01-02,Telemetry Transmitter T3,2,Milan,IT,Leipzig DC,DE,2026-08-20,00:00:00,2026-08-20,00:00:00,2026-08-21,00:00:00,,,Road,SwiftHaul GmbH
6601375933,51990213,6601375933.01-03,Wall Mount Arm Single Monitor,2,Milan,IT,Leipzig DC,DE,2026-08-20,00:00:00,2026-08-20,00:00:00,2026-08-21,00:00:00,,,Road,SwiftHaul GmbH
6601366286,53161838,6601366286.01-01,Ventilator Circuit Kit Neonatal,12,Shanghai,CN,Leipzig DC,DE,2026-08-02,00:00:00,2026-08-02,00:00:00,2026-08-10,00:00:00,2026-08-28,00:00:00,Ocean,Meridian Air Cargo
6601366286,53161838,6601366286.01-02,Multi-Param Sensor Module MP-8 Plus,12,Shanghai,CN,Leipzig DC,DE,2026-08-02,00:00:00,2026-08-02,00:00:00,2026-08-10,00:00:00,2026-08-28,00:00:00,Ocean,Meridian Air Cargo
6600970635,52050897,6600970635.01-01,Ventilator Circuit Kit Neonatal,12,Warsaw,PL,Hamburg DC,DE,2026-09-19,00:00:00,2026-08-18,00:00:00,2026-08-19,00:00:00,2026-08-21,00:00:00,Road,Blue Anchor Shipping
6600970635,52050897,6600970635.01-02,Patient Cable NIBP Hose 2.5m,1,Warsaw,PL,Hamburg DC,DE,2026-09-19,00:00:00,2026-08-18,00:00:00,2026-08-19,00:00:00,2026-08-21,00:00:00,Road,Blue Anchor Shipping
6600845116,57476575,6600845116.01-01,Central Station Display 24in,3,Shenzhen,CN,Hamburg DC,DE,2026-07-19,00:00:00,2026-07-19,00:00:00,2026-07-27,00:00:00,2026-08-13,00:00:00,Ocean,Blue Anchor Shipping
6600845116,57476575,6600845116.01-02,Printer Module PM-3,6,Shenzhen,CN,Hamburg DC,DE,2026-07-19,00:00:00,2026-07-19,00:00:00,2026-07-27,00:00:00,2026-08-13,00:00:00,Ocean,Blue Anchor Shipping
6600845116,57476575,6600845116.01-03,ECG Lead Set 3-wire,4,Shenzhen,CN,Hamburg DC,DE,2026-07-19,00:00:00,2026-07-19,00:00:00,2026-07-27,00:00:00,2026-08-13,00:00:00,Ocean,Blue Anchor Shipping
6601497035,52072293,6601497035.01-01,NIBP Cuff Set Pediatric,2,Lyon,FR,Herrsching DC,DE,2026-09-25,00:00:00,2026-08-21,00:00:00,2026-08-22,00:00:00,2026-08-28,00:00:00,Road,SwiftHaul GmbH
6601584204,51490520,6601584204.01-01,Service Cart Mobile Standard,9,Singapore,SG,Boeblingen DC,DE,2026-08-31,00:00:00,,,,,,,Ocean,SwiftHaul GmbH
6601584204,51490520,6601584204.01-02,Defibrillator Pad Set Pediatric,9,Singapore,SG,Boeblingen DC,DE,2026-08-31,00:00:00,,,,,,,Ocean,SwiftHaul GmbH
6601274914,59075653,6601274914.01-01,Vital Signs Monitor V300 Wall Mount,8,Chicago,US,Boeblingen DC,DE,2026-09-14,00:00:00,2026-08-31,00:00:00,2026-09-04,00:00:00,,,Air,NorthStar Freight
6601274914,59075653,6601274914.01-02,NIBP Cuff Set Pediatric,3,Chicago,US,Boeblingen DC,DE,2026-09-14,00:00:00,2026-08-31,00:00:00,2026-09-04,00:00:00,,,Air,NorthStar Freight
6601439834,57182811,6601439834.01-01,NIBP Cuff Set Neonatal,11,Chicago,US,Boeblingen DC,DE,2026-08-29,00:00:00,2026-08-11,00:00:00,2026-08-15,00:00:00,2026-08-26,00:00:00,Air,EuroCargo Express
6601637078,51037265,6601637078.01-01,Battery Pack BP-08 Compact,1,Bratislava,SK,Boeblingen DC,DE,2026-08-17,00:00:00,2026-08-17,00:00:00,2026-08-18,00:00:00,2026-08-21,00:00:00,Road,HubLine Cargo
6601637078,51037265,6601637078.01-02,Patient Monitor Gateway X2 Wireless,7,Bratislava,SK,Boeblingen DC,DE,2026-08-17,00:00:00,2026-08-17,00:00:00,2026-08-18,00:00:00,2026-08-21,00:00:00,Road,HubLine Cargo
6601663185,54910637,6601663185.01-01,Telemetry Transmitter T3 Mini,2,Lyon,FR,Leipzig DC,DE,2026-09-02,00:00:00,2026-08-29,00:00:00,2026-08-30,00:00:00,,,Road,SwiftHaul GmbH
6601663185,54910637,6601663185.01-02,Patient Cable SpO2 Extension 2m,8,Lyon,FR,Leipzig DC,DE,2026-09-02,00:00:00,2026-08-29,00:00:00,2026-08-30,00:00:00,,,Road,SwiftHaul GmbH
6601663185,54910637,6601663185.01-03,SpO2 Sensor Finger Clip,10,Lyon,FR,Leipzig DC,DE,2026-09-02,00:00:00,2026-08-29,00:00:00,2026-08-30,00:00:00,,,Road,SwiftHaul GmbH
6601638772,52390125,6601638772.01-01,Bedside Monitor Mount Wall Arm,6,Warsaw,PL,Herrsching DC,DE,2026-09-24,00:00:00,2026-08-19,00:00:00,2026-08-20,00:00:00,2026-08-23,00:00:00,Road,Meridian Air Cargo
6601513918,58467932,6601513918.01-01,Ultrasound Probe Convex C5,8,Miami,US,Herrsching DC,DE,2026-09-17,00:00:00,2026-08-29,00:00:00,2026-09-03,00:00:00,,,Air,EuroCargo Express
6601079835,59526583,6601079835.01-01,Ultrasound Probe Linear L12,7,Rotterdam,NL,Herrsching DC,DE,2026-08-07,00:00:00,2026-08-13,00:00:00,2026-08-14,00:00:00,2026-08-18,00:00:00,Road,SwiftHaul GmbH
6600834707,53825534,6600834707.01-01,Vital Signs Monitor V200,10,Milan,IT,Boeblingen DC,DE,2026-10-09,00:00:00,,,,,,,Road,Blue Anchor Shipping
6600834707,53825534,6600834707.01-02,Printer Module PM-3,1,Milan,IT,Boeblingen DC,DE,2026-10-09,00:00:00,,,,,,,Road,Blue Anchor Shipping
6600710231,56198107,6600710231.01-01,Telemetry Transmitter T5 Dual-Channel,11,Lyon,FR,Herrsching DC,DE,2026-09-03,00:00:00,2026-08-20,00:00:00,2026-08-21,00:00:00,2026-08-24,00:00:00,Road,Meridian Air Cargo
6600710231,56198107,6600710231.01-02,Patient Cable ECG 5-lead 3m,1,Lyon,FR,Herrsching DC,DE,2026-09-03,00:00:00,2026-08-20,00:00:00,2026-08-21,00:00:00,2026-08-24,00:00:00,Road,Meridian Air Cargo
6601476986,54232714,6601476986.01-01,Temperature Probe Rectal,10,Hamburg,DE,Leipzig DC,DE,2026-09-26,00:00:00,2026-08-31,00:00:00,2026-09-01,00:00:00,,,Road,EuroCargo Express
6601214859,59179919,6601214859.01-01,Patient Monitor Gateway X1 Pro,12,Hamburg,DE,Hamburg DC,DE,2026-10-02,00:00:00,2026-08-20,00:00:00,2026-08-21,00:00:00,2026-08-21,00:00:00,Road,Meridian Air Cargo
"6601693542,6601122594",51904785,6601122594.01-01,CO2 Sensor Module Mainstream,9,Bratislava,SK,Herrsching DC,DE,2026-08-28,00:00:00,2026-08-27,00:00:00,2026-08-28,00:00:00,2026-08-28,00:00:00,Road,NorthStar Freight
"6601693542,6601122594",51904785,6601693542.01-01,Ultrasound Probe Cardiac P4,6,Bratislava,SK,Herrsching DC,DE,2026-08-28,00:00:00,2026-08-27,00:00:00,2026-08-28,00:00:00,2026-08-28,00:00:00,Road,NorthStar Freight
"6601693542,6601122594",51904785,6601693542.01-02,Printer Module PM-3 Thermal,1,Bratislava,SK,Herrsching DC,DE,2026-08-28,00:00:00,2026-08-27,00:00:00,2026-08-28,00:00:00,2026-08-28,00:00:00,Road,NorthStar Freight
6601685487,54287284,6601685487.01-01,Battery Pack BP-24 Extended,2,Antwerp,BE,Leipzig DC,DE,2026-09-17,00:00:00,,,,,,,Road,EuroCargo Express
6601685487,54287284,6601685487.01-02,Temperature Probe Esophageal,6,Antwerp,BE,Leipzig DC,DE,2026-09-17,00:00:00,,,,,,,Road,EuroCargo Express
6601184860,52943570,6601184860.01-01,Central Station Display 24in,2,Hamburg,DE,Leipzig DC,DE,2026-10-07,00:00:00,2026-08-28,00:00:00,2026-08-29,00:00:00,2026-08-29,00:00:00,Road,Blue Anchor Shipping
6601599978,56974097,6601599978.01-01,SpO2 Sensor Reusable Pediatric,12,Bratislava,SK,Herrsching DC,DE,2026-09-17,00:00:00,2026-08-30,00:00:00,2026-08-31,00:00:00,,,Road,EuroCargo Express
6601242412,50289843,6601242412.01-01,Wall Mount Arm Dual Monitor,5,Milan,IT,Herrsching DC,DE,2026-10-01,00:00:00,2026-08-25,00:00:00,2026-08-26,00:00:00,2026-08-28,00:00:00,Road,NorthStar Freight
6601242412,50289843,6601242412.01-02,Central Monitoring Software License 20-Bed,9,Milan,IT,Herrsching DC,DE,2026-10-01,00:00:00,2026-08-25,00:00:00,2026-08-26,00:00:00,2026-08-28,00:00:00,Road,NorthStar Freight
6601242412,50289843,6601242412.01-03,Bedside Monitor Mount Rolling Stand,9,Milan,IT,Herrsching DC,DE,2026-10-01,00:00:00,2026-08-25,00:00:00,2026-08-26,00:00:00,2026-08-28,00:00:00,Road,NorthStar Freight
6600925092,51360302,6600925092.01-01,Infusion Pump Docking Station Single Bay,5,Bratislava,SK,Hamburg DC,DE,2026-09-24,00:00:00,2026-08-21,00:00:00,2026-08-22,00:00:00,2026-08-24,00:00:00,Road,SwiftHaul GmbH
6601252907,55815424,6601252907.01-01,Patient Cable NIBP Hose 2.5m,7,Miami,US,Hamburg DC,DE,2026-09-25,00:00:00,2026-08-31,00:00:00,2026-09-04,00:00:00,,,Air,HubLine Cargo
6601644518,55865310,6601644518.01-01,Battery Pack BP-24 Extended,6,Rotterdam,NL,Hamburg DC,DE,2026-08-18,00:00:00,2026-08-18,00:00:00,2026-08-19,00:00:00,2026-08-20,00:00:00,Road,HubLine Cargo
6601644518,55865310,6601644518.01-02,Infusion Pump Docking Station Triple Bay,3,Rotterdam,NL,Hamburg DC,DE,2026-08-18,00:00:00,2026-08-18,00:00:00,2026-08-19,00:00:00,2026-08-20,00:00:00,Road,HubLine Cargo
6601059465,51263108,6601059465.01-01,Defibrillator Pad Set Training,11,Milan,IT,Hamburg DC,DE,2026-09-22,00:00:00,2026-08-29,00:00:00,2026-08-30,00:00:00,,,Road,Blue Anchor Shipping
6601059465,51263108,6601059465.01-02,Infusion Pump IP-300 Compact,4,Milan,IT,Hamburg DC,DE,2026-09-22,00:00:00,2026-08-29,00:00:00,2026-08-30,00:00:00,,,Road,Blue Anchor Shipping
6601059465,51263108,6601059465.01-03,Temperature Probe Rectal,6,Milan,IT,Hamburg DC,DE,2026-09-22,00:00:00,2026-08-29,00:00:00,2026-08-30,00:00:00,,,Road,Blue Anchor Shipping
6601059465,51263108,6601059465.01-04,NIBP Cuff Set Thigh,1,Milan,IT,Hamburg DC,DE,2026-09-22,00:00:00,2026-08-29,00:00:00,2026-08-30,00:00:00,,,Road,Blue Anchor Shipping
6600746184,50712120,6600746184.01-01,Temperature Probe Esophageal,9,Shenzhen,CN,Herrsching DC,DE,2026-08-22,00:00:00,2026-07-26,00:00:00,2026-08-04,00:00:00,2026-08-23,00:00:00,Ocean,NorthStar Freight
6600746184,50712120,6600746184.01-02,Multi-Param Sensor Module MP-3 Compact,11,Shenzhen,CN,Herrsching DC,DE,2026-08-22,00:00:00,2026-07-26,00:00:00,2026-08-04,00:00:00,2026-08-23,00:00:00,Ocean,NorthStar Freight
6600746184,50712120,6600746184.01-03,Printer Module PM-3,2,Shenzhen,CN,Herrsching DC,DE,2026-08-22,00:00:00,2026-07-26,00:00:00,2026-08-04,00:00:00,2026-08-23,00:00:00,Ocean,NorthStar Freight
6600907801,57031974,6600907801.01-01,Temperature Probe Skin,9,Bratislava,SK,Herrsching DC,DE,2026-08-11,00:00:00,,,,,,,Road,Blue Anchor Shipping
6600907801,57031974,6600907801.01-02,Service Cart Mobile Locking,3,Bratislava,SK,Herrsching DC,DE,2026-08-11,00:00:00,,,,,,,Road,Blue Anchor Shipping
6600907801,57031974,6600907801.01-03,SpO2 Sensor Reusable Pediatric,3,Bratislava,SK,Herrsching DC,DE,2026-08-11,00:00:00,,,,,,,Road,Blue Anchor Shipping
6600907801,57031974,6600907801.01-04,Infusion Pump Docking Station Triple Bay,1,Bratislava,SK,Herrsching DC,DE,2026-08-11,00:00:00,,,,,,,Road,Blue Anchor Shipping
6600877877,56644658,6600877877.01-01,Vital Signs Monitor V100 Compact,2,Chicago,US,Leipzig DC,DE,2026-08-25,00:00:00,,,,,,,Air,EuroCargo Express
6600877877,56644658,6600877877.01-02,Ventilator Circuit Kit Adult,1,Chicago,US,Leipzig DC,DE,2026-08-25,00:00:00,,,,,,,Air,EuroCargo Express
6600877877,56644658,6600877877.01-03,Ultrasound Probe Cardiac P4,9,Chicago,US,Leipzig DC,DE,2026-08-25,00:00:00,,,,,,,Air,EuroCargo Express
6601420613,51681139,6601420613.01-01,Battery Pack BP-24 Extended,5,Chicago,US,Hamburg DC,DE,2026-08-03,00:00:00,2026-08-05,00:00:00,2026-08-09,00:00:00,,,Air,Meridian Air Cargo
6601420613,51681139,6601420613.01-02,Vital Signs Monitor V300 Touch,12,Chicago,US,Hamburg DC,DE,2026-08-03,00:00:00,2026-08-05,00:00:00,2026-08-09,00:00:00,,,Air,Meridian Air Cargo
6601420613,51681139,6601420613.01-03,NIBP Cuff Set Adult,7,Chicago,US,Hamburg DC,DE,2026-08-03,00:00:00,2026-08-05,00:00:00,2026-08-09,00:00:00,,,Air,Meridian Air Cargo
6601666402,51393258,6601666402.01-01,Patient Cable NIBP Hose 2.5m,4,Antwerp,BE,Herrsching DC,DE,2026-08-16,00:00:00,2026-08-14,00:00:00,2026-08-15,00:00:00,2026-08-19,00:00:00,Road,Meridian Air Cargo
6601666402,51393258,6601666402.01-02,Bedside Monitor Mount Wall Arm,11,Antwerp,BE,Herrsching DC,DE,2026-08-16,00:00:00,2026-08-14,00:00:00,2026-08-15,00:00:00,2026-08-19,00:00:00,Road,Meridian Air Cargo
6601666402,51393258,6601666402.01-03,Infusion Pump Docking Station Triple Bay,5,Antwerp,BE,Herrsching DC,DE,2026-08-16,00:00:00,2026-08-14,00:00:00,2026-08-15,00:00:00,2026-08-19,00:00:00,Road,Meridian Air Cargo
6601489260,56257970,6601489260.01-01,ECG Lead Set 3-wire,1,Milan,IT,Boeblingen DC,DE,2026-10-04,00:00:00,,,,,,,Road,Blue Anchor Shipping
6601059959,50692124,6601059959.01-01,Multi-Param Sensor Module MP-8 Plus,8,Singapore,SG,Leipzig DC,DE,2026-08-14,00:00:00,2026-08-07,00:00:00,2026-08-14,00:00:00,2026-08-30,00:00:00,Ocean,HubLine Cargo
6601059959,50692124,6601059959.01-02,Calibration Kit Standard,10,Singapore,SG,Leipzig DC,DE,2026-08-14,00:00:00,2026-08-07,00:00:00,2026-08-14,00:00:00,2026-08-30,00:00:00,Ocean,HubLine Cargo
6601059959,50692124,6601059959.01-03,Patient Monitor Gateway X2 Wireless,11,Singapore,SG,Leipzig DC,DE,2026-08-14,00:00:00,2026-08-07,00:00:00,2026-08-14,00:00:00,2026-08-30,00:00:00,Ocean,HubLine Cargo
6600929564,59692193,6600929564.01-01,SpO2 Sensor Disposable Adult,9,Los Angeles,US,Leipzig DC,DE,2026-08-05,00:00:00,2026-08-08,00:00:00,2026-08-13,00:00:00,,,Air,EuroCargo Express
6600861433,57229339,6600861433.01-01,Central Station Display 27in,7,Rotterdam,NL,Boeblingen DC,DE,2026-09-01,00:00:00,2026-08-31,00:00:00,2026-09-01,00:00:00,,,Road,EuroCargo Express
6600704142,55671576,6600704142.01-01,Ventilator Circuit Kit Reusable Adult,8,Singapore,SG,Herrsching DC,DE,2026-08-27,00:00:00,2026-07-28,00:00:00,2026-08-05,00:00:00,2026-08-22,00:00:00,Ocean,NorthStar Freight
6600704142,55671576,6600704142.01-02,Defibrillator Pad Set Adult,10,Singapore,SG,Herrsching DC,DE,2026-08-27,00:00:00,2026-07-28,00:00:00,2026-08-05,00:00:00,2026-08-22,00:00:00,Ocean,NorthStar Freight
6600704142,55671576,6600704142.01-03,Multi-Param Sensor Module MP-8 Plus,11,Singapore,SG,Herrsching DC,DE,2026-08-27,00:00:00,2026-07-28,00:00:00,2026-08-05,00:00:00,2026-08-22,00:00:00,Ocean,NorthStar Freight
6600704142,55671576,6600704142.01-04,Central Monitoring Software License 20-Bed,5,Singapore,SG,Herrsching DC,DE,2026-08-27,00:00:00,2026-07-28,00:00:00,2026-08-05,00:00:00,2026-08-22,00:00:00,Ocean,NorthStar Freight
"6600862212,6601300370",52290965,6600862212.01-01,Ventilator Circuit Kit Neonatal,9,Antwerp,BE,Hamburg DC,DE,2026-08-26,00:00:00,2026-08-24,00:00:00,2026-08-25,00:00:00,2026-08-26,00:00:00,Road,EuroCargo Express
"6600862212,6601300370",52290965,6600862212.01-02,Ventilator Circuit Kit Adult,9,Antwerp,BE,Hamburg DC,DE,2026-08-26,00:00:00,2026-08-24,00:00:00,2026-08-25,00:00:00,2026-08-26,00:00:00,Road,EuroCargo Express
"6600862212,6601300370",52290965,6600862212.01-03,Service Cart Mobile Standard,7,Antwerp,BE,Hamburg DC,DE,2026-08-26,00:00:00,2026-08-24,00:00:00,2026-08-25,00:00:00,2026-08-26,00:00:00,Road,EuroCargo Express
"6600862212,6601300370",52290965,6601300370.01-01,Central Station Display 27in,12,Antwerp,BE,Hamburg DC,DE,2026-08-26,00:00:00,2026-08-24,00:00:00,2026-08-25,00:00:00,2026-08-26,00:00:00,Road,EuroCargo Express
"6600862212,6601300370",52290965,6601300370.01-02,Wall Mount Arm Single Monitor,4,Antwerp,BE,Hamburg DC,DE,2026-08-26,00:00:00,2026-08-24,00:00:00,2026-08-25,00:00:00,2026-08-26,00:00:00,Road,EuroCargo Express
6601269397,58501348,6601269397.01-01,CO2 Sensor Module Sidestream,4,Antwerp,BE,Herrsching DC,DE,2026-08-31,00:00:00,,,,,,,Road,SwiftHaul GmbH
6601355547,50812481,6601355547.01-01,Ultrasound Probe Cardiac P4,1,Hamburg,DE,Boeblingen DC,DE,2026-08-18,00:00:00,2026-08-18,00:00:00,2026-08-19,00:00:00,2026-08-19,00:00:00,Road,SwiftHaul GmbH
6601033050,50764306,6601033050.01-01,Calibration Kit Advanced Diagnostic,3,Milan,IT,Leipzig DC,DE,2026-08-23,00:00:00,2026-08-23,00:00:00,2026-08-24,00:00:00,2026-08-28,00:00:00,Road,NorthStar Freight
6601686762,52521005,6601686762.01-01,Bedside Monitor Mount Rolling Stand,3,Antwerp,BE,Herrsching DC,DE,2026-08-16,00:00:00,,,,,,,Road,EuroCargo Express
6601686762,52521005,6601686762.01-02,Network Interface Card Standard,6,Antwerp,BE,Herrsching DC,DE,2026-08-16,00:00:00,,,,,,,Road,EuroCargo Express
6600880207,59646866,6600880207.01-01,ECG Lead Set 5-wire,1,Rotterdam,NL,Hamburg DC,DE,2026-08-14,00:00:00,2026-08-14,00:00:00,2026-08-15,00:00:00,2026-08-20,00:00:00,Road,NorthStar Freight
6600880207,59646866,6600880207.01-02,SpO2 Sensor Disposable Adult,10,Rotterdam,NL,Hamburg DC,DE,2026-08-14,00:00:00,2026-08-14,00:00:00,2026-08-15,00:00:00,2026-08-20,00:00:00,Road,NorthStar Freight
6600744258,56004131,6600744258.01-01,Vital Signs Monitor V100 Compact,2,Shanghai,CN,Leipzig DC,DE,2026-08-14,00:00:00,2026-08-05,00:00:00,2026-08-13,00:00:00,2026-08-31,00:00:00,Ocean,HubLine Cargo
6601116068,53222057,6601116068.01-01,Calibration Kit Standard,11,Milan,IT,Hamburg DC,DE,2026-09-12,00:00:00,2026-08-31,00:00:00,2026-09-01,00:00:00,,,Road,HubLine Cargo
6601116068,53222057,6601116068.01-02,Vital Signs Monitor V200,1,Milan,IT,Hamburg DC,DE,2026-09-12,00:00:00,2026-08-31,00:00:00,2026-09-01,00:00:00,,,Road,HubLine Cargo
6601116068,53222057,6601116068.01-03,Defibrillator Pad Set Training,3,Milan,IT,Hamburg DC,DE,2026-09-12,00:00:00,2026-08-31,00:00:00,2026-09-01,00:00:00,,,Road,HubLine Cargo
6601116068,53222057,6601116068.01-04,Ventilator Circuit Kit Neonatal,9,Milan,IT,Hamburg DC,DE,2026-09-12,00:00:00,2026-08-31,00:00:00,2026-09-01,00:00:00,,,Road,HubLine Cargo
6601362953,50602105,6601362953.01-01,ECG Lead Set 12-wire Diagnostic,1,Bratislava,SK,Herrsching DC,DE,2026-09-01,00:00:00,2026-08-30,00:00:00,2026-08-31,00:00:00,,,Road,SwiftHaul GmbH
6601362953,50602105,6601362953.01-02,Patient Cable ECG 5-lead 3m,12,Bratislava,SK,Herrsching DC,DE,2026-09-01,00:00:00,2026-08-30,00:00:00,2026-08-31,00:00:00,,,Road,SwiftHaul GmbH
6601362953,50602105,6601362953.01-03,CO2 Sensor Module Sidestream,7,Bratislava,SK,Herrsching DC,DE,2026-09-01,00:00:00,2026-08-30,00:00:00,2026-08-31,00:00:00,,,Road,SwiftHaul GmbH
6601362953,50602105,6601362953.01-04,Ventilator Circuit Kit Reusable Adult,4,Bratislava,SK,Herrsching DC,DE,2026-09-01,00:00:00,2026-08-30,00:00:00,2026-08-31,00:00:00,,,Road,SwiftHaul GmbH
6600925402,56178527,6600925402.01-01,Anesthesia Gas Module Standard 5-Gas,11,Singapore,SG,Herrsching DC,DE,2026-09-05,00:00:00,2026-07-28,00:00:00,2026-08-05,00:00:00,2026-08-26,00:00:00,Ocean,SwiftHaul GmbH
6600925402,56178527,6600925402.01-02,Vital Signs Monitor V100 Compact,1,Singapore,SG,Herrsching DC,DE,2026-09-05,00:00:00,2026-07-28,00:00:00,2026-08-05,00:00:00,2026-08-26,00:00:00,Ocean,SwiftHaul GmbH
6601194585,59748249,6601194585.01-01,Wall Mount Arm Single Monitor,2,Lyon,FR,Leipzig DC,DE,2026-08-26,00:00:00,,,,,,,Road,Meridian Air Cargo
6601194585,59748249,6601194585.01-02,Defibrillator Pad Set Adult,2,Lyon,FR,Leipzig DC,DE,2026-08-26,00:00:00,,,,,,,Road,Meridian Air Cargo
6601194585,59748249,6601194585.01-03,Bedside Monitor Mount Rolling Stand,11,Lyon,FR,Leipzig DC,DE,2026-08-26,00:00:00,,,,,,,Road,Meridian Air Cargo
6601194585,59748249,6601194585.01-04,Wall Mount Arm Dual Monitor,1,Lyon,FR,Leipzig DC,DE,2026-08-26,00:00:00,,,,,,,Road,Meridian Air Cargo
6601147455,54602283,6601147455.01-01,Ultrasound Probe Linear L12,9,Warsaw,PL,Hamburg DC,DE,2026-10-07,00:00:00,2026-08-23,00:00:00,2026-08-24,00:00:00,2026-08-26,00:00:00,Road,EuroCargo Express
6601147455,54602283,6601147455.01-02,Central Monitoring Software License 20-Bed,3,Warsaw,PL,Hamburg DC,DE,2026-10-07,00:00:00,2026-08-23,00:00:00,2026-08-24,00:00:00,2026-08-26,00:00:00,Road,EuroCargo Express
6601206967,58271007,6601206967.01-01,Network Interface Card Standard,12,Singapore,SG,Leipzig DC,DE,2026-08-21,00:00:00,2026-08-06,00:00:00,2026-08-13,00:00:00,2026-08-29,00:00:00,Ocean,NorthStar Freight
6601061922,55841709,6601061922.01-01,Central Station Display 27in,6,Los Angeles,US,Hamburg DC,DE,2026-08-06,00:00:00,2026-08-06,00:00:00,2026-08-11,00:00:00,2026-08-20,00:00:00,Air,EuroCargo Express
6601061922,55841709,6601061922.01-02,Vital Signs Monitor V200 Cart Mount,4,Los Angeles,US,Hamburg DC,DE,2026-08-06,00:00:00,2026-08-06,00:00:00,2026-08-11,00:00:00,2026-08-20,00:00:00,Air,EuroCargo Express
6601326329,51550812,6601326329.01-01,ECG Lead Set 12-wire Diagnostic,2,Miami,US,Leipzig DC,DE,2026-09-15,00:00:00,,,,,,,Air,EuroCargo Express
6601326329,51550812,6601326329.01-02,Temperature Probe Skin,5,Miami,US,Leipzig DC,DE,2026-09-15,00:00:00,,,,,,,Air,EuroCargo Express
6600722442,56980854,6600722442.01-01,Temperature Probe Rectal,12,Hamburg,DE,Herrsching DC,DE,2026-10-09,00:00:00,2026-08-24,00:00:00,2026-08-25,00:00:00,2026-08-26,00:00:00,Road,NorthStar Freight
6600722442,56980854,6600722442.01-02,Central Station Display 24in,1,Hamburg,DE,Herrsching DC,DE,2026-10-09,00:00:00,2026-08-24,00:00:00,2026-08-25,00:00:00,2026-08-26,00:00:00,Road,NorthStar Freight
6601553219,52524296,6601553219.01-01,Bedside Monitor Mount Rail Mount,5,Milan,IT,Herrsching DC,DE,2026-09-22,00:00:00,2026-08-30,00:00:00,2026-08-31,00:00:00,,,Road,SwiftHaul GmbH
6601553219,52524296,6601553219.01-02,Infusion Pump Docking Station Triple Bay,12,Milan,IT,Herrsching DC,DE,2026-09-22,00:00:00,2026-08-30,00:00:00,2026-08-31,00:00:00,,,Road,SwiftHaul GmbH
"6601397440,6601322013",56603123,6601322013.01-01,Calibration Kit Standard,7,Miami,US,Boeblingen DC,DE,2026-08-13,00:00:00,2026-08-13,00:00:00,2026-08-18,00:00:00,,,Air,SwiftHaul GmbH
"6601397440,6601322013",56603123,6601322013.01-02,Multi-Param Sensor Module MP-8 Plus,7,Miami,US,Boeblingen DC,DE,2026-08-13,00:00:00,2026-08-13,00:00:00,2026-08-18,00:00:00,,,Air,SwiftHaul GmbH
"6601397440,6601322013",56603123,6601397440.01-01,ECG Lead Set 5-wire,11,Miami,US,Boeblingen DC,DE,2026-08-13,00:00:00,2026-08-13,00:00:00,2026-08-18,00:00:00,,,Air,SwiftHaul GmbH
6600931614,55975436,6600931614.01-01,Ultrasound Probe Linear L12,10,Bratislava,SK,Herrsching DC,DE,2026-09-23,00:00:00,2026-08-19,00:00:00,2026-08-20,00:00:00,2026-08-21,00:00:00,Road,Blue Anchor Shipping
6600931614,55975436,6600931614.01-02,ECG Lead Set 5-wire Reusable,12,Bratislava,SK,Herrsching DC,DE,2026-09-23,00:00:00,2026-08-19,00:00:00,2026-08-20,00:00:00,2026-08-21,00:00:00,Road,Blue Anchor Shipping
6600797550,56485020,6600797550.01-01,ECG Lead Set 12-wire Diagnostic,3,Hamburg,DE,Leipzig DC,DE,2026-09-15,00:00:00,2026-08-23,00:00:00,2026-08-24,00:00:00,2026-08-24,00:00:00,Road,HubLine Cargo
6601645676,51292274,6601645676.01-01,Patient Monitor Gateway X1,6,Milan,IT,Leipzig DC,DE,2026-09-10,00:00:00,2026-08-30,00:00:00,2026-08-31,00:00:00,,,Road,Meridian Air Cargo
6601645676,51292274,6601645676.01-02,Patient Monitor Gateway X1 Pro,6,Milan,IT,Leipzig DC,DE,2026-09-10,00:00:00,2026-08-30,00:00:00,2026-08-31,00:00:00,,,Road,Meridian Air Cargo
6601645676,51292274,6601645676.01-03,ECG Lead Set 3-wire,3,Milan,IT,Leipzig DC,DE,2026-09-10,00:00:00,2026-08-30,00:00:00,2026-08-31,00:00:00,,,Road,Meridian Air Cargo
6601645676,51292274,6601645676.01-04,Infusion Pump IP-500,11,Milan,IT,Leipzig DC,DE,2026-09-10,00:00:00,2026-08-30,00:00:00,2026-08-31,00:00:00,,,Road,Meridian Air Cargo
"6600962637,6600793450",58390840,6600793450.01-01,CO2 Sensor Module Mainstream,6,Milan,IT,Herrsching DC,DE,2026-09-25,00:00:00,2026-08-21,00:00:00,2026-08-22,00:00:00,2026-08-24,00:00:00,Road,EuroCargo Express
"6600962637,6600793450",58390840,6600793450.01-02,Ultrasound Probe Convex C5,3,Milan,IT,Herrsching DC,DE,2026-09-25,00:00:00,2026-08-21,00:00:00,2026-08-22,00:00:00,2026-08-24,00:00:00,Road,EuroCargo Express
"6600962637,6600793450",58390840,6600962637.01-01,Infusion Pump IP-500,11,Milan,IT,Herrsching DC,DE,2026-09-25,00:00:00,2026-08-21,00:00:00,2026-08-22,00:00:00,2026-08-24,00:00:00,Road,EuroCargo Express
"6600962637,6600793450",58390840,6600962637.01-02,Service Cart Mobile Locking,12,Milan,IT,Herrsching DC,DE,2026-09-25,00:00:00,2026-08-21,00:00:00,2026-08-22,00:00:00,2026-08-24,00:00:00,Road,EuroCargo Express
6600996275,55480120,6600996275.01-01,Network Interface Card Redundant Dual-Port,4,Shenzhen,CN,Herrsching DC,DE,2026-08-07,00:00:00,,,,,,,Ocean,HubLine Cargo
6601015809,54116368,6601015809.01-01,Patient Cable ECG 5-lead 3m,9,Los Angeles,US,Leipzig DC,DE,2026-09-03,00:00:00,,,,,,,Air,NorthStar Freight
6601590084,51865571,6601590084.01-01,Patient Monitor Gateway X1 Pro,2,Milan,IT,Hamburg DC,DE,2026-10-06,00:00:00,2026-08-21,00:00:00,2026-08-22,00:00:00,2026-08-26,00:00:00,Road,HubLine Cargo
6600938674,55330200,6600938674.01-01,ECG Lead Set 5-wire Reusable,6,Bratislava,SK,Leipzig DC,DE,2026-08-29,00:00:00,,,,,,,Road,EuroCargo Express
6600938674,55330200,6600938674.01-02,Vital Signs Monitor V300 Touch,3,Bratislava,SK,Leipzig DC,DE,2026-08-29,00:00:00,,,,,,,Road,EuroCargo Express
6601174050,56451842,6601174050.01-01,Ultrasound Probe Cardiac P4,1,Lyon,FR,Leipzig DC,DE,2026-09-13,00:00:00,2026-08-31,00:00:00,2026-09-01,00:00:00,,,Road,NorthStar Freight
6601598317,51292734,6601598317.01-01,Service Cart Mobile Locking,7,Bratislava,SK,Hamburg DC,DE,2026-08-14,00:00:00,2026-08-14,00:00:00,2026-08-15,00:00:00,,,Road,Blue Anchor Shipping
6601065186,51259013,6601065186.01-01,ECG Lead Set 12-wire Diagnostic,3,Hamburg,DE,Leipzig DC,DE,2026-10-06,00:00:00,,,,,,,Road,HubLine Cargo
6601065186,51259013,6601065186.01-02,CO2 Sensor Module Sidestream,6,Hamburg,DE,Leipzig DC,DE,2026-10-06,00:00:00,,,,,,,Road,HubLine Cargo
6601065186,51259013,6601065186.01-03,Patient Monitor Gateway X1,2,Hamburg,DE,Leipzig DC,DE,2026-10-06,00:00:00,,,,,,,Road,HubLine Cargo
"6601447734,6601190468",57749882,6601190468.01-01,NIBP Cuff Set Adult Long,9,Shenzhen,CN,Leipzig DC,DE,2026-09-01,00:00:00,2026-08-03,00:00:00,2026-08-11,00:00:00,2026-08-30,00:00:00,Ocean,NorthStar Freight
"6601447734,6601190468",57749882,6601447734.01-01,Ultrasound Probe Cardiac P4,5,Shenzhen,CN,Leipzig DC,DE,2026-09-01,00:00:00,2026-08-03,00:00:00,2026-08-11,00:00:00,2026-08-30,00:00:00,Ocean,NorthStar Freight
6600955479,53362890,6600955479.01-01,Patient Cable SpO2 Extension 2m,10,Shanghai,CN,Boeblingen DC,DE,2026-08-25,00:00:00,,,,,,,Ocean,HubLine Cargo
6600923613,51693229,6600923613.01-01,Central Station Display 24in,1,Los Angeles,US,Leipzig DC,DE,2026-08-20,00:00:00,,,,,,,Air,Blue Anchor Shipping
6601102675,59303027,6601102675.01-01,Bedside Monitor Mount Rolling Stand,7,Singapore,SG,Leipzig DC,DE,2026-08-14,00:00:00,,,,,,,Ocean,EuroCargo Express
6601290943,51712007,6601290943.01-01,Service Cart Mobile Standard,8,Rotterdam,NL,Leipzig DC,DE,2026-08-18,00:00:00,2026-08-18,00:00:00,2026-08-19,00:00:00,,,Road,Meridian Air Cargo
6601013658,59604215,6601013658.01-01,Temperature Probe Esophageal,7,Miami,US,Herrsching DC,DE,2026-08-04,00:00:00,2026-08-03,00:00:00,2026-08-08,00:00:00,2026-08-23,00:00:00,Air,EuroCargo Express
6601013658,59604215,6601013658.01-02,Infusion Pump Docking Station Triple Bay,3,Miami,US,Herrsching DC,DE,2026-08-04,00:00:00,2026-08-03,00:00:00,2026-08-08,00:00:00,2026-08-23,00:00:00,Air,EuroCargo Express
6601026028,55581510,6601026028.01-01,Ultrasound Probe Convex C5,7,Milan,IT,Herrsching DC,DE,2026-08-24,00:00:00,2026-08-22,00:00:00,2026-08-23,00:00:00,2026-08-27,00:00:00,Road,Blue Anchor Shipping
6601026028,55581510,6601026028.01-02,Patient Monitor Gateway X1,12,Milan,IT,Herrsching DC,DE,2026-08-24,00:00:00,2026-08-22,00:00:00,2026-08-23,00:00:00,2026-08-27,00:00:00,Road,Blue Anchor Shipping
6600883608,57920025,6600883608.01-01,SpO2 Sensor Reusable Pediatric,5,Rotterdam,NL,Leipzig DC,DE,2026-09-19,00:00:00,2026-08-30,00:00:00,2026-08-31,00:00:00,,,Road,Blue Anchor Shipping
6600883608,57920025,6600883608.01-02,NIBP Cuff Set Adult Long,4,Rotterdam,NL,Leipzig DC,DE,2026-09-19,00:00:00,2026-08-30,00:00:00,2026-08-31,00:00:00,,,Road,Blue Anchor Shipping
6600883608,57920025,6600883608.01-03,Central Monitoring Software License 40-Bed Enterprise,11,Rotterdam,NL,Leipzig DC,DE,2026-09-19,00:00:00,2026-08-30,00:00:00,2026-08-31,00:00:00,,,Road,Blue Anchor Shipping
6600759026,53521551,6600759026.01-01,Central Monitoring Software License 10-Bed,6,Warsaw,PL,Leipzig DC,DE,2026-10-03,00:00:00,2026-08-26,00:00:00,2026-08-27,00:00:00,2026-09-01,00:00:00,Road,EuroCargo Express
6600989287,52412889,6600989287.01-01,SpO2 Sensor Finger Clip,10,Lyon,FR,Hamburg DC,DE,2026-10-08,00:00:00,2026-08-22,00:00:00,2026-08-23,00:00:00,2026-08-26,00:00:00,Road,EuroCargo Express
6600989287,52412889,6600989287.01-02,Bedside Monitor Mount Wall Arm,3,Lyon,FR,Hamburg DC,DE,2026-10-08,00:00:00,2026-08-22,00:00:00,2026-08-23,00:00:00,2026-08-26,00:00:00,Road,EuroCargo Express
6600989287,52412889,6600989287.01-03,Ultrasound Probe Linear L12,1,Lyon,FR,Hamburg DC,DE,2026-10-08,00:00:00,2026-08-22,00:00:00,2026-08-23,00:00:00,2026-08-26,00:00:00,Road,EuroCargo Express
6600989287,52412889,6600989287.01-04,CO2 Sensor Module Sidestream,8,Lyon,FR,Hamburg DC,DE,2026-10-08,00:00:00,2026-08-22,00:00:00,2026-08-23,00:00:00,2026-08-26,00:00:00,Road,EuroCargo Express
6601633753,56740953,6601633753.01-01,Vital Signs Monitor V200,9,Chicago,US,Hamburg DC,DE,2026-08-04,00:00:00,2026-08-07,00:00:00,2026-08-11,00:00:00,2026-08-20,00:00:00,Air,SwiftHaul GmbH
6601518009,57188157,6601518009.01-01,Infusion Pump IP-300 Compact,3,Milan,IT,Leipzig DC,DE,2026-08-28,00:00:00,2026-08-29,00:00:00,2026-08-30,00:00:00,,,Road,EuroCargo Express
6601407677,54753043,6601407677.01-01,Network Interface Card Redundant Dual-Port,8,Los Angeles,US,Boeblingen DC,DE,2026-08-26,00:00:00,2026-08-04,00:00:00,2026-08-09,00:00:00,2026-08-21,00:00:00,Air,EuroCargo Express
6601407677,54753043,6601407677.01-02,SpO2 Sensor Reusable Pediatric,6,Los Angeles,US,Boeblingen DC,DE,2026-08-26,00:00:00,2026-08-04,00:00:00,2026-08-09,00:00:00,2026-08-21,00:00:00,Air,EuroCargo Express
6601407677,54753043,6601407677.01-03,NIBP Cuff Set Adult,12,Los Angeles,US,Boeblingen DC,DE,2026-08-26,00:00:00,2026-08-04,00:00:00,2026-08-09,00:00:00,2026-08-21,00:00:00,Air,EuroCargo Express
6601407677,54753043,6601407677.01-04,Patient Cable ECG 5-lead 3m,1,Los Angeles,US,Boeblingen DC,DE,2026-08-26,00:00:00,2026-08-04,00:00:00,2026-08-09,00:00:00,2026-08-21,00:00:00,Air,EuroCargo Express
6600833484,57826061,6600833484.01-01,Ultrasound Probe Convex C5,7,Shanghai,CN,Herrsching DC,DE,2026-08-01,00:00:00,,,,,,,Ocean,Meridian Air Cargo
"6601168515,6601511235",57420927,6601168515.01-01,Wall Mount Arm Single Monitor,7,Rotterdam,NL,Herrsching DC,DE,2026-08-19,00:00:00,,,,,,,Road,Meridian Air Cargo
"6601168515,6601511235",57420927,6601168515.01-02,CO2 Sensor Module Sidestream,4,Rotterdam,NL,Herrsching DC,DE,2026-08-19,00:00:00,,,,,,,Road,Meridian Air Cargo
"6601168515,6601511235",57420927,6601168515.01-03,SpO2 Sensor Reusable Adult,10,Rotterdam,NL,Herrsching DC,DE,2026-08-19,00:00:00,,,,,,,Road,Meridian Air Cargo
"6601168515,6601511235",57420927,6601511235.01-01,Ventilator Circuit Kit Adult,7,Rotterdam,NL,Herrsching DC,DE,2026-08-19,00:00:00,,,,,,,Road,Meridian Air Cargo
"6601168515,6601511235",57420927,6601511235.01-02,Telemetry Transmitter T3 Mini,4,Rotterdam,NL,Herrsching DC,DE,2026-08-19,00:00:00,,,,,,,Road,Meridian Air Cargo
"6601168515,6601511235",57420927,6601511235.01-03,Patient Monitor Gateway X2 Wireless,8,Rotterdam,NL,Herrsching DC,DE,2026-08-19,00:00:00,,,,,,,Road,Meridian Air Cargo
6600706993,56558396,6600706993.01-01,Patient Cable NIBP Hose 2.5m,1,Bratislava,SK,Hamburg DC,DE,2026-09-15,00:00:00,2026-08-25,00:00:00,2026-08-26,00:00:00,2026-08-27,00:00:00,Road,SwiftHaul GmbH
6600706993,56558396,6600706993.01-02,Central Monitoring Software License 40-Bed Enterprise,12,Bratislava,SK,Hamburg DC,DE,2026-09-15,00:00:00,2026-08-25,00:00:00,2026-08-26,00:00:00,2026-08-27,00:00:00,Road,SwiftHaul GmbH
6600857150,56284885,6600857150.01-01,Central Monitoring Software License 20-Bed,4,Shenzhen,CN,Leipzig DC,DE,2026-09-18,00:00:00,2026-08-04,00:00:00,2026-08-12,00:00:00,2026-08-30,00:00:00,Ocean,Blue Anchor Shipping
"6601021444,6600998129",55104790,6600998129.01-01,Vital Signs Monitor V200 Cart Mount,5,Chicago,US,Leipzig DC,DE,2026-08-30,00:00:00,2026-08-30,00:00:00,2026-09-03,00:00:00,,,Air,NorthStar Freight
"6601021444,6600998129",55104790,6600998129.01-02,Central Monitoring Software License 20-Bed,2,Chicago,US,Leipzig DC,DE,2026-08-30,00:00:00,2026-08-30,00:00:00,2026-09-03,00:00:00,,,Air,NorthStar Freight
"6601021444,6600998129",55104790,6600998129.01-03,Service Cart Mobile Locking,12,Chicago,US,Leipzig DC,DE,2026-08-30,00:00:00,2026-08-30,00:00:00,2026-09-03,00:00:00,,,Air,NorthStar Freight
"6601021444,6600998129",55104790,6601021444.01-01,Vital Signs Monitor V100 Compact,11,Chicago,US,Leipzig DC,DE,2026-08-30,00:00:00,2026-08-30,00:00:00,2026-09-03,00:00:00,,,Air,NorthStar Freight
"6601021444,6600998129",55104790,6601021444.01-02,Defibrillator Pad Set Adult,2,Chicago,US,Leipzig DC,DE,2026-08-30,00:00:00,2026-08-30,00:00:00,2026-09-03,00:00:00,,,Air,NorthStar Freight
"6601021444,6600998129",55104790,6601021444.01-03,Wall Mount Arm Dual Monitor,5,Chicago,US,Leipzig DC,DE,2026-08-30,00:00:00,2026-08-30,00:00:00,2026-09-03,00:00:00,,,Air,NorthStar Freight
"6601021444,6600998129",55104790,6601021444.01-04,Multi-Param Sensor Module MP-3 Compact,12,Chicago,US,Leipzig DC,DE,2026-08-30,00:00:00,2026-08-30,00:00:00,2026-09-03,00:00:00,,,Air,NorthStar Freight
"6601304056,6601209433",59630290,6601209433.01-01,SpO2 Sensor Disposable Adult,11,Milan,IT,Leipzig DC,DE,2026-08-26,00:00:00,2026-08-26,00:00:00,2026-08-27,00:00:00,2026-08-29,00:00:00,Road,Blue Anchor Shipping
"6601304056,6601209433",59630290,6601209433.01-02,Network Interface Card Standard,10,Milan,IT,Leipzig DC,DE,2026-08-26,00:00:00,2026-08-26,00:00:00,2026-08-27,00:00:00,2026-08-29,00:00:00,Road,Blue Anchor Shipping
"6601304056,6601209433",59630290,6601304056.01-01,Telemetry Transmitter T5 Dual-Channel,4,Milan,IT,Leipzig DC,DE,2026-08-26,00:00:00,2026-08-26,00:00:00,2026-08-27,00:00:00,2026-08-29,00:00:00,Road,Blue Anchor Shipping
"6601304056,6601209433",59630290,6601304056.01-02,Defibrillator Pad Set Pediatric,10,Milan,IT,Leipzig DC,DE,2026-08-26,00:00:00,2026-08-26,00:00:00,2026-08-27,00:00:00,2026-08-29,00:00:00,Road,Blue Anchor Shipping
6600856041,53694992,6600856041.01-01,Defibrillator Pad Set Training,1,Bratislava,SK,Boeblingen DC,DE,2026-08-19,00:00:00,2026-08-21,00:00:00,2026-08-22,00:00:00,2026-08-24,00:00:00,Road,HubLine Cargo
6600856041,53694992,6600856041.01-02,NIBP Cuff Set Pediatric,1,Bratislava,SK,Boeblingen DC,DE,2026-08-19,00:00:00,2026-08-21,00:00:00,2026-08-22,00:00:00,2026-08-24,00:00:00,Road,HubLine Cargo
6601699381,57404950,6601699381.01-01,SpO2 Sensor Finger Clip,6,Antwerp,BE,Herrsching DC,DE,2026-08-13,00:00:00,2026-08-12,00:00:00,2026-08-13,00:00:00,2026-08-17,00:00:00,Road,EuroCargo Express
6601699381,57404950,6601699381.01-02,CO2 Sensor Module Sidestream,1,Antwerp,BE,Herrsching DC,DE,2026-08-13,00:00:00,2026-08-12,00:00:00,2026-08-13,00:00:00,2026-08-17,00:00:00,Road,EuroCargo Express
6601699381,57404950,6601699381.01-03,Ventilator Circuit Kit Reusable Adult,8,Antwerp,BE,Herrsching DC,DE,2026-08-13,00:00:00,2026-08-12,00:00:00,2026-08-13,00:00:00,2026-08-17,00:00:00,Road,EuroCargo Express
6601254567,50385589,6601254567.01-01,ECG Lead Set 12-wire Diagnostic,3,Warsaw,PL,Hamburg DC,DE,2026-10-01,00:00:00,2026-08-30,00:00:00,2026-08-31,00:00:00,,,Road,Blue Anchor Shipping
6601254567,50385589,6601254567.01-02,Infusion Pump IP-500,9,Warsaw,PL,Hamburg DC,DE,2026-10-01,00:00:00,2026-08-30,00:00:00,2026-08-31,00:00:00,,,Road,Blue Anchor Shipping
6600747918,52507940,6600747918.01-01,Calibration Kit Advanced Diagnostic,6,Bratislava,SK,Herrsching DC,DE,2026-08-22,00:00:00,2026-08-22,00:00:00,2026-08-23,00:00:00,2026-08-23,00:00:00,Road,NorthStar Freight
6600747918,52507940,6600747918.01-02,Infusion Pump IP-700 Dual,8,Bratislava,SK,Herrsching DC,DE,2026-08-22,00:00:00,2026-08-22,00:00:00,2026-08-23,00:00:00,2026-08-23,00:00:00,Road,NorthStar Freight
6600860202,51464732,6600860202.01-01,Patient Cable SpO2 Extension 2m,5,Shenzhen,CN,Leipzig DC,DE,2026-09-15,00:00:00,,,,,,,Ocean,Meridian Air Cargo
6601616891,54422111,6601616891.01-01,ECG Lead Set 12-wire Diagnostic,6,Shenzhen,CN,Hamburg DC,DE,2026-08-11,00:00:00,2026-08-13,00:00:00,2026-08-21,00:00:00,,,Ocean,Blue Anchor Shipping
6601616891,54422111,6601616891.01-02,Central Station Display 32in Curved,5,Shenzhen,CN,Hamburg DC,DE,2026-08-11,00:00:00,2026-08-13,00:00:00,2026-08-21,00:00:00,,,Ocean,Blue Anchor Shipping
6601616891,54422111,6601616891.01-03,SpO2 Sensor Finger Clip,7,Shenzhen,CN,Hamburg DC,DE,2026-08-11,00:00:00,2026-08-13,00:00:00,2026-08-21,00:00:00,,,Ocean,Blue Anchor Shipping
6601375308,58424043,6601375308.01-01,Calibration Kit Advanced Diagnostic,4,Antwerp,BE,Leipzig DC,DE,2026-09-23,00:00:00,,,,,,,Road,HubLine Cargo
"6600826875,6601660326",58629458,6600826875.01-01,Bedside Monitor Mount Rolling Stand,10,Rotterdam,NL,Hamburg DC,DE,2026-09-04,00:00:00,2026-08-20,00:00:00,2026-08-21,00:00:00,2026-08-22,00:00:00,Road,NorthStar Freight
"6600826875,6601660326",58629458,6601660326.01-01,Vital Signs Monitor V300 Touch,3,Rotterdam,NL,Hamburg DC,DE,2026-09-04,00:00:00,2026-08-20,00:00:00,2026-08-21,00:00:00,2026-08-22,00:00:00,Road,NorthStar Freight
"6600826875,6601660326",58629458,6601660326.01-02,Multi-Param Sensor Module MP-5,1,Rotterdam,NL,Hamburg DC,DE,2026-09-04,00:00:00,2026-08-20,00:00:00,2026-08-21,00:00:00,2026-08-22,00:00:00,Road,NorthStar Freight
"6600826875,6601660326",58629458,6601660326.01-03,SpO2 Sensor Reusable Pediatric,8,Rotterdam,NL,Hamburg DC,DE,2026-09-04,00:00:00,2026-08-20,00:00:00,2026-08-21,00:00:00,2026-08-22,00:00:00,Road,NorthStar Freight
6601494358,51963207,6601494358.01-01,Service Cart Mobile Locking,7,Chicago,US,Hamburg DC,DE,2026-08-07,00:00:00,,,,,,,Air,Meridian Air Cargo
6601494358,51963207,6601494358.01-02,Temperature Probe Skin,7,Chicago,US,Hamburg DC,DE,2026-08-07,00:00:00,,,,,,,Air,Meridian Air Cargo
6601262573,52628840,6601262573.01-01,Temperature Probe Esophageal,5,Hamburg,DE,Boeblingen DC,DE,2026-10-01,00:00:00,2026-08-30,00:00:00,2026-08-31,00:00:00,,,Road,HubLine Cargo
6601262573,52628840,6601262573.01-02,Temperature Probe Rectal,10,Hamburg,DE,Boeblingen DC,DE,2026-10-01,00:00:00,2026-08-30,00:00:00,2026-08-31,00:00:00,,,Road,HubLine Cargo
6601399241,56018475,6601399241.01-01,Ultrasound Probe Convex C5,9,Miami,US,Boeblingen DC,DE,2026-09-25,00:00:00,2026-08-06,00:00:00,2026-08-11,00:00:00,2026-08-22,00:00:00,Air,EuroCargo Express
6601035826,54199027,6601035826.01-01,NIBP Cuff Set Adult Long,2,Hamburg,DE,Leipzig DC,DE,2026-08-19,00:00:00,2026-08-18,00:00:00,2026-08-19,00:00:00,2026-08-19,00:00:00,Road,EuroCargo Express
6601035826,54199027,6601035826.01-02,Patient Cable ECG 5-lead 3m,7,Hamburg,DE,Leipzig DC,DE,2026-08-19,00:00:00,2026-08-18,00:00:00,2026-08-19,00:00:00,2026-08-19,00:00:00,Road,EuroCargo Express
6601035826,54199027,6601035826.01-03,Central Station Display 32in Curved,7,Hamburg,DE,Leipzig DC,DE,2026-08-19,00:00:00,2026-08-18,00:00:00,2026-08-19,00:00:00,2026-08-19,00:00:00,Road,EuroCargo Express
"6600975417,6600953423",57344114,6600953423.01-01,Bedside Monitor Mount Rail Mount,1,Chicago,US,Boeblingen DC,DE,2026-08-09,00:00:00,,,,,,,Air,EuroCargo Express
"6600975417,6600953423",57344114,6600975417.01-01,Multi-Param Sensor Module MP-3 Compact,4,Chicago,US,Boeblingen DC,DE,2026-08-09,00:00:00,,,,,,,Air,EuroCargo Express
"6601219135,6600888978",57719003,6600888978.01-01,Central Station Display 27in,12,Miami,US,Hamburg DC,DE,2026-09-12,00:00:00,2026-08-31,00:00:00,2026-09-04,00:00:00,,,Air,SwiftHaul GmbH
"6601219135,6600888978",57719003,6600888978.01-02,Telemetry Transmitter T5 Dual-Channel,8,Miami,US,Hamburg DC,DE,2026-09-12,00:00:00,2026-08-31,00:00:00,2026-09-04,00:00:00,,,Air,SwiftHaul GmbH
"6601219135,6600888978",57719003,6600888978.01-03,Service Cart Mobile Standard,8,Miami,US,Hamburg DC,DE,2026-09-12,00:00:00,2026-08-31,00:00:00,2026-09-04,00:00:00,,,Air,SwiftHaul GmbH
"6601219135,6600888978",57719003,6601219135.01-01,Patient Monitor Gateway X2 Wireless,4,Miami,US,Hamburg DC,DE,2026-09-12,00:00:00,2026-08-31,00:00:00,2026-09-04,00:00:00,,,Air,SwiftHaul GmbH
"6601219135,6600888978",57719003,6601219135.01-02,Service Cart Mobile Locking,9,Miami,US,Hamburg DC,DE,2026-09-12,00:00:00,2026-08-31,00:00:00,2026-09-04,00:00:00,,,Air,SwiftHaul GmbH
"6601219135,6600888978",57719003,6601219135.01-03,Telemetry Transmitter T5 Dual-Channel,4,Miami,US,Hamburg DC,DE,2026-09-12,00:00:00,2026-08-31,00:00:00,2026-09-04,00:00:00,,,Air,SwiftHaul GmbH
6600848977,58889023,6600848977.01-01,Telemetry Transmitter T3 Mini,4,Bratislava,SK,Boeblingen DC,DE,2026-08-14,00:00:00,,,,,,,Road,HubLine Cargo
6600906585,54834991,6600906585.01-01,Multi-Param Sensor Module MP-3 Compact,8,Bratislava,SK,Herrsching DC,DE,2026-10-06,00:00:00,,,,,,,Road,NorthStar Freight
6600906585,54834991,6600906585.01-02,Patient Cable ECG 5-lead 3m,2,Bratislava,SK,Herrsching DC,DE,2026-10-06,00:00:00,,,,,,,Road,NorthStar Freight
6600906585,54834991,6600906585.01-03,Patient Cable SpO2 Extension 2m,9,Bratislava,SK,Herrsching DC,DE,2026-10-06,00:00:00,,,,,,,Road,NorthStar Freight
"6601418622,6601052937",58875362,6601052937.01-01,Battery Pack BP-08 Compact,2,Bratislava,SK,Hamburg DC,DE,2026-08-14,00:00:00,2026-08-14,00:00:00,2026-08-15,00:00:00,2026-08-19,00:00:00,Road,NorthStar Freight
"6601418622,6601052937",58875362,6601052937.01-02,Wall Mount Arm Single Monitor,12,Bratislava,SK,Hamburg DC,DE,2026-08-14,00:00:00,2026-08-14,00:00:00,2026-08-15,00:00:00,2026-08-19,00:00:00,Road,NorthStar Freight
"6601418622,6601052937",58875362,6601052937.01-03,Multi-Param Sensor Module MP-5,11,Bratislava,SK,Hamburg DC,DE,2026-08-14,00:00:00,2026-08-14,00:00:00,2026-08-15,00:00:00,2026-08-19,00:00:00,Road,NorthStar Freight
"6601418622,6601052937",58875362,6601052937.01-04,Vital Signs Monitor V200 Cart Mount,8,Bratislava,SK,Hamburg DC,DE,2026-08-14,00:00:00,2026-08-14,00:00:00,2026-08-15,00:00:00,2026-08-19,00:00:00,Road,NorthStar Freight
"6601418622,6601052937",58875362,6601418622.01-01,Vital Signs Monitor V100 Compact,6,Bratislava,SK,Hamburg DC,DE,2026-08-14,00:00:00,2026-08-14,00:00:00,2026-08-15,00:00:00,2026-08-19,00:00:00,Road,NorthStar Freight
6601165829,50647247,6601165829.01-01,Printer Module PM-3 Thermal,12,Milan,IT,Hamburg DC,DE,2026-09-23,00:00:00,,,,,,,Road,Blue Anchor Shipping
6601018566,55111227,6601018566.01-01,Calibration Kit Standard,8,Singapore,SG,Hamburg DC,DE,2026-08-20,00:00:00,2026-07-30,00:00:00,2026-08-06,00:00:00,2026-08-21,00:00:00,Ocean,NorthStar Freight
6601018566,55111227,6601018566.01-02,Infusion Pump Docking Station Single Bay,6,Singapore,SG,Hamburg DC,DE,2026-08-20,00:00:00,2026-07-30,00:00:00,2026-08-06,00:00:00,2026-08-21,00:00:00,Ocean,NorthStar Freight
6601018566,55111227,6601018566.01-03,Patient Cable SpO2 Extension 2m,1,Singapore,SG,Hamburg DC,DE,2026-08-20,00:00:00,2026-07-30,00:00:00,2026-08-06,00:00:00,2026-08-21,00:00:00,Ocean,NorthStar Freight
6601018566,55111227,6601018566.01-04,Multi-Param Sensor Module MP-8 Plus,9,Singapore,SG,Hamburg DC,DE,2026-08-20,00:00:00,2026-07-30,00:00:00,2026-08-06,00:00:00,2026-08-21,00:00:00,Ocean,NorthStar Freight
6600940559,59705085,6600940559.01-01,ECG Lead Set 3-wire,1,Shenzhen,CN,Leipzig DC,DE,2026-09-05,00:00:00,,,,,,,Ocean,HubLine Cargo
6600940559,59705085,6600940559.01-02,ECG Lead Set 12-wire Diagnostic,10,Shenzhen,CN,Leipzig DC,DE,2026-09-05,00:00:00,,,,,,,Ocean,HubLine Cargo
6600940559,59705085,6600940559.01-03,Printer Module PM-3,8,Shenzhen,CN,Leipzig DC,DE,2026-09-05,00:00:00,,,,,,,Ocean,HubLine Cargo
6601599904,56839768,6601599904.01-01,Bedside Monitor Mount Rail Mount,3,Los Angeles,US,Leipzig DC,DE,2026-07-29,00:00:00,2026-07-29,00:00:00,2026-08-03,00:00:00,2026-08-14,00:00:00,Air,EuroCargo Express
6601599904,56839768,6601599904.01-02,Bedside Monitor Mount Wall Arm,4,Los Angeles,US,Leipzig DC,DE,2026-07-29,00:00:00,2026-07-29,00:00:00,2026-08-03,00:00:00,2026-08-14,00:00:00,Air,EuroCargo Express
6601599904,56839768,6601599904.01-03,Printer Module PM-3,10,Los Angeles,US,Leipzig DC,DE,2026-07-29,00:00:00,2026-07-29,00:00:00,2026-08-03,00:00:00,2026-08-14,00:00:00,Air,EuroCargo Express
6601599904,56839768,6601599904.01-04,Multi-Param Sensor Module MP-5,6,Los Angeles,US,Leipzig DC,DE,2026-07-29,00:00:00,2026-07-29,00:00:00,2026-08-03,00:00:00,2026-08-14,00:00:00,Air,EuroCargo Express
6601038025,57825081,6601038025.01-01,CO2 Sensor Module Sidestream,5,Chicago,US,Boeblingen DC,DE,2026-09-03,00:00:00,2026-08-31,00:00:00,2026-09-04,00:00:00,,,Air,SwiftHaul GmbH
6600841554,58931324,6600841554.01-01,Battery Pack BP-24 Extended,1,Rotterdam,NL,Hamburg DC,DE,2026-08-10,00:00:00,2026-08-10,00:00:00,2026-08-11,00:00:00,2026-08-13,00:00:00,Road,SwiftHaul GmbH
6600841554,58931324,6600841554.01-02,Battery Pack BP-12,8,Rotterdam,NL,Hamburg DC,DE,2026-08-10,00:00:00,2026-08-10,00:00:00,2026-08-11,00:00:00,2026-08-13,00:00:00,Road,SwiftHaul GmbH
6600942298,51872850,6600942298.01-01,Central Monitoring Software License 40-Bed Enterprise,6,Antwerp,BE,Hamburg DC,DE,2026-09-10,00:00:00,2026-08-29,00:00:00,2026-08-30,00:00:00,,,Road,HubLine Cargo
"6601346592,6601026388",53840336,6601026388.01-01,Infusion Pump IP-500,2,Warsaw,PL,Hamburg DC,DE,2026-08-31,00:00:00,2026-08-19,00:00:00,2026-08-20,00:00:00,2026-08-24,00:00:00,Road,NorthStar Freight
"6601346592,6601026388",53840336,6601346592.01-01,Vital Signs Monitor V300 Wall Mount,6,Warsaw,PL,Hamburg DC,DE,2026-08-31,00:00:00,2026-08-19,00:00:00,2026-08-20,00:00:00,2026-08-24,00:00:00,Road,NorthStar Freight
"6601346592,6601026388",53840336,6601346592.01-02,NIBP Cuff Set Neonatal,4,Warsaw,PL,Hamburg DC,DE,2026-08-31,00:00:00,2026-08-19,00:00:00,2026-08-20,00:00:00,2026-08-24,00:00:00,Road,NorthStar Freight
6601232366,56468820,6601232366.01-01,ECG Lead Set 3-wire,8,Rotterdam,NL,Herrsching DC,DE,2026-08-07,00:00:00,2026-08-07,00:00:00,2026-08-08,00:00:00,2026-08-11,00:00:00,Road,NorthStar Freight
6601232366,56468820,6601232366.01-02,Ultrasound Probe Convex C5,1,Rotterdam,NL,Herrsching DC,DE,2026-08-07,00:00:00,2026-08-07,00:00:00,2026-08-08,00:00:00,2026-08-11,00:00:00,Road,NorthStar Freight
6601232366,56468820,6601232366.01-03,Vital Signs Monitor V200,6,Rotterdam,NL,Herrsching DC,DE,2026-08-07,00:00:00,2026-08-07,00:00:00,2026-08-08,00:00:00,2026-08-11,00:00:00,Road,NorthStar Freight
6601565566,59640590,6601565566.01-01,Multi-Param Sensor Module MP-5,9,Shenzhen,CN,Hamburg DC,DE,2026-08-22,00:00:00,2026-07-27,00:00:00,2026-08-04,00:00:00,2026-08-20,00:00:00,Ocean,SwiftHaul GmbH
6601565566,59640590,6601565566.01-02,Ultrasound Probe Linear L12,2,Shenzhen,CN,Hamburg DC,DE,2026-08-22,00:00:00,2026-07-27,00:00:00,2026-08-04,00:00:00,2026-08-20,00:00:00,Ocean,SwiftHaul GmbH
6601565566,59640590,6601565566.01-03,SpO2 Sensor Finger Clip,12,Shenzhen,CN,Hamburg DC,DE,2026-08-22,00:00:00,2026-07-27,00:00:00,2026-08-04,00:00:00,2026-08-20,00:00:00,Ocean,SwiftHaul GmbH
6600874579,51905646,6600874579.01-01,Infusion Pump IP-300 Compact,3,Los Angeles,US,Herrsching DC,DE,2026-08-13,00:00:00,2026-08-11,00:00:00,2026-08-16,00:00:00,2026-08-27,00:00:00,Air,EuroCargo Express
6600982336,53980192,6600982336.01-01,Infusion Pump IP-700 Dual,11,Hamburg,DE,Leipzig DC,DE,2026-10-08,00:00:00,,,,,,,Road,NorthStar Freight
6600819613,50152897,6600819613.01-01,Service Cart Mobile Locking,4,Warsaw,PL,Herrsching DC,DE,2026-09-23,00:00:00,,,,,,,Road,SwiftHaul GmbH
6601321193,58895377,6601321193.01-01,Ultrasound Probe Linear L12,5,Bratislava,SK,Boeblingen DC,DE,2026-09-02,00:00:00,,,,,,,Road,Blue Anchor Shipping
6601321193,58895377,6601321193.01-02,NIBP Cuff Set Thigh,9,Bratislava,SK,Boeblingen DC,DE,2026-09-02,00:00:00,,,,,,,Road,Blue Anchor Shipping
6601321193,58895377,6601321193.01-03,NIBP Cuff Set Adult Long,2,Bratislava,SK,Boeblingen DC,DE,2026-09-02,00:00:00,,,,,,,Road,Blue Anchor Shipping
6600977693,51332654,6600977693.01-01,Central Station Display 24in,2,Shenzhen,CN,Boeblingen DC,DE,2026-08-25,00:00:00,,,,,,,Ocean,Meridian Air Cargo
6601426679,58247107,6601426679.01-01,Central Monitoring Software License 40-Bed Enterprise,5,Antwerp,BE,Hamburg DC,DE,2026-10-07,00:00:00,2026-08-27,00:00:00,2026-08-28,00:00:00,2026-08-30,00:00:00,Road,EuroCargo Express
6601426679,58247107,6601426679.01-02,Patient Monitor Gateway X1,12,Antwerp,BE,Hamburg DC,DE,2026-10-07,00:00:00,2026-08-27,00:00:00,2026-08-28,00:00:00,2026-08-30,00:00:00,Road,EuroCargo Express
6601054702,59791256,6601054702.01-01,Ventilator Circuit Kit Adult,12,Milan,IT,Herrsching DC,DE,2026-09-21,00:00:00,2026-08-24,00:00:00,2026-08-25,00:00:00,2026-08-27,00:00:00,Road,HubLine Cargo
6601054702,59791256,6601054702.01-02,Infusion Pump IP-700 Dual,10,Milan,IT,Herrsching DC,DE,2026-09-21,00:00:00,2026-08-24,00:00:00,2026-08-25,00:00:00,2026-08-27,00:00:00,Road,HubLine Cargo
"6600978672,6601664213",59660212,6600978672.01-01,Central Station Display 27in,1,Los Angeles,US,Leipzig DC,DE,2026-08-31,00:00:00,2026-08-31,00:00:00,2026-09-05,00:00:00,,,Air,SwiftHaul GmbH
"6600978672,6601664213",59660212,6601664213.01-01,Service Cart Mobile Standard,4,Los Angeles,US,Leipzig DC,DE,2026-08-31,00:00:00,2026-08-31,00:00:00,2026-09-05,00:00:00,,,Air,SwiftHaul GmbH
6601007129,57649867,6601007129.01-01,Central Station Display 24in,12,Hamburg,DE,Leipzig DC,DE,2026-09-30,00:00:00,2026-08-29,00:00:00,2026-08-30,00:00:00,,,Road,NorthStar Freight
6601007129,57649867,6601007129.01-02,Vital Signs Monitor V200 Cart Mount,4,Hamburg,DE,Leipzig DC,DE,2026-09-30,00:00:00,2026-08-29,00:00:00,2026-08-30,00:00:00,,,Road,NorthStar Freight
6601007129,57649867,6601007129.01-03,Infusion Pump Docking Station Single Bay,1,Hamburg,DE,Leipzig DC,DE,2026-09-30,00:00:00,2026-08-29,00:00:00,2026-08-30,00:00:00,,,Road,NorthStar Freight
6600750211,57798225,6600750211.01-01,Temperature Probe Esophageal,2,Lyon,FR,Hamburg DC,DE,2026-09-26,00:00:00,2026-08-19,00:00:00,2026-08-20,00:00:00,2026-08-22,00:00:00,Road,EuroCargo Express