active,business_unit,material,item_code,quantity,project_id,k_eur,requested_delivery_date,actual_delivery_date,scm_project_id,shipment_id,pickup_city,pickup_country,delivery_city,delivery_country,pickup_planned_date,pickup_actual_date,hub_arrival_date,scm_actual_delivery_date,transport_mode,carrier_name,pickup_location_id,delivery_location_id
true,Clinical Measurements,Network Interface Card Standard,6601187494.01-01,2.0,6601187494,4077.0,2026-08-14,2026-08-12,6601187494,52205481,los angeles,us,herrsching dc,de,2026-07-28,2026-07-29,2026-08-03,2026-08-15,air,Meridian Air Cargo,5,16
true,EHM Equip,Infusion Pump Docking Station Single Bay,6601520383.01-01,2.0,6601520383,8052.0,2026-09-26,2026-10-02,6601520383,57252897,shenzhen,cn,hamburg dc,de,2026-09-01,2026-07-29,2026-08-06,2026-08-27,ocean,HubLine Cargo,2,14
true,EHM Equip,SpO2 Sensor Finger Clip,6601395260.01-01,6.0,6601395260,6058.0,2026-09-12,2026-09-10,6601395260,58268346,chicago,us,leipzig dc,de,2026-08-30,2026-08-11,2026-08-15,2026-08-25,air,HubLine Cargo,4,17
true,EHM Equip,Battery Pack BP-24 Extended,6601395260.01-02,10.0,6601395260,3998.0,2026-09-12,2026-09-10,6601395260,58268346,chicago,us,leipzig dc,de,2026-08-30,2026-08-11,2026-08-15,2026-08-25,air,HubLine Cargo,4,17
true,EHM Equip,Battery Pack BP-08 Compact,6601395260.01-03,3.0,6601395260,2626.0,2026-09-12,2026-09-10,6601395260,58268346,chicago,us,leipzig dc,de,2026-08-30,2026-08-11,2026-08-15,2026-08-25,air,HubLine Cargo,4,17
true,EHM Equip,NIBP Cuff Set Adult,6601395260.01-04,10.0,6601395260,1941.0,2026-09-12,2026-09-10,6601395260,58268346,chicago,us,leipzig dc,de,2026-08-30,2026-08-11,2026-08-15,2026-08-25,air,HubLine Cargo,4,17
true,ACI Clinical Integ. & Insights,Anesthesia Gas Module Compact 3-Gas,6601230553.01-01,7.0,6601230553,1214.0,2026-10-02,2026-10-01,6601230553,55147794,miami,us,herrsching dc,de,2026-09-16,,,,air,Blue Anchor Shipping,6,16
true,Next-Gen Acute Care Monitoring,Calibration Kit Advanced Diagnostic,6601108154.01-01,12.0,6601108154,1701.0,2026-08-18,2026-08-19,6601108154,51381994,milan,it,hamburg dc,de,2026-08-14,2026-08-15,2026-08-16,2026-08-19,road,HubLine Cargo,9,14
true,ACI Clinical Integ. & Insights,Multi-Param Sensor Module MP-8 Plus,6600817948.01-01,4.0,6600817948,122.0,2026-09-12,2026-09-14,6600817948,56705324,chicago,us,herrsching dc,de,2026-08-29,,,,air,Meridian Air Cargo,4,16
true,EHM Equip,Calibration Kit Advanced Diagnostic,6601443780.01-01,7.0,6601443780,826.0,2026-09-23,2026-09-27,6601443780,50932140,antwerp,be,leipzig dc,de,2026-09-20,2026-08-31,2026-09-01,,road,Blue Anchor Shipping,8,17
true,EHM Equip,ECG Lead Set 5-wire,6601443780.01-02,12.0,6601443780,544.0,2026-09-23,2026-09-27,6601443780,50932140,antwerp,be,leipzig dc,de,2026-09-20,2026-08-31,2026-09-01,,road,Blue Anchor Shipping,8,17
true,EHM Equip,Service Cart Mobile Locking,6601388822.01-01,9.0,6601388822,398.0,2026-09-30,2026-09-28,6601388822,58308697,bratislava,sk,herrsching dc,de,2026-09-28,,,,road,HubLine Cargo,11,16
true,EHM Equip,SpO2 Sensor Reusable Adult,6601388822.01-02,1.0,6601388822,3579.0,2026-09-30,2026-09-28,6601388822,58308697,bratislava,sk,herrsching dc,de,2026-09-28,,,,road,HubLine Cargo,11,16
true,Speciality Monitoring,Service Cart Mobile Locking,6601624077.01-01,12.0,6601624077,2607.0,2026-08-30,2026-09-05,6601624077,52769867,hamburg,de,hamburg dc,de,2026-08-29,2026-08-28,2026-08-29,2026-08-29,road,Meridian Air Cargo,13,14
true,Speciality Monitoring,NIBP Cuff Set Neonatal,6601624077.01-02,1.0,6601624077,566.0,2026-08-30,2026-09-05,6601624077,52769867,hamburg,de,hamburg dc,de,2026-08-29,2026-08-28,2026-08-29,2026-08-29,road,Meridian Air Cargo,13,14
true,Speciality Monitoring,Bedside Monitor Mount Rolling Stand,6601624077.01-03,4.0,6601624077,2223.0,2026-08-30,2026-09-05,6601624077,52769867,hamburg,de,hamburg dc,de,2026-08-29,2026-08-28,2026-08-29,2026-08-29,road,Meridian Air Cargo,13,14
true,Speciality Monitoring,Wall Mount Arm Single Monitor,6600878827.01-01,11.0,6600878827,5733.0,2026-10-05,2026-10-11,6600878827,57905533,los angeles,us,hamburg dc,de,2026-09-20,2026-08-14,2026-08-19,2026-08-29,air,Meridian Air Cargo,5,14
true,Speciality Monitoring,Patient Cable ECG 5-lead 3m,6600878827.01-02,11.0,6600878827,6996.0,2026-10-05,2026-10-11,6600878827,57905533,los angeles,us,hamburg dc,de,2026-09-20,2026-08-14,2026-08-19,2026-08-29,air,Meridian Air Cargo,5,14
true,EHM Equip,Infusion Pump Docking Station Triple Bay,6601476755.01-01,11.0,6601476755,8873.0,2026-09-24,2026-09-28,6601476755,58908211,bratislava,sk,hamburg dc,de,2026-09-21,2026-08-22,2026-08-23,2026-08-25,road,HubLine Cargo,11,14
true,ACI ICCA,Wall Mount Arm Single Monitor,6601172521.01-01,1.0,6601172521,4236.0,2026-09-10,2026-09-14,6601172521,55345358,shanghai,cn,herrsching dc,de,2026-08-14,2026-08-16,2026-08-25,,ocean,HubLine Cargo,1,16
true,ACI ICCA,Infusion Pump IP-300 Compact,6601172521.01-02,10.0,6601172521,1583.0,2026-09-10,2026-09-14,6601172521,55345358,shanghai,cn,herrsching dc,de,2026-08-14,2026-08-16,2026-08-25,,ocean,HubLine Cargo,1,16
true,ACI ICCA,Central Station Display 32in Curved,6601172521.01-03,4.0,6601172521,1206.0,2026-09-10,2026-09-14,6601172521,55345358,shanghai,cn,herrsching dc,de,2026-08-14,2026-08-16,2026-08-25,,ocean,HubLine Cargo,1,16
true,ACI ICCA,Central Station Display 32in Curved,6601416755.01-01,7.0,6601416755,411.0,2026-10-08,2026-10-10,6601416755,55899054,bratislava,sk,leipzig dc,de,2026-10-05,,,,road,Meridian Air Cargo,11,17
true,ACI Clinical Integ. & Insights,Anesthesia Gas Module Compact 3-Gas,6601472113.01-01,5.0,6601472113,2382.0,2026-08-12,2026-08-12,6601472113,55211523,rotterdam,nl,hamburg dc,de,2026-08-10,2026-08-11,2026-08-12,2026-08-15,road,Blue Anchor Shipping,7,14
true,Clinical Measurements,Infusion Pump IP-300 Compact,6601149910.01-01,5.0,6601149910,814.0,2026-09-30,2026-09-29,"66,011,499,106,601,100,000",54244584,antwerp,be,leipzig dc,de,2026-08-23,2026-08-23,2026-08-24,2026-08-26,road,EuroCargo Express,8,17
true,EHM Equip,Patient Monitor Gateway X1 Pro,6601192858.01-01,4.0,6601192858,177.0,2026-08-26,2026-09-01,"6601149910,6601192858",54244584,antwerp,be,leipzig dc,de,2026-08-23,2026-08-23,2026-08-24,2026-08-26,road,EuroCargo Express,8,17
true,EHM Equip,Ultrasound Probe Convex C5,6600956091.01-01,5.0,6600956091,507.0,2026-09-02,2026-08-30,6600956091,57898163,antwerp,be,hamburg dc,de,2026-08-31,,,,road,EuroCargo Express,8,14
true,Speciality Monitoring,Ultrasound Probe Cardiac P4,6600800950.01-01,9.0,6600800950,131.0,2026-09-08,2026-09-05,"6601584010,6600800950",54659998,rotterdam,nl,herrsching dc,de,2026-08-18,2026-08-18,2026-08-19,,road,Meridian Air Cargo,7,16
true,Speciality Monitoring,Temperature Probe Skin,6600800950.01-02,4.0,6600800950,1482.0,2026-09-08,2026-09-05,"6601584010,6600800950",54659998,rotterdam,nl,herrsching dc,de,2026-08-18,2026-08-18,2026-08-19,,road,Meridian Air Cargo,7,16
true,EHM Equip,CO2 Sensor Module Sidestream,6601584010.01-01,11.0,6601584010,4667.0,2026-08-22,2026-08-27,"6601584010,6600800950",54659998,rotterdam,nl,herrsching dc,de,2026-08-18,2026-08-18,2026-08-19,,road,Meridian Air Cargo,7,16
true,EHM Equip,Patient Monitor Gateway X1 Pro,6601584010.01-02,11.0,6601584010,1618.0,2026-08-22,2026-08-27,"6601584010,6600800950",54659998,rotterdam,nl,herrsching dc,de,2026-08-18,2026-08-18,2026-08-19,,road,Meridian Air Cargo,7,16
true,Next-Gen Acute Care Monitoring,Temperature Probe Skin,6601030985.01-01,11.0,6601030985,7188.0,2026-10-02,2026-10-06,6601030985,52236296,rotterdam,nl,boeblingen dc,de,2026-09-28,,,,road,EuroCargo Express,7,15
true,EHM Equip,Bedside Monitor Mount Wall Arm,6601362813.01-01,8.0,6601362813,189.0,2026-09-21,2026-09-28,6601362813,53060519,milan,it,boeblingen dc,de,2026-09-18,2026-08-30,2026-08-31,,road,NorthStar Freight,9,15
true,EHM Equip,NIBP Cuff Set Pediatric,6601362813.01-02,8.0,6601362813,362.0,2026-09-21,2026-09-28,6601362813,53060519,milan,it,boeblingen dc,de,2026-09-18,2026-08-30,2026-08-31,,road,NorthStar Freight,9,15
true,EHM Equip,Central Monitoring Software License 10-Bed,6601400106.01-01,8.0,6601400106,4619.0,2026-09-02,2026-08-31,6601400106,55341322,miami,us,hamburg dc,de,2026-08-19,,,,air,Meridian Air Cargo,6,14
true,Clinical Measurements,Bedside Monitor Mount Wall Arm,6601328164.01-01,10.0,6601328164,5628.0,2026-09-09,2026-09-07,"6601406726,6601328164",59435943,milan,it,hamburg dc,de,2026-08-09,2026-08-09,2026-08-10,2026-08-12,road,HubLine Cargo,9,14
true,Clinical Measurements,Central Station Display 27in,6601406726.01-01,1.0,6601406726,2017.0,2026-08-13,2026-08-15,"6601406726,6601328164",59435943,milan,it,hamburg dc,de,2026-08-09,2026-08-09,2026-08-10,2026-08-12,road,HubLine Cargo,9,14
true,EHM Equip,Battery Pack BP-12,6601102270.01-01,11.0,6601102270,7602.0,2026-09-14,2026-09-17,6601102270,57583543,chicago,us,herrsching dc,de,2026-08-31,2026-08-30,2026-09-03,,air,Blue Anchor Shipping,4,16
true,EHM Equip,Multi-Param Sensor Module MP-5,6601102270.01-02,4.0,6601102270,2971.0,2026-09-14,2026-09-17,6601102270,57583543,chicago,us,herrsching dc,de,2026-08-31,2026-08-30,2026-09-03,,air,Blue Anchor Shipping,4,16
true,Next-Gen Acute Care Monitoring,Multi-Param Sensor Module MP-8 Plus,6601506491.01-01,2.0,6601506491,2018.0,2026-09-10,2026-09-14,6601506491,58835476,singapore,sg,boeblingen dc,de,2026-08-17,2026-08-18,2026-08-26,,ocean,Blue Anchor Shipping,3,15
true,Next-Gen Acute Care Monitoring,Central Monitoring Software License 10-Bed,6601506491.01-02,11.0,6601506491,3737.0,2026-09-10,2026-09-14,6601506491,58835476,singapore,sg,boeblingen dc,de,2026-08-17,2026-08-18,2026-08-26,,ocean,Blue Anchor Shipping,3,15
true,Next-Gen Acute Care Monitoring,Vital Signs Monitor V100 Compact,6601506491.01-03,3.0,6601506491,4206.0,2026-09-10,2026-09-14,6601506491,58835476,singapore,sg,boeblingen dc,de,2026-08-17,2026-08-18,2026-08-26,,ocean,Blue Anchor Shipping,3,15
true,Next-Gen Acute Care Monitoring,Patient Monitor Gateway X2 Wireless,6601506491.01-04,7.0,6601506491,226.0,2026-09-10,2026-09-14,6601506491,58835476,singapore,sg,boeblingen dc,de,2026-08-17,2026-08-18,2026-08-26,,ocean,Blue Anchor Shipping,3,15
true,Speciality Monitoring,Network Interface Card Redundant Dual-Port,6600981712.01-01,1.0,6600981712,8373.0,2026-08-27,2026-08-25,"6600981712,6601135182",51416301,warsaw,pl,herrsching dc,de,2026-08-22,,,,road,Blue Anchor Shipping,10,16
true,EHM Equip,Ultrasound Probe Convex C5,6601135182.01-01,11.0,6601135182,2271.0,2026-08-26,2026-09-02,"6600981712,6601135182",51416301,warsaw,pl,herrsching dc,de,2026-08-22,,,,road,Blue Anchor Shipping,10,16
true,EHM Equip,Ventilator Circuit Kit Adult,6601135182.01-02,3.0,6601135182,6605.0,2026-08-26,2026-09-02,"6600981712,6601135182",51416301,warsaw,pl,herrsching dc,de,2026-08-22,,,,road,Blue Anchor Shipping,10,16
true,Next-Gen Acute Care Monitoring,Network Interface Card Redundant Dual-Port,6601014093.01-01,9.0,6601014093,15.0,2026-09-30,2026-10-05,6601014093,58426331,los angeles,us,boeblingen dc,de,2026-09-13,,,,air,HubLine Cargo,5,15
true,Next-Gen Acute Care Monitoring,Calibration Kit Advanced Diagnostic,6601014093.01-02,5.0,6601014093,5502.0,2026-09-30,2026-10-05,6601014093,58426331,los angeles,us,boeblingen dc,de,2026-09-13,,,,air,HubLine Cargo,5,15
true,EHM Equip,Central Station Display 32in Curved,6600998104.01-01,9.0,6600998104,6492.0,2026-09-21,2026-09-26,6600998104,53011342,warsaw,pl,leipzig dc,de,2026-09-19,,,,road,SwiftHaul GmbH,10,17
true,EHM Equip,SpO2 Sensor Finger Clip,6600998104.01-02,3.0,6600998104,4428.0,2026-09-21,2026-09-26,6600998104,53011342,warsaw,pl,leipzig dc,de,2026-09-19,,,,road,SwiftHaul GmbH,10,17
true,EHM Equip,Vital Signs Monitor V300 Touch,6600998104.01-03,5.0,6600998104,4006.0,2026-09-21,2026-09-26,6600998104,53011342,warsaw,pl,leipzig dc,de,2026-09-19,,,,road,SwiftHaul GmbH,10,17
true,EHM Equip,ECG Lead Set 5-wire Reusable,6600998104.01-04,10.0,6600998104,4989.0,2026-09-21,2026-09-26,6600998104,53011342,warsaw,pl,leipzig dc,de,2026-09-19,,,,road,SwiftHaul GmbH,10,17
true,ACI Clinical Integ. & Insights,NIBP Cuff Set Adult Long,6601299075.01-01,12.0,6601299075,423.0,2026-09-27,2026-09-28,"6601299075,6601530570",57734845,rotterdam,nl,boeblingen dc,de,2026-09-23,,,,road,Meridian Air Cargo,7,15
true,ACI Clinical Integ. & Insights,Ventilator Circuit Kit Reusable Adult,6601299075.01-02,4.0,6601299075,1359.0,2026-09-27,2026-09-28,"6601299075,6601530570",57734845,rotterdam,nl,boeblingen dc,de,2026-09-23,,,,road,Meridian Air Cargo,7,15
true,EHM Equip,ECG Lead Set 12-wire Diagnostic,6601530570.01-01,6.0,6601530570,4848.0,2026-09-30,2026-09-29,"6601299075,6601530570",57734845,rotterdam,nl,boeblingen dc,de,2026-09-23,,,,road,Meridian Air Cargo,7,15
true,ACI Clinical Integ. & Insights,Ventilator Circuit Kit Neonatal,6601056150.01-01,11.0,6601056150,807.0,2026-10-03,2026-10-04,6601056150,56096029,warsaw,pl,herrsching dc,de,2026-09-29,2026-08-17,2026-08-18,2026-08-20,road,Meridian Air Cargo,10,16
true,ACI Clinical Integ. & Insights,Patient Cable NIBP Hose 2.5m,6601056150.01-02,1.0,6601056150,5847.0,2026-10-03,2026-10-04,6601056150,56096029,warsaw,pl,herrsching dc,de,2026-09-29,2026-08-17,2026-08-18,2026-08-20,road,Meridian Air Cargo,10,16
true,ACI Clinical Integ. & Insights,SpO2 Sensor Disposable Adult,6601056150.01-03,3.0,6601056150,41.0,2026-10-03,2026-10-04,6601056150,56096029,warsaw,pl,herrsching dc,de,2026-09-29,2026-08-17,2026-08-18,2026-08-20,road,Meridian Air Cargo,10,16
true,Speciality Monitoring,Telemetry Transmitter T3,6601150574.01-01,12.0,6601150574,3884.0,2026-08-20,2026-08-22,6601150574,59408294,miami,us,herrsching dc,de,2026-08-04,,,,air,Meridian Air Cargo,6,16
true,Speciality Monitoring,Patient Monitor Gateway X1,6601150574.01-02,7.0,6601150574,578.0,2026-08-20,2026-08-22,6601150574,59408294,miami,us,herrsching dc,de,2026-08-04,,,,air,Meridian Air Cargo,6,16
true,EHM Equip,Ultrasound Probe Cardiac P4,6601251278.01-01,9.0,6601251278,2147.0,2026-09-18,2026-09-22,6601251278,57127381,shanghai,cn,herrsching dc,de,2026-08-22,2026-07-26,2026-08-04,2026-08-26,ocean,Meridian Air Cargo,1,16
true,EHM Equip,Anesthesia Gas Module Compact 3-Gas,6601251278.01-02,4.0,6601251278,8432.0,2026-09-18,2026-09-22,6601251278,57127381,shanghai,cn,herrsching dc,de,2026-08-22,2026-07-26,2026-08-04,2026-08-26,ocean,Meridian Air Cargo,1,16
true,EHM Equip,Ultrasound Probe Convex C5,6601251278.01-03,2.0,6601251278,3524.0,2026-09-18,2026-09-22,6601251278,57127381,shanghai,cn,herrsching dc,de,2026-08-22,2026-07-26,2026-08-04,2026-08-26,ocean,Meridian Air Cargo,1,16
true,EHM Equip,Infusion Pump IP-300 Compact,6601021215.01-01,5.0,6601021215,1216.0,2026-08-26,2026-08-28,6601021215,51459250,warsaw,pl,herrsching dc,de,2026-08-22,2026-08-22,2026-08-23,,road,EuroCargo Express,10,16
true,EHM Equip,Bedside Monitor Mount Rail Mount,6601021215.01-02,2.0,6601021215,3617.0,2026-08-26,2026-08-28,6601021215,51459250,warsaw,pl,herrsching dc,de,2026-08-22,2026-08-22,2026-08-23,,road,EuroCargo Express,10,16
true,ACI Clinical Integ. & Insights,Ultrasound Probe Linear L12,6600979887.01-01,6.0,6600979887,1661.0,2026-08-18,2026-08-18,6600979887,59827029,rotterdam,nl,herrsching dc,de,2026-08-14,,,,road,Blue Anchor Shipping,7,16
true,Next-Gen Acute Care Monitoring,Central Station Display 27in,6601306386.01-01,6.0,6601306386,4439.0,2026-09-29,2026-09-26,6601306386,56127449,warsaw,pl,herrsching dc,de,2026-09-25,,,,road,Meridian Air Cargo,10,16
true,Next-Gen Acute Care Monitoring,Telemetry Transmitter T3,6601306386.01-02,12.0,6601306386,835.0,2026-09-29,2026-09-26,6601306386,56127449,warsaw,pl,herrsching dc,de,2026-09-25,,,,road,Meridian Air Cargo,10,16
true,Next-Gen Acute Care Monitoring,Battery Pack BP-12,6601306386.01-03,4.0,6601306386,2917.0,2026-09-29,2026-09-26,6601306386,56127449,warsaw,pl,herrsching dc,de,2026-09-25,,,,road,Meridian Air Cargo,10,16
true,EHM Equip,Service Cart Mobile Standard,6601246341.01-01,1.0,6601246341,1587.0,2026-08-15,2026-08-15,"6601344175,6601246341",54758513,los angeles,us,leipzig dc,de,2026-07-30,2026-07-29,2026-08-03,2026-08-18,air,Meridian Air Cargo,5,17
true,Clinical Measurements,Ventilator Circuit Kit Neonatal,6601344175.01-01,10.0,6601344175,4024.0,2026-09-22,2026-09-23,"6601344175,6601246341",54758513,los angeles,us,leipzig dc,de,2026-07-30,2026-07-29,2026-08-03,2026-08-18,air,Meridian Air Cargo,5,17
true,Clinical Measurements,SpO2 Sensor Reusable Adult,6601344175.01-02,10.0,6601344175,908.0,2026-09-22,2026-09-23,"6601344175,6601246341",54758513,los angeles,us,leipzig dc,de,2026-07-30,2026-07-29,2026-08-03,2026-08-18,air,Meridian Air Cargo,5,17
true,Clinical Measurements,SpO2 Sensor Disposable Adult,6601344175.01-03,5.0,6601344175,2756.0,2026-09-22,2026-09-23,"6601344175,6601246341",54758513,los angeles,us,leipzig dc,de,2026-07-30,2026-07-29,2026-08-03,2026-08-18,air,Meridian Air Cargo,5,17
true,Next-Gen Acute Care Monitoring,NIBP Cuff Set Neonatal,6600854950.01-01,10.0,6600854950,71.0,2026-09-29,2026-09-27,6600854950,55211557,chicago,us,herrsching dc,de,2026-09-15,2026-08-10,2026-08-14,2026-08-24,air,Meridian Air Cargo,4,16
true,Next-Gen Acute Care Monitoring,ECG Lead Set 5-wire,6601580871.01-01,6.0,6601580871,4511.0,2026-09-02,2026-09-03,6601580871,58493971,antwerp,be,boeblingen dc,de,2026-08-29,2026-08-26,2026-08-27,2026-09-01,road,Meridian Air Cargo,8,15
true,ACI Clinical Integ. & Insights,Network Interface Card Redundant Dual-Port,6600890118.01-01,8.0,6600890118,7733.0,2026-10-09,2026-10-12,6600890118,53745922,milan,it,hamburg dc,de,2026-10-05,2026-08-31,2026-09-01,,road,HubLine Cargo,9,14
true,ACI Clinical Integ. & Insights,ECG Lead Set 3-wire,6600890118.01-02,8.0,6600890118,5188.0,2026-10-09,2026-10-12,6600890118,53745922,milan,it,hamburg dc,de,2026-10-05,2026-08-31,2026-09-01,,road,HubLine Cargo,9,14
true,ACI Clinical Integ. & Insights,Patient Cable NIBP Hose 2.5m,6600890118.01-03,6.0,6600890118,123.0,2026-10-09,2026-10-12,6600890118,53745922,milan,it,hamburg dc,de,2026-10-05,2026-08-31,2026-09-01,,road,HubLine Cargo,9,14
true,ACI Clinical Integ. & Insights,Infusion Pump IP-300 Compact,6600977017.01-01,12.0,6600977017,479.0,2026-08-16,2026-08-17,6600977017,57247995,chicago,us,leipzig dc,de,2026-08-03,,,,air,Blue Anchor Shipping,4,17
true,EHM Equip,ECG Lead Set 3-wire,6601676019.01-01,1.0,6601676019,5845.0,2026-09-03,2026-09-02,6601676019,54044679,rotterdam,nl,boeblingen dc,de,2026-08-30,2026-08-20,2026-08-21,2026-08-24,road,HubLine Cargo,7,15
true,EHM Equip,ECG Lead Set 5-wire Reusable,6601676019.01-02,9.0,6601676019,1253.0,2026-09-03,2026-09-02,6601676019,54044679,rotterdam,nl,boeblingen dc,de,2026-08-30,2026-08-20,2026-08-21,2026-08-24,road,HubLine Cargo,7,15
true,ACI ICCA,Printer Module PM-3,6601192859.01-01,5.0,6601192859,349.0,2026-10-08,2026-10-14,6601192859,57957855,rotterdam,nl,leipzig dc,de,2026-10-05,2026-08-31,2026-09-01,,road,Meridian Air Cargo,7,17
true,ACI ICCA,NIBP Cuff Set Adult,6600766268.01-01,3.0,6600766268,2837.0,2026-08-16,2026-08-14,6600766268,56220408,chicago,us,hamburg dc,de,2026-08-04,2026-08-03,2026-08-07,2026-08-16,air,Meridian Air Cargo,4,14
true,ACI ICCA,Temperature Probe Skin,6600766268.01-02,6.0,6600766268,1029.0,2026-08-16,2026-08-14,6600766268,56220408,chicago,us,hamburg dc,de,2026-08-04,2026-08-03,2026-08-07,2026-08-16,air,Meridian Air Cargo,4,14
true,ACI Clinical Integ. & Insights,Patient Monitor Gateway X1 Pro,6601690156.01-01,6.0,6601690156,458.0,2026-09-27,2026-10-03,6601690156,50011395,antwerp,be,leipzig dc,de,2026-09-24,,,,road,EuroCargo Express,8,17
true,Speciality Monitoring,CO2 Sensor Module Sidestream,6600870723.01-01,6.0,6600870723,241.0,2026-08-20,2026-08-18,6600870723,55792737,milan,it,leipzig dc,de,2026-08-16,,,,road,SwiftHaul GmbH,9,17
true,Speciality Monitoring,SpO2 Sensor Disposable Adult,6600870723.01-02,8.0,6600870723,2964.0,2026-08-20,2026-08-18,6600870723,55792737,milan,it,leipzig dc,de,2026-08-16,,,,road,SwiftHaul GmbH,9,17
true,Speciality Monitoring,Infusion Pump Docking Station Single Bay,6600870723.01-03,11.0,6600870723,2109.0,2026-08-20,2026-08-18,6600870723,55792737,milan,it,leipzig dc,de,2026-08-16,,,,road,SwiftHaul GmbH,9,17
true,Speciality Monitoring,Vital Signs Monitor V300 Touch,6600870723.01-04,3.0,6600870723,2925.0,2026-08-20,2026-08-18,6600870723,55792737,milan,it,leipzig dc,de,2026-08-16,,,,road,SwiftHaul GmbH,9,17
true,ACI Clinical Integ. & Insights,Multi-Param Sensor Module MP-5,6601067567.01-01,12.0,6601067567,5269.0,2026-09-09,2026-09-13,6601067567,55264204,rotterdam,nl,hamburg dc,de,2026-09-07,2026-08-24,2026-08-25,2026-08-27,road,HubLine Cargo,7,14
true,Next-Gen Acute Care Monitoring,NIBP Cuff Set Pediatric,6601291390.01-01,2.0,6601291390,2753.0,2026-08-14,2026-08-21,6601291390,53818306,rotterdam,nl,herrsching dc,de,2026-08-10,2026-08-10,2026-08-11,2026-08-16,road,EuroCargo Express,7,16
true,Next-Gen Acute Care Monitoring,SpO2 Sensor Reusable Pediatric,6601291390.01-02,7.0,6601291390,1839.0,2026-08-14,2026-08-21,6601291390,53818306,rotterdam,nl,herrsching dc,de,2026-08-10,2026-08-10,2026-08-11,2026-08-16,road,EuroCargo Express,7,16
true,Next-Gen Acute Care Monitoring,Ultrasound Probe Cardiac P4,6601291390.01-03,10.0,6601291390,151.0,2026-08-14,2026-08-21,6601291390,53818306,rotterdam,nl,herrsching dc,de,2026-08-10,2026-08-10,2026-08-11,2026-08-16,road,EuroCargo Express,7,16
true,Clinical Measurements,Printer Module PM-3 Thermal,6601429726.01-01,11.0,6601429726,985.0,2026-08-24,2026-08-22,6601429726,55403390,singapore,sg,leipzig dc,de,2026-08-01,,,,ocean,HubLine Cargo,3,17
true,EHM Equip,NIBP Cuff Set Adult Long,6601465736.01-01,5.0,6601465736,86.0,2026-10-01,2026-10-06,6601465736,51813972,hamburg,de,hamburg dc,de,2026-09-30,,,,road,EuroCargo Express,13,14
true,EHM Equip,Ultrasound Probe Cardiac P4,6601465736.01-02,8.0,6601465736,155.0,2026-10-01,2026-10-06,6601465736,51813972,hamburg,de,hamburg dc,de,2026-09-30,,,,road,EuroCargo Express,13,14
true,ACI ICCA,Calibration Kit Advanced Diagnostic,6601181009.01-01,2.0,6601181009,5304.0,2026-08-19,2026-08-20,6601181009,51019129,los angeles,us,boeblingen dc,de,2026-08-02,2026-07-31,2026-08-05,,air,Blue Anchor Shipping,5,15
true,ACI ICCA,NIBP Cuff Set Adult,6601181009.01-02,3.0,6601181009,5173.0,2026-08-19,2026-08-20,6601181009,51019129,los angeles,us,boeblingen dc,de,2026-08-02,2026-07-31,2026-08-05,,air,Blue Anchor Shipping,5,15
true,Clinical Measurements,Defibrillator Pad Set Training,6601139707.01-01,6.0,6601139707,3394.0,2026-10-04,2026-10-04,6601139707,51465755,warsaw,pl,hamburg dc,de,2026-10-01,2026-08-24,2026-08-25,2026-08-26,road,SwiftHaul GmbH,10,14
true,Clinical Measurements,Infusion Pump IP-700 Dual,6601139707.01-02,9.0,6601139707,16.0,2026-10-04,2026-10-04,6601139707,51465755,warsaw,pl,hamburg dc,de,2026-10-01,2026-08-24,2026-08-25,2026-08-26,road,SwiftHaul GmbH,10,14
true,ACI ICCA,Calibration Kit Standard,6601566668.01-01,9.0,6601566668,2435.0,2026-08-30,2026-09-03,6601566668,54589697,lyon,fr,herrsching dc,de,2026-08-27,2026-08-27,2026-08-28,,road,Meridian Air Cargo,12,16
true,ACI ICCA,SpO2 Sensor Reusable Adult,6601490052.01-01,7.0,6601490052,4433.0,2026-10-07,2026-10-08,6601490052,55434460,chicago,us,hamburg dc,de,2026-09-25,2026-08-14,2026-08-18,2026-08-25,air,Blue Anchor Shipping,4,14
true,ACI ICCA,Network Interface Card Standard,6601490052.01-02,5.0,6601490052,1477.0,2026-10-07,2026-10-08,6601490052,55434460,chicago,us,hamburg dc,de,2026-09-25,2026-08-14,2026-08-18,2026-08-25,air,Blue Anchor Shipping,4,14
true,ACI ICCA,ECG Lead Set 5-wire Reusable,6601474227.01-01,9.0,6601474227,9388.0,2026-09-18,2026-09-18,"6601474227,6601675690",59474563,chicago,us,leipzig dc,de,2026-08-22,,,,air,Meridian Air Cargo,4,17
true,Clinical Measurements,ECG Lead Set 3-wire,6601675690.01-01,1.0,6601675690,2675.0,2026-09-04,2026-09-11,"6601474227,6601675690",59474563,chicago,us,leipzig dc,de,2026-08-22,,,,air,Meridian Air Cargo,4,17
true,EHM Equip,Calibration Kit Advanced Diagnostic,6601441896.01-01,5.0,6601441896,4497.0,2026-09-16,2026-09-22,6601441896,51048175,singapore,sg,herrsching dc,de,2026-08-22,2026-07-27,2026-08-04,2026-08-21,ocean,Meridian Air Cargo,3,16
true,EHM Equip,Bedside Monitor Mount Rolling Stand,6601441896.01-02,8.0,6601441896,5478.0,2026-09-16,2026-09-22,6601441896,51048175,singapore,sg,herrsching dc,de,2026-08-22,2026-07-27,2026-08-04,2026-08-21,ocean,Meridian Air Cargo,3,16
true,EHM Equip,Multi-Param Sensor Module MP-3 Compact,6601246153.01-01,8.0,6601246153,1395.0,2026-09-16,2026-09-22,6601246153,53666279,milan,it,boeblingen dc,de,2026-09-13,,,,road,SwiftHaul GmbH,9,15
true,EHM Equip,Vital Signs Monitor V200,6601246153.01-02,12.0,6601246153,8517.0,2026-09-16,2026-09-22,6601246153,53666279,milan,it,boeblingen dc,de,2026-09-13,,,,road,SwiftHaul GmbH,9,15
true,Clinical Measurements,Vital Signs Monitor V300 Touch,6601148126.01-01,12.0,6601148126,3761.0,2026-08-19,2026-08-19,"6601646640,6601148126",53220454,warsaw,pl,leipzig dc,de,2026-08-17,2026-08-17,2026-08-18,,road,SwiftHaul GmbH,10,17
true,Clinical Measurements,Infusion Pump Docking Station Single Bay,6601148126.01-02,8.0,6601148126,8472.0,2026-08-19,2026-08-19,"6601646640,6601148126",53220454,warsaw,pl,leipzig dc,de,2026-08-17,2026-08-17,2026-08-18,,road,SwiftHaul GmbH,10,17
true,EHM Equip,Infusion Pump Docking Station Single Bay,6601646640.01-01,5.0,6601646640,7722.0,2026-08-30,2026-09-06,"6601646640,6601148126",53220454,warsaw,pl,leipzig dc,de,2026-08-17,2026-08-17,2026-08-18,,road,SwiftHaul GmbH,10,17
true,EHM Equip,Ultrasound Probe Cardiac P4,6601646640.01-02,4.0,6601646640,5371.0,2026-08-30,2026-09-06,"6601646640,6601148126",53220454,warsaw,pl,leipzig dc,de,2026-08-17,2026-08-17,2026-08-18,,road,SwiftHaul GmbH,10,17
true,Clinical Measurements,Central Monitoring Software License 10-Bed,6600846126.01-01,3.0,6600846126,783.0,2026-08-24,2026-08-29,6600846126,59975325,shenzhen,cn,herrsching dc,de,2026-07-27,2026-07-27,2026-08-05,,ocean,Blue Anchor Shipping,2,16
true,Clinical Measurements,Battery Pack BP-12,6600846126.01-02,1.0,6600846126,191.0,2026-08-24,2026-08-29,6600846126,59975325,shenzhen,cn,herrsching dc,de,2026-07-27,2026-07-27,2026-08-05,,ocean,Blue Anchor Shipping,2,16
true,Clinical Measurements,Vital Signs Monitor V100 Compact,6600846126.01-03,9.0,6600846126,1456.0,2026-08-24,2026-08-29,6600846126,59975325,shenzhen,cn,herrsching dc,de,2026-07-27,2026-07-27,2026-08-05,,ocean,Blue Anchor Shipping,2,16
true,EHM Equip,Printer Module PM-3,6600805669.01-01,1.0,6600805669,1507.0,2026-08-30,2026-08-28,6600805669,50278627,shanghai,cn,leipzig dc,de,2026-08-05,2026-08-03,2026-08-11,2026-08-28,ocean,HubLine Cargo,1,17
true,EHM Equip,Vital Signs Monitor V300 Touch,6600805669.01-02,9.0,6600805669,1526.0,2026-08-30,2026-08-28,6600805669,50278627,shanghai,cn,leipzig dc,de,2026-08-05,2026-08-03,2026-08-11,2026-08-28,ocean,HubLine Cargo,1,17
true,EHM Equip,Temperature Probe Esophageal,6600805669.01-03,2.0,6600805669,1358.0,2026-08-30,2026-08-28,6600805669,50278627,shanghai,cn,leipzig dc,de,2026-08-05,2026-08-03,2026-08-11,2026-08-28,ocean,HubLine Cargo,1,17
true,Clinical Measurements,SpO2 Sensor Reusable Pediatric,6601166990.01-01,2.0,6601166990,7455.0,2026-09-29,2026-10-04,6601166990,56590866,rotterdam,nl,hamburg dc,de,2026-09-27,,,,road,Blue Anchor Shipping,7,14
true,Clinical Measurements,Bedside Monitor Mount Wall Arm,6600793401.01-01,6.0,6600793401,3872.0,2026-09-02,2026-09-02,6600793401,58844540,hamburg,de,leipzig dc,de,2026-09-01,,,,road,SwiftHaul GmbH,13,17
true,Clinical Measurements,Multi-Param Sensor Module MP-3 Compact,6600793401.01-02,5.0,6600793401,3859.0,2026-09-02,2026-09-02,6600793401,58844540,hamburg,de,leipzig dc,de,2026-09-01,,,,road,SwiftHaul GmbH,13,17
true,Clinical Measurements,Anesthesia Gas Module Standard 5-Gas,6600793401.01-03,6.0,6600793401,3143.0,2026-09-02,2026-09-02,6600793401,58844540,hamburg,de,leipzig dc,de,2026-09-01,,,,road,SwiftHaul GmbH,13,17
true,ACI Clinical Integ. & Insights,Telemetry Transmitter T5 Dual-Channel,6601371532.01-01,6.0,6601371532,1079.0,2026-09-18,2026-09-20,6601371532,51080873,shanghai,cn,leipzig dc,de,2026-08-24,,,,ocean,Blue Anchor Shipping,1,17
true,ACI Clinical Integ. & Insights,Central Monitoring Software License 20-Bed,6601371532.01-02,4.0,6601371532,4542.0,2026-09-18,2026-09-20,6601371532,51080873,shanghai,cn,leipzig dc,de,2026-08-24,,,,ocean,Blue Anchor Shipping,1,17
true,EHM Equip,Central Monitoring Software License 20-Bed,6600757754.01-01,9.0,6600757754,6497.0,2026-08-21,2026-08-20,"6601239784,6600757754",50911318,los angeles,us,herrsching dc,de,2026-08-04,2026-08-04,2026-08-09,2026-08-23,air,HubLine Cargo,5,16
true,EHM Equip,Vital Signs Monitor V200 Cart Mount,6600757754.01-02,6.0,6600757754,2249.0,2026-08-21,2026-08-20,"6601239784,6600757754",50911318,los angeles,us,herrsching dc,de,2026-08-04,2026-08-04,2026-08-09,2026-08-23,air,HubLine Cargo,5,16
true,ACI Clinical Integ. & Insights,Patient Cable SpO2 Extension 2m,6601239784.01-01,7.0,6601239784,2682.0,2026-09-14,2026-09-20,"6601239784,6600757754",50911318,los angeles,us,herrsching dc,de,2026-08-04,2026-08-04,2026-08-09,2026-08-23,air,HubLine Cargo,5,16
true,ACI Clinical Integ. & Insights,Anesthesia Gas Module Compact 3-Gas,6601239784.01-02,8.0,6601239784,3678.0,2026-09-14,2026-09-20,"6601239784,6600757754",50911318,los angeles,us,herrsching dc,de,2026-08-04,2026-08-04,2026-08-09,2026-08-23,air,HubLine Cargo,5,16
true,EHM Equip,Central Station Display 27in,6601054934.01-01,11.0,6601054934,4848.0,2026-08-11,2026-08-14,6601054934,59479013,bratislava,sk,leipzig dc,de,2026-08-08,,,,road,SwiftHaul GmbH,11,17
true,EHM Equip,NIBP Cuff Set Pediatric,6601054934.01-02,5.0,6601054934,625.0,2026-08-11,2026-08-14,6601054934,59479013,bratislava,sk,leipzig dc,de,2026-08-08,,,,road,SwiftHaul GmbH,11,17
true,Next-Gen Acute Care Monitoring,Infusion Pump IP-300 Compact,6601116380.01-01,4.0,6601116380,9.0,2026-08-26,2026-08-30,6601116380,55013537,miami,us,leipzig dc,de,2026-08-11,2026-08-11,2026-08-16,,air,HubLine Cargo,6,17
true,Speciality Monitoring,Patient Cable ECG 5-lead 3m,6600828296.01-01,4.0,6600828296,1734.0,2026-09-02,2026-09-02,6600828296,55437345,antwerp,be,boeblingen dc,de,2026-08-29,2026-08-21,2026-08-22,2026-08-25,road,HubLine Cargo,8,15
true,Speciality Monitoring,Vital Signs Monitor V200 Cart Mount,6600828296.01-02,6.0,6600828296,1882.0,2026-09-02,2026-09-02,6600828296,55437345,antwerp,be,boeblingen dc,de,2026-08-29,2026-08-21,2026-08-22,2026-08-25,road,HubLine Cargo,8,15
true,Clinical Measurements,Multi-Param Sensor Module MP-3 Compact,6600761956.01-01,5.0,6600761956,2765.0,2026-09-18,2026-09-19,6600761956,52758478,bratislava,sk,boeblingen dc,de,2026-09-16,,,,road,Blue Anchor Shipping,11,15
true,ACI ICCA,Infusion Pump IP-700 Dual,6601604963.01-01,11.0,6601604963,456.0,2026-09-17,2026-09-19,6601604963,58606302,warsaw,pl,leipzig dc,de,2026-09-15,,,,road,HubLine Cargo,10,17
true,ACI ICCA,SpO2 Sensor Disposable Adult,6601604963.01-02,3.0,6601604963,1315.0,2026-09-17,2026-09-19,6601604963,58606302,warsaw,pl,leipzig dc,de,2026-09-15,,,,road,HubLine Cargo,10,17
true,Next-Gen Acute Care Monitoring,Calibration Kit Standard,6601228436.01-01,11.0,6601228436,4377.0,2026-09-24,2026-10-01,6601228436,54102430,rotterdam,nl,herrsching dc,de,2026-09-20,,,,road,HubLine Cargo,7,16
true,Next-Gen Acute Care Monitoring,NIBP Cuff Set Adult Long,6601228436.01-02,6.0,6601228436,1078.0,2026-09-24,2026-10-01,6601228436,54102430,rotterdam,nl,herrsching dc,de,2026-09-20,,,,road,HubLine Cargo,7,16
true,Next-Gen Acute Care Monitoring,Patient Monitor Gateway X1 Pro,6601228436.01-03,1.0,6601228436,2945.0,2026-09-24,2026-10-01,6601228436,54102430,rotterdam,nl,herrsching dc,de,2026-09-20,,,,road,HubLine Cargo,7,16
true,Speciality Monitoring,Patient Monitor Gateway X1 Pro,6601351969.01-01,9.0,6601351969,564.0,2026-08-12,2026-08-19,6601351969,57496418,lyon,fr,hamburg dc,de,2026-08-09,,,,road,SwiftHaul GmbH,12,14
true,ACI Clinical Integ. & Insights,Patient Monitor Gateway X1 Pro,6601535515.01-01,9.0,6601535515,1513.0,2026-09-24,2026-09-27,6601535515,59228298,hamburg,de,leipzig dc,de,2026-09-23,2026-08-24,2026-08-25,2026-08-26,road,SwiftHaul GmbH,13,17
true,ACI Clinical Integ. & Insights,Infusion Pump IP-500,6601535515.01-02,2.0,6601535515,608.0,2026-09-24,2026-09-27,6601535515,59228298,hamburg,de,leipzig dc,de,2026-09-23,2026-08-24,2026-08-25,2026-08-26,road,SwiftHaul GmbH,13,17
true,ACI Clinical Integ. & Insights,NIBP Cuff Set Neonatal,6601535515.01-03,3.0,6601535515,3752.0,2026-09-24,2026-09-27,6601535515,59228298,hamburg,de,leipzig dc,de,2026-09-23,2026-08-24,2026-08-25,2026-08-26,road,SwiftHaul GmbH,13,17
true,Next-Gen Acute Care Monitoring,CO2 Sensor Module Sidestream,6601312919.01-01,6.0,6601312919,1732.0,2026-10-11,2026-10-15,6601312919,53226066,singapore,sg,hamburg dc,de,2026-09-19,2026-08-07,2026-08-14,2026-08-31,ocean,SwiftHaul GmbH,3,14
true,ACI ICCA,Temperature Probe Skin,6601615343.01-01,11.0,6601615343,1249.0,2026-10-05,2026-10-02,6601615343,54832015,bratislava,sk,herrsching dc,de,2026-10-03,,,,road,HubLine Cargo,11,16
true,EHM Equip,CO2 Sensor Module Mainstream,6601263080.01-01,6.0,6601263080,3069.0,2026-10-03,2026-10-01,6601263080,52508532,rotterdam,nl,hamburg dc,de,2026-10-01,2026-08-21,2026-08-22,2026-08-22,road,HubLine Cargo,7,14
true,EHM Equip,Defibrillator Pad Set Training,6601263080.01-02,8.0,6601263080,18.0,2026-10-03,2026-10-01,6601263080,52508532,rotterdam,nl,hamburg dc,de,2026-10-01,2026-08-21,2026-08-22,2026-08-22,road,HubLine Cargo,7,14
true,ACI ICCA,Vital Signs Monitor V300 Wall Mount,6601222080.01-01,8.0,6601222080,1347.0,2026-10-04,2026-10-09,6601222080,52189068,rotterdam,nl,leipzig dc,de,2026-10-01,2026-08-22,2026-08-23,2026-08-25,road,Meridian Air Cargo,7,17
true,ACI ICCA,Defibrillator Pad Set Adult,6601222080.01-02,12.0,6601222080,135.0,2026-10-04,2026-10-09,6601222080,52189068,rotterdam,nl,leipzig dc,de,2026-10-01,2026-08-22,2026-08-23,2026-08-25,road,Meridian Air Cargo,7,17
true,ACI ICCA,Patient Cable NIBP Hose 2.5m,6601222080.01-03,1.0,6601222080,5282.0,2026-10-04,2026-10-09,6601222080,52189068,rotterdam,nl,leipzig dc,de,2026-10-01,2026-08-22,2026-08-23,2026-08-25,road,Meridian Air Cargo,7,17
true,ACI ICCA,Infusion Pump IP-500,6601222080.01-04,4.0,6601222080,2354.0,2026-10-04,2026-10-09,6601222080,52189068,rotterdam,nl,leipzig dc,de,2026-10-01,2026-08-22,2026-08-23,2026-08-25,road,Meridian Air Cargo,7,17
true,EHM Equip,CO2 Sensor Module Mainstream,6600979164.01-01,5.0,6600979164,42.0,2026-10-06,2026-10-04,6600979164,51222541,los angeles,us,herrsching dc,de,2026-09-19,2026-08-04,2026-08-09,2026-08-21,air,EuroCargo Express,5,16
true,Clinical Measurements,Defibrillator Pad Set Training,6600853093.01-01,8.0,6600853093,1717.0,2026-09-02,2026-09-03,"6600853093,6601245093",54462388,rotterdam,nl,leipzig dc,de,2026-08-30,,,,road,Meridian Air Cargo,7,17
true,Clinical Measurements,NIBP Cuff Set Pediatric,6600853093.01-02,9.0,6600853093,163.0,2026-09-02,2026-09-03,"6600853093,6601245093",54462388,rotterdam,nl,leipzig dc,de,2026-08-30,,,,road,Meridian Air Cargo,7,17
true,EHM Equip,Infusion Pump IP-500,6601245093.01-01,1.0,6601245093,4852.0,2026-10-04,2026-10-07,"6600853093,6601245093",54462388,rotterdam,nl,leipzig dc,de,2026-08-30,,,,road,Meridian Air Cargo,7,17
true,EHM Equip,Battery Pack BP-24 Extended,6601245093.01-02,10.0,6601245093,56.0,2026-10-04,2026-10-07,"6600853093,6601245093",54462388,rotterdam,nl,leipzig dc,de,2026-08-30,,,,road,Meridian Air Cargo,7,17
true,EHM Equip,Patient Cable NIBP Hose 2.5m,6601095492.01-01,9.0,6601095492,3264.0,2026-08-11,2026-08-17,"6601095492,6601119228",53122335,shanghai,cn,leipzig dc,de,2026-07-17,,,,ocean,Meridian Air Cargo,1,17
true,EHM Equip,Patient Monitor Gateway X1,6601095492.01-02,5.0,6601095492,1625.0,2026-08-11,2026-08-17,"6601095492,6601119228",53122335,shanghai,cn,leipzig dc,de,2026-07-17,,,,ocean,Meridian Air Cargo,1,17
true,EHM Equip,Battery Pack BP-12,6601119228.01-01,3.0,6601119228,12.0,2026-08-31,2026-09-03,"6601095492,6601119228",53122335,shanghai,cn,leipzig dc,de,2026-07-17,,,,ocean,Meridian Air Cargo,1,17
true,EHM Equip,Infusion Pump IP-700 Dual,6601119228.01-02,3.0,6601119228,7358.0,2026-08-31,2026-09-03,"6601095492,6601119228",53122335,shanghai,cn,leipzig dc,de,2026-07-17,,,,ocean,Meridian Air Cargo,1,17
true,Next-Gen Acute Care Monitoring,Infusion Pump IP-700 Dual,6601013556.01-01,4.0,6601013556,364.0,2026-10-11,2026-10-12,6601013556,52018587,rotterdam,nl,boeblingen dc,de,2026-10-07,,,,road,EuroCargo Express,7,15
true,Next-Gen Acute Care Monitoring,Bedside Monitor Mount Rolling Stand,6601013556.01-02,8.0,6601013556,4578.0,2026-10-11,2026-10-12,6601013556,52018587,rotterdam,nl,boeblingen dc,de,2026-10-07,,,,road,EuroCargo Express,7,15
true,Next-Gen Acute Care Monitoring,Bedside Monitor Mount Wall Arm,6600712833.01-01,2.0,6600712833,5372.0,2026-09-14,2026-09-16,6600712833,57822200,los angeles,us,leipzig dc,de,2026-08-29,,,,air,Meridian Air Cargo,5,17
true,Speciality Monitoring,NIBP Cuff Set Adult Long,6601378744.01-01,1.0,6601378744,7067.0,2026-09-21,2026-09-21,6601378744,57394574,antwerp,be,boeblingen dc,de,2026-09-17,,,,road,Meridian Air Cargo,8,15
true,Speciality Monitoring,Vital Signs Monitor V300 Touch,6601378744.01-02,4.0,6601378744,3364.0,2026-09-21,2026-09-21,6601378744,57394574,antwerp,be,boeblingen dc,de,2026-09-17,,,,road,Meridian Air Cargo,8,15
true,Speciality Monitoring,SpO2 Sensor Reusable Pediatric,6601378744.01-03,12.0,6601378744,2894.0,2026-09-21,2026-09-21,6601378744,57394574,antwerp,be,boeblingen dc,de,2026-09-17,,,,road,Meridian Air Cargo,8,15
true,EHM Equip,Multi-Param Sensor Module MP-8 Plus,6601225522.01-01,2.0,6601225522,1124.0,2026-09-25,2026-09-22,6601225522,59452860,lyon,fr,herrsching dc,de,2026-09-22,,,,road,EuroCargo Express,12,16
true,EHM Equip,Central Monitoring Software License 40-Bed Enterprise,6601225522.01-02,2.0,6601225522,2148.0,2026-09-25,2026-09-22,6601225522,59452860,lyon,fr,herrsching dc,de,2026-09-22,,,,road,EuroCargo Express,12,16
true,Next-Gen Acute Care Monitoring,Anesthesia Gas Module Compact 3-Gas,6601589202.01-01,1.0,6601589202,5157.0,2026-10-07,2026-10-11,6601589202,52899074,rotterdam,nl,leipzig dc,de,2026-10-04,2026-08-26,2026-08-27,2026-08-29,road,SwiftHaul GmbH,7,17
true,Next-Gen Acute Care Monitoring,Calibration Kit Standard,6601589202.01-02,1.0,6601589202,825.0,2026-10-07,2026-10-11,6601589202,52899074,rotterdam,nl,leipzig dc,de,2026-10-04,2026-08-26,2026-08-27,2026-08-29,road,SwiftHaul GmbH,7,17
true,Next-Gen Acute Care Monitoring,Anesthesia Gas Module Standard 5-Gas,6601589202.01-03,5.0,6601589202,601.0,2026-10-07,2026-10-11,6601589202,52899074,rotterdam,nl,leipzig dc,de,2026-10-04,2026-08-26,2026-08-27,2026-08-29,road,SwiftHaul GmbH,7,17
true,EHM Equip,Patient Cable NIBP Hose 2.5m,6601502439.01-01,6.0,6601502439,3341.0,2026-09-25,2026-09-27,"6601625910,6601502439",52840335,warsaw,pl,herrsching dc,de,2026-08-16,,,,road,Meridian Air Cargo,10,16
true,EHM Equip,Ultrasound Probe Convex C5,6601502439.01-02,1.0,6601502439,8057.0,2026-09-25,2026-09-27,"6601625910,6601502439",52840335,warsaw,pl,herrsching dc,de,2026-08-16,,,,road,Meridian Air Cargo,10,16
true,Clinical Measurements,Vital Signs Monitor V100 Compact,6601625910.01-01,9.0,6601625910,3356.0,2026-08-20,2026-08-23,"6601625910,6601502439",52840335,warsaw,pl,herrsching dc,de,2026-08-16,,,,road,Meridian Air Cargo,10,16
true,Clinical Measurements,Anesthesia Gas Module Compact 3-Gas,6601625910.01-02,5.0,6601625910,6312.0,2026-08-20,2026-08-23,"6601625910,6601502439",52840335,warsaw,pl,herrsching dc,de,2026-08-16,,,,road,Meridian Air Cargo,10,16
true,EHM Equip,Temperature Probe Esophageal,6600730290.01-01,6.0,6600730290,1009.0,2026-09-02,2026-09-07,6600730290,57725283,milan,it,hamburg dc,de,2026-08-29,2026-08-31,2026-09-01,,road,SwiftHaul GmbH,9,14
true,EHM Equip,Ventilator Circuit Kit Neonatal,6601255889.01-01,10.0,6601255889,2954.0,2026-10-04,2026-10-07,6601255889,58769921,singapore,sg,herrsching dc,de,2026-09-09,2026-07-28,2026-08-05,2026-08-24,ocean,NorthStar Freight,3,16
true,Clinical Measurements,ECG Lead Set 5-wire,6601258107.01-01,4.0,6601258107,4669.0,2026-08-21,2026-08-24,6601258107,57762183,los angeles,us,leipzig dc,de,2026-08-05,2026-08-11,2026-08-16,,air,HubLine Cargo,5,17
true,EHM Equip,NIBP Cuff Set Thigh,6601273673.01-01,3.0,6601273673,431.0,2026-08-11,2026-08-17,6601273673,54083779,bratislava,sk,herrsching dc,de,2026-08-09,2026-08-10,2026-08-11,2026-08-12,road,Meridian Air Cargo,11,16
true,EHM Equip,Battery Pack BP-12,6601273673.01-02,9.0,6601273673,49.0,2026-08-11,2026-08-17,6601273673,54083779,bratislava,sk,herrsching dc,de,2026-08-09,2026-08-10,2026-08-11,2026-08-12,road,Meridian Air Cargo,11,16
true,EHM Equip,Patient Monitor Gateway X1,6601273673.01-03,10.0,6601273673,3085.0,2026-08-11,2026-08-17,6601273673,54083779,bratislava,sk,herrsching dc,de,2026-08-09,2026-08-10,2026-08-11,2026-08-12,road,Meridian Air Cargo,11,16
true,EHM Equip,NIBP Cuff Set Adult Long,6601276956.01-01,3.0,6601276956,4367.0,2026-08-20,2026-08-18,6601276956,55255273,bratislava,sk,leipzig dc,de,2026-08-17,2026-08-17,2026-08-18,,road,EuroCargo Express,11,17
true,EHM Equip,Ultrasound Probe Convex C5,6601276956.01-02,12.0,6601276956,4313.0,2026-08-20,2026-08-18,6601276956,55255273,bratislava,sk,leipzig dc,de,2026-08-17,2026-08-17,2026-08-18,,road,EuroCargo Express,11,17
true,EHM Equip,Temperature Probe Esophageal,6601276956.01-03,7.0,6601276956,2085.0,2026-08-20,2026-08-18,6601276956,55255273,bratislava,sk,leipzig dc,de,2026-08-17,2026-08-17,2026-08-18,,road,EuroCargo Express,11,17
true,ACI ICCA,Multi-Param Sensor Module MP-8 Plus,6601693038.01-01,4.0,6601693038,4249.0,2026-09-27,2026-09-30,6601693038,53009602,milan,it,herrsching dc,de,2026-09-24,2026-08-18,2026-08-19,2026-08-21,road,Blue Anchor Shipping,9,16
true,Next-Gen Acute Care Monitoring,NIBP Cuff Set Adult Long,6601437266.01-01,4.0,6601437266,12554.0,2026-08-16,2026-08-13,6601437266,56666887,bratislava,sk,herrsching dc,de,2026-08-14,,,,road,SwiftHaul GmbH,11,16
true,Next-Gen Acute Care Monitoring,Printer Module PM-3,6601437266.01-02,9.0,6601437266,2208.0,2026-08-16,2026-08-13,6601437266,56666887,bratislava,sk,herrsching dc,de,2026-08-14,,,,road,SwiftHaul GmbH,11,16
true,Next-Gen Acute Care Monitoring,CO2 Sensor Module Mainstream,6601437266.01-03,4.0,6601437266,4036.0,2026-08-16,2026-08-13,6601437266,56666887,bratislava,sk,herrsching dc,de,2026-08-14,,,,road,SwiftHaul GmbH,11,16
true,Next-Gen Acute Care Monitoring,Vital Signs Monitor V200,6601359332.01-01,1.0,6601359332,1684.0,2026-10-11,2026-10-18,6601359332,53042538,antwerp,be,hamburg dc,de,2026-10-09,2026-08-20,2026-08-21,2026-08-22,road,SwiftHaul GmbH,8,14
true,Next-Gen Acute Care Monitoring,Defibrillator Pad Set Training,6601359332.01-02,12.0,6601359332,804.0,2026-10-11,2026-10-18,6601359332,53042538,antwerp,be,hamburg dc,de,2026-10-09,2026-08-20,2026-08-21,2026-08-22,road,SwiftHaul GmbH,8,14
true,Next-Gen Acute Care Monitoring,Vital Signs Monitor V100 Compact,6601359332.01-03,7.0,6601359332,5171.0,2026-10-11,2026-10-18,6601359332,53042538,antwerp,be,hamburg dc,de,2026-10-09,2026-08-20,2026-08-21,2026-08-22,road,SwiftHaul GmbH,8,14
true,Next-Gen Acute Care Monitoring,Temperature Probe Esophageal,6601359332.01-04,1.0,6601359332,3151.0,2026-10-11,2026-10-18,6601359332,53042538,antwerp,be,hamburg dc,de,2026-10-09,2026-08-20,2026-08-21,2026-08-22,road,SwiftHaul GmbH,8,14
true,EHM Equip,CO2 Sensor Module Sidestream,6601100215.01-01,11.0,6601100215,6263.0,2026-10-02,2026-09-29,6601100215,54844905,warsaw,pl,boeblingen dc,de,2026-09-28,,,,road,NorthStar Freight,10,15
true,EHM Equip,Vital Signs Monitor V100 Compact,6601100215.01-02,4.0,6601100215,1415.0,2026-10-02,2026-09-29,6601100215,54844905,warsaw,pl,boeblingen dc,de,2026-09-28,,,,road,NorthStar Freight,10,15
true,ACI Clinical Integ. & Insights,Infusion Pump IP-300 Compact,6601315265.01-01,4.0,6601315265,33.0,2026-08-29,2026-09-03,6601315265,54453233,shanghai,cn,herrsching dc,de,2026-08-02,2026-08-01,2026-08-10,2026-09-01,ocean,Meridian Air Cargo,1,16
true,ACI Clinical Integ. & Insights,Vital Signs Monitor V300 Touch,6601315265.01-02,6.0,6601315265,569.0,2026-08-29,2026-09-03,6601315265,54453233,shanghai,cn,herrsching dc,de,2026-08-02,2026-08-01,2026-08-10,2026-09-01,ocean,Meridian Air Cargo,1,16
true,EHM Equip,Defibrillator Pad Set Adult,6600877487.01-01,4.0,6600877487,1019.0,2026-09-24,2026-09-22,6600877487,59884495,shanghai,cn,herrsching dc,de,2026-08-28,,,,ocean,EuroCargo Express,1,16
true,EHM Equip,Patient Cable SpO2 Extension 2m,6600877487.01-02,9.0,6600877487,5392.0,2026-09-24,2026-09-22,6600877487,59884495,shanghai,cn,herrsching dc,de,2026-08-28,,,,ocean,EuroCargo Express,1,16
true,EHM Equip,Ventilator Circuit Kit Reusable Adult,6601509655.01-01,1.0,6601509655,6066.0,2026-09-04,2026-09-11,"6601509655,6601610808",58143690,rotterdam,nl,boeblingen dc,de,2026-08-31,2026-08-31,2026-09-01,,road,SwiftHaul GmbH,7,15
true,EHM Equip,ECG Lead Set 12-wire Diagnostic,6601509655.01-02,5.0,6601509655,624.0,2026-09-04,2026-09-11,"6601509655,6601610808",58143690,rotterdam,nl,boeblingen dc,de,2026-08-31,2026-08-31,2026-09-01,,road,SwiftHaul GmbH,7,15
true,EHM Equip,Central Monitoring Software License 10-Bed,6601610808.01-01,12.0,6601610808,596.0,2026-09-21,2026-09-18,"6601509655,6601610808",58143690,rotterdam,nl,boeblingen dc,de,2026-08-31,2026-08-31,2026-09-01,,road,SwiftHaul GmbH,7,15
true,EHM Equip,NIBP Cuff Set Neonatal,6601689271.01-01,12.0,6601689271,1247.0,2026-08-21,2026-08-28,6601689271,59004628,hamburg,de,hamburg dc,de,2026-08-20,2026-08-20,2026-08-21,2026-08-21,road,Meridian Air Cargo,13,14
true,EHM Equip,Network Interface Card Redundant Dual-Port,6601689271.01-02,10.0,6601689271,932.0,2026-08-21,2026-08-28,6601689271,59004628,hamburg,de,hamburg dc,de,2026-08-20,2026-08-20,2026-08-21,2026-08-21,road,Meridian Air Cargo,13,14
true,EHM Equip,Defibrillator Pad Set Pediatric,6600926206.01-01,4.0,6600926206,1256.0,2026-09-13,2026-09-19,6600926206,59033489,chicago,us,boeblingen dc,de,2026-08-30,2026-08-31,2026-09-04,,air,Blue Anchor Shipping,4,15
true,EHM Equip,Network Interface Card Redundant Dual-Port,6600802065.01-01,4.0,6600802065,5059.0,2026-08-30,2026-08-30,6600802065,53201054,chicago,us,boeblingen dc,de,2026-08-16,2026-08-09,2026-08-13,2026-08-23,air,HubLine Cargo,4,15
true,EHM Equip,Telemetry Transmitter T5 Dual-Channel,6600802065.01-02,11.0,6600802065,3181.0,2026-08-30,2026-08-30,6600802065,53201054,chicago,us,boeblingen dc,de,2026-08-16,2026-08-09,2026-08-13,2026-08-23,air,HubLine Cargo,4,15
true,EHM Equip,Ventilator Circuit Kit Reusable Adult,6600802065.01-03,4.0,6600802065,1107.0,2026-08-30,2026-08-30,6600802065,53201054,chicago,us,boeblingen dc,de,2026-08-16,2026-08-09,2026-08-13,2026-08-23,air,HubLine Cargo,4,15
true,EHM Equip,CO2 Sensor Module Mainstream,6600802065.01-04,6.0,6600802065,1844.0,2026-08-30,2026-08-30,6600802065,53201054,chicago,us,boeblingen dc,de,2026-08-16,2026-08-09,2026-08-13,2026-08-23,air,HubLine Cargo,4,15
true,EHM Equip,Anesthesia Gas Module Compact 3-Gas,6601142632.01-01,1.0,6601142632,4109.0,2026-09-28,2026-09-30,"6601142632,6601604612",52284861,shenzhen,cn,herrsching dc,de,2026-08-17,2026-07-30,2026-08-08,2026-08-27,ocean,Meridian Air Cargo,2,16
true,EHM Equip,CO2 Sensor Module Sidestream,6601142632.01-02,5.0,6601142632,3851.0,2026-09-28,2026-09-30,"6601142632,6601604612",52284861,shenzhen,cn,herrsching dc,de,2026-08-17,2026-07-30,2026-08-08,2026-08-27,ocean,Meridian Air Cargo,2,16
true,EHM Equip,Central Station Display 27in,6601142632.01-03,2.0,6601142632,5241.0,2026-09-28,2026-09-30,"6601142632,6601604612",52284861,shenzhen,cn,herrsching dc,de,2026-08-17,2026-07-30,2026-08-08,2026-08-27,ocean,Meridian Air Cargo,2,16
true,EHM Equip,Calibration Kit Advanced Diagnostic,6601142632.01-04,11.0,6601142632,4278.0,2026-09-28,2026-09-30,"6601142632,6601604612",52284861,shenzhen,cn,herrsching dc,de,2026-08-17,2026-07-30,2026-08-08,2026-08-27,ocean,Meridian Air Cargo,2,16
true,Next-Gen Acute Care Monitoring,Patient Monitor Gateway X1 Pro,6601604612.01-01,8.0,6601604612,6635.0,2026-09-14,2026-09-12,"6601142632,6601604612",52284861,shenzhen,cn,herrsching dc,de,2026-08-17,2026-07-30,2026-08-08,2026-08-27,ocean,Meridian Air Cargo,2,16
true,Next-Gen Acute Care Monitoring,Service Cart Mobile Standard,6601604612.01-02,7.0,6601604612,1772.0,2026-09-14,2026-09-12,"6601142632,6601604612",52284861,shenzhen,cn,herrsching dc,de,2026-08-17,2026-07-30,2026-08-08,2026-08-27,ocean,Meridian Air Cargo,2,16
true,Next-Gen Acute Care Monitoring,Temperature Probe Esophageal,6601604612.01-03,8.0,6601604612,2676.0,2026-09-14,2026-09-12,"6601142632,6601604612",52284861,shenzhen,cn,herrsching dc,de,2026-08-17,2026-07-30,2026-08-08,2026-08-27,ocean,Meridian Air Cargo,2,16
true,Next-Gen Acute Care Monitoring,Multi-Param Sensor Module MP-8 Plus,6601604612.01-04,4.0,6601604612,1857.0,2026-09-14,2026-09-12,"6601142632,6601604612",52284861,shenzhen,cn,herrsching dc,de,2026-08-17,2026-07-30,2026-08-08,2026-08-27,ocean,Meridian Air Cargo,2,16
true,Clinical Measurements,Calibration Kit Standard,6601427539.01-01,11.0,6601427539,317.0,2026-09-14,2026-09-18,6601427539,55579642,chicago,us,herrsching dc,de,2026-08-31,2026-08-12,2026-08-16,2026-08-30,air,EuroCargo Express,4,16
true,EHM Equip,ECG Lead Set 12-wire Diagnostic,6601132535.01-01,3.0,6601132535,1729.0,2026-09-29,2026-10-05,6601132535,51600450,shenzhen,cn,boeblingen dc,de,2026-09-02,,,,ocean,SwiftHaul GmbH,2,15
true,EHM Equip,Defibrillator Pad Set Training,6601132535.01-02,12.0,6601132535,1332.0,2026-09-29,2026-10-05,6601132535,51600450,shenzhen,cn,boeblingen dc,de,2026-09-02,,,,ocean,SwiftHaul GmbH,2,15
true,EHM Equip,Central Station Display 27in,6601553102.01-01,7.0,6601553102,1998.0,2026-09-24,2026-09-24,6601553102,55502383,antwerp,be,boeblingen dc,de,2026-09-20,2026-08-21,2026-08-22,2026-08-24,road,SwiftHaul GmbH,8,15
true,EHM Equip,Bedside Monitor Mount Wall Arm,6601553102.01-02,11.0,6601553102,2397.0,2026-09-24,2026-09-24,6601553102,55502383,antwerp,be,boeblingen dc,de,2026-09-20,2026-08-21,2026-08-22,2026-08-24,road,SwiftHaul GmbH,8,15
true,EHM Equip,Battery Pack BP-24 Extended,6601553102.01-03,10.0,6601553102,2179.0,2026-09-24,2026-09-24,6601553102,55502383,antwerp,be,boeblingen dc,de,2026-09-20,2026-08-21,2026-08-22,2026-08-24,road,SwiftHaul GmbH,8,15
true,EHM Equip,Vital Signs Monitor V200,6600805591.01-01,1.0,6600805591,8179.0,2026-09-25,2026-09-30,6600805591,58425307,los angeles,us,herrsching dc,de,2026-09-08,2026-08-31,2026-09-05,,air,HubLine Cargo,5,16
true,ACI Clinical Integ. & Insights,ECG Lead Set 12-wire Diagnostic,6600877249.01-01,1.0,6600877249,879.0,2026-09-15,2026-09-16,6600877249,51458959,hamburg,de,boeblingen dc,de,2026-09-13,2026-08-30,2026-08-31,,road,Meridian Air Cargo,13,15
true,Next-Gen Acute Care Monitoring,ECG Lead Set 12-wire Diagnostic,6600813603.01-01,5.0,6600813603,6287.0,2026-08-24,2026-08-22,6600813603,52681878,rotterdam,nl,leipzig dc,de,2026-08-21,,,,road,EuroCargo Express,7,17
true,Next-Gen Acute Care Monitoring,Central Station Display 27in,6600813603.01-02,11.0,6600813603,2077.0,2026-08-24,2026-08-22,6600813603,52681878,rotterdam,nl,leipzig dc,de,2026-08-21,,,,road,EuroCargo Express,7,17
true,Clinical Measurements,Patient Monitor Gateway X1,6601489582.01-01,12.0,6601489582,2537.0,2026-08-28,2026-08-30,6601489582,54867587,bratislava,sk,hamburg dc,de,2026-08-25,2026-08-25,2026-08-26,,road,Meridian Air Cargo,11,14
true,EHM Equip,Patient Cable SpO2 Extension 2m,6600733970.01-01,5.0,6600733970,3437.0,2026-09-23,2026-09-21,6600733970,50044183,chicago,us,leipzig dc,de,2026-09-10,,,,air,Blue Anchor Shipping,4,17
true,EHM Equip,ECG Lead Set 5-wire,6600733970.01-02,12.0,6600733970,488.0,2026-09-23,2026-09-21,6600733970,50044183,chicago,us,leipzig dc,de,2026-09-10,,,,air,Blue Anchor Shipping,4,17
true,EHM Equip,Network Interface Card Redundant Dual-Port,6600733970.01-03,8.0,6600733970,729.0,2026-09-23,2026-09-21,6600733970,50044183,chicago,us,leipzig dc,de,2026-09-10,,,,air,Blue Anchor Shipping,4,17
true,Next-Gen Acute Care Monitoring,Ultrasound Probe Convex C5,6601249352.01-01,4.0,6601249352,5417.0,2026-08-17,2026-08-14,6601249352,56125795,los angeles,us,hamburg dc,de,2026-08-02,,,,air,Meridian Air Cargo,5,14
true,Clinical Measurements,Central Monitoring Software License 10-Bed,6601060845.01-01,1.0,6601060845,2208.0,2026-08-30,2026-08-27,"6601391959,6601060845",58740240,miami,us,hamburg dc,de,2026-08-16,2026-08-17,2026-08-21,,air,EuroCargo Express,6,14
true,Clinical Measurements,Bedside Monitor Mount Rolling Stand,6601060845.01-02,11.0,6601060845,1398.0,2026-08-30,2026-08-27,"6601391959,6601060845",58740240,miami,us,hamburg dc,de,2026-08-16,2026-08-17,2026-08-21,,air,EuroCargo Express,6,14
true,Clinical Measurements,SpO2 Sensor Disposable Adult,6601060845.01-03,2.0,6601060845,37.0,2026-08-30,2026-08-27,"6601391959,6601060845",58740240,miami,us,hamburg dc,de,2026-08-16,2026-08-17,2026-08-21,,air,EuroCargo Express,6,14
true,Clinical Measurements,ECG Lead Set 5-wire Reusable,6601391959.01-01,7.0,6601391959,4721.0,2026-10-01,2026-10-05,"6601391959,6601060845",58740240,miami,us,hamburg dc,de,2026-08-16,2026-08-17,2026-08-21,,air,EuroCargo Express,6,14
true,Clinical Measurements,Defibrillator Pad Set Adult,6601391959.01-02,9.0,6601391959,675.0,2026-10-01,2026-10-05,"6601391959,6601060845",58740240,miami,us,hamburg dc,de,2026-08-16,2026-08-17,2026-08-21,,air,EuroCargo Express,6,14
true,EHM Equip,Infusion Pump Docking Station Single Bay,6601420785.01-01,10.0,6601420785,866.0,2026-08-14,2026-08-13,6601420785,51383509,los angeles,us,herrsching dc,de,2026-07-28,2026-07-28,2026-08-02,2026-08-14,air,EuroCargo Express,5,16
true,EHM Equip,Telemetry Transmitter T5 Dual-Channel,6601420785.01-02,9.0,6601420785,1144.0,2026-08-14,2026-08-13,6601420785,51383509,los angeles,us,herrsching dc,de,2026-07-28,2026-07-28,2026-08-02,2026-08-14,air,EuroCargo Express,5,16
true,EHM Equip,Wall Mount Arm Single Monitor,6601420785.01-03,7.0,6601420785,1532.0,2026-08-14,2026-08-13,6601420785,51383509,los angeles,us,herrsching dc,de,2026-07-28,2026-07-28,2026-08-02,2026-08-14,air,EuroCargo Express,5,16
true,EHM Equip,NIBP Cuff Set Thigh,6601420785.01-04,10.0,6601420785,2938.0,2026-08-14,2026-08-13,6601420785,51383509,los angeles,us,herrsching dc,de,2026-07-28,2026-07-28,2026-08-02,2026-08-14,air,EuroCargo Express,5,16
true,EHM Equip,Defibrillator Pad Set Adult,6601433350.01-01,10.0,6601433350,3841.0,2026-08-26,2026-08-30,6601433350,59294951,shanghai,cn,hamburg dc,de,2026-08-02,,,,ocean,Blue Anchor Shipping,1,14
true,EHM Equip,NIBP Cuff Set Neonatal,6601433350.01-02,9.0,6601433350,4414.0,2026-08-26,2026-08-30,6601433350,59294951,shanghai,cn,hamburg dc,de,2026-08-02,,,,ocean,Blue Anchor Shipping,1,14
true,ACI Clinical Integ. & Insights,NIBP Cuff Set Pediatric,6601636579.01-01,1.0,6601636579,1574.0,2026-10-04,2026-10-08,6601636579,52883750,warsaw,pl,hamburg dc,de,2026-10-01,2026-08-29,2026-08-30,,road,Blue Anchor Shipping,10,14
true,ACI Clinical Integ. & Insights,Battery Pack BP-08 Compact,6601636579.01-02,3.0,6601636579,596.0,2026-10-04,2026-10-08,6601636579,52883750,warsaw,pl,hamburg dc,de,2026-10-01,2026-08-29,2026-08-30,,road,Blue Anchor Shipping,10,14
true,ACI Clinical Integ. & Insights,Ventilator Circuit Kit Neonatal,6601636579.01-03,4.0,6601636579,4153.0,2026-10-04,2026-10-08,6601636579,52883750,warsaw,pl,hamburg dc,de,2026-10-01,2026-08-29,2026-08-30,,road,Blue Anchor Shipping,10,14
true,EHM Equip,Patient Cable SpO2 Extension 2m,6601216406.01-01,7.0,6601216406,2163.0,2026-09-09,2026-09-14,6601216406,53721172,singapore,sg,leipzig dc,de,2026-08-17,,,,ocean,EuroCargo Express,3,17
true,EHM Equip,Patient Cable NIBP Hose 2.5m,6601216406.01-02,12.0,6601216406,1496.0,2026-09-09,2026-09-14,6601216406,53721172,singapore,sg,leipzig dc,de,2026-08-17,,,,ocean,EuroCargo Express,3,17
true,Speciality Monitoring,Telemetry Transmitter T3 Mini,6600872389.01-01,10.0,6600872389,2461.0,2026-10-12,2026-10-14,6600872389,52695652,los angeles,us,boeblingen dc,de,2026-09-25,2026-08-30,2026-09-04,,air,Meridian Air Cargo,5,15
true,Speciality Monitoring,Central Station Display 32in Curved,6600872389.01-02,3.0,6600872389,13172.0,2026-10-12,2026-10-14,6600872389,52695652,los angeles,us,boeblingen dc,de,2026-09-25,2026-08-30,2026-09-04,,air,Meridian Air Cargo,5,15
true,EHM Equip,NIBP Cuff Set Thigh,6601072137.01-01,5.0,6601072137,85.0,2026-09-22,2026-09-23,6601072137,53426289,antwerp,be,hamburg dc,de,2026-09-20,,,,road,Blue Anchor Shipping,8,14
true,EHM Equip,Patient Cable SpO2 Extension 2m,6601072137.01-02,8.0,6601072137,2327.0,2026-09-22,2026-09-23,6601072137,53426289,antwerp,be,hamburg dc,de,2026-09-20,,,,road,Blue Anchor Shipping,8,14
true,ACI ICCA,Ultrasound Probe Convex C5,6601169740.01-01,3.0,6601169740,1966.0,2026-10-07,2026-10-07,6601169740,52845993,antwerp,be,herrsching dc,de,2026-10-03,,,,road,Blue Anchor Shipping,8,16
true,ACI ICCA,Central Station Display 32in Curved,6600810121.01-01,3.0,6600810121,1334.0,2026-10-09,2026-10-08,6600810121,51093711,antwerp,be,herrsching dc,de,2026-10-05,,,,road,SwiftHaul GmbH,8,16
true,ACI ICCA,NIBP Cuff Set Adult,6600810121.01-02,1.0,6600810121,702.0,2026-10-09,2026-10-08,6600810121,51093711,antwerp,be,herrsching dc,de,2026-10-05,,,,road,SwiftHaul GmbH,8,16
true,Clinical Measurements,ECG Lead Set 5-wire,6601058572.01-01,9.0,6601058572,4285.0,2026-09-22,2026-09-23,6601058572,56192026,bratislava,sk,herrsching dc,de,2026-09-20,,,,road,Blue Anchor Shipping,11,16
true,Clinical Measurements,NIBP Cuff Set Adult,6601058572.01-02,6.0,6601058572,1064.0,2026-09-22,2026-09-23,6601058572,56192026,bratislava,sk,herrsching dc,de,2026-09-20,,,,road,Blue Anchor Shipping,11,16
true,Clinical Measurements,Patient Monitor Gateway X1 Pro,6601058572.01-03,9.0,6601058572,3958.0,2026-09-22,2026-09-23,6601058572,56192026,bratislava,sk,herrsching dc,de,2026-09-20,,,,road,Blue Anchor Shipping,11,16
true,Clinical Measurements,NIBP Cuff Set Pediatric,6601058572.01-04,5.0,6601058572,43.0,2026-09-22,2026-09-23,6601058572,56192026,bratislava,sk,herrsching dc,de,2026-09-20,,,,road,Blue Anchor Shipping,11,16
true,ACI ICCA,Temperature Probe Skin,6601275186.01-01,1.0,6601275186,5209.0,2026-08-24,2026-08-28,6601275186,57658574,singapore,sg,leipzig dc,de,2026-08-01,2026-07-30,2026-08-06,,ocean,SwiftHaul GmbH,3,17
true,ACI ICCA,Central Station Display 24in,6601275186.01-02,8.0,6601275186,4338.0,2026-08-24,2026-08-28,6601275186,57658574,singapore,sg,leipzig dc,de,2026-08-01,2026-07-30,2026-08-06,,ocean,SwiftHaul GmbH,3,17
true,ACI ICCA,Network Interface Card Redundant Dual-Port,6601275186.01-03,7.0,6601275186,1406.0,2026-08-24,2026-08-28,6601275186,57658574,singapore,sg,leipzig dc,de,2026-08-01,2026-07-30,2026-08-06,,ocean,SwiftHaul GmbH,3,17
true,ACI ICCA,Patient Cable SpO2 Extension 2m,6601275186.01-04,12.0,6601275186,2529.0,2026-08-24,2026-08-28,6601275186,57658574,singapore,sg,leipzig dc,de,2026-08-01,2026-07-30,2026-08-06,,ocean,SwiftHaul GmbH,3,17
true,EHM Equip,ECG Lead Set 5-wire Reusable,6600816100.01-01,6.0,6600816100,2511.0,2026-09-13,2026-09-12,6600816100,51105683,milan,it,boeblingen dc,de,2026-09-10,2026-08-22,2026-08-23,2026-08-25,road,NorthStar Freight,9,15
true,EHM Equip,Telemetry Transmitter T5 Dual-Channel,6600816100.01-02,4.0,6600816100,3826.0,2026-09-13,2026-09-12,6600816100,51105683,milan,it,boeblingen dc,de,2026-09-10,2026-08-22,2026-08-23,2026-08-25,road,NorthStar Freight,9,15
true,ACI ICCA,Patient Monitor Gateway X2 Wireless,6601404013.01-01,3.0,6601404013,4501.0,2026-09-07,2026-09-11,6601404013,59059927,warsaw,pl,leipzig dc,de,2026-09-05,2026-08-25,2026-08-26,2026-08-28,road,Meridian Air Cargo,10,17
true,ACI ICCA,Central Station Display 24in,6601404013.01-02,11.0,6601404013,1523.0,2026-09-07,2026-09-11,6601404013,59059927,warsaw,pl,leipzig dc,de,2026-09-05,2026-08-25,2026-08-26,2026-08-28,road,Meridian Air Cargo,10,17
true,ACI ICCA,Patient Monitor Gateway X1,6601404013.01-03,5.0,6601404013,311.0,2026-09-07,2026-09-11,6601404013,59059927,warsaw,pl,leipzig dc,de,2026-09-05,2026-08-25,2026-08-26,2026-08-28,road,Meridian Air Cargo,10,17
true,ACI ICCA,Multi-Param Sensor Module MP-5,6601404013.01-04,12.0,6601404013,65.0,2026-09-07,2026-09-11,6601404013,59059927,warsaw,pl,leipzig dc,de,2026-09-05,2026-08-25,2026-08-26,2026-08-28,road,Meridian Air Cargo,10,17
true,Next-Gen Acute Care Monitoring,Printer Module PM-3 Thermal,6600786100.01-01,3.0,6600786100,626.0,2026-08-27,2026-09-01,6600786100,54438271,shanghai,cn,hamburg dc,de,2026-08-03,,,,ocean,SwiftHaul GmbH,1,14
true,Next-Gen Acute Care Monitoring,Service Cart Mobile Standard,6600786100.01-02,10.0,6600786100,1385.0,2026-08-27,2026-09-01,6600786100,54438271,shanghai,cn,hamburg dc,de,2026-08-03,,,,ocean,SwiftHaul GmbH,1,14
true,Next-Gen Acute Care Monitoring,Defibrillator Pad Set Training,6600786100.01-03,11.0,6600786100,36.0,2026-08-27,2026-09-01,6600786100,54438271,shanghai,cn,hamburg dc,de,2026-08-03,,,,ocean,SwiftHaul GmbH,1,14
true,Next-Gen Acute Care Monitoring,Ultrasound Probe Linear L12,6600786100.01-04,3.0,6600786100,3475.0,2026-08-27,2026-09-01,6600786100,54438271,shanghai,cn,hamburg dc,de,2026-08-03,,,,ocean,SwiftHaul GmbH,1,14
true,EHM Equip,Ultrasound Probe Linear L12,6601505661.01-01,12.0,6601505661,5089.0,2026-08-18,2026-08-19,6601505661,56926039,rotterdam,nl,boeblingen dc,de,2026-08-14,2026-08-14,2026-08-15,2026-08-20,road,Blue Anchor Shipping,7,15
true,EHM Equip,Ultrasound Probe Linear L12,6601400481.01-01,6.0,6601400481,1726.0,2026-08-11,2026-08-10,6601400481,57559172,warsaw,pl,leipzig dc,de,2026-08-09,,,,road,NorthStar Freight,10,17
true,EHM Equip,Defibrillator Pad Set Training,6601400481.01-02,6.0,6601400481,2478.0,2026-08-11,2026-08-10,6601400481,57559172,warsaw,pl,leipzig dc,de,2026-08-09,,,,road,NorthStar Freight,10,17
true,EHM Equip,Patient Cable ECG 5-lead 3m,6601400481.01-03,6.0,6601400481,941.0,2026-08-11,2026-08-10,6601400481,57559172,warsaw,pl,leipzig dc,de,2026-08-09,,,,road,NorthStar Freight,10,17
true,EHM Equip,Central Station Display 24in,6601400481.01-04,8.0,6601400481,2514.0,2026-08-11,2026-08-10,6601400481,57559172,warsaw,pl,leipzig dc,de,2026-08-09,,,,road,NorthStar Freight,10,17
true,EHM Equip,Wall Mount Arm Single Monitor,6601121173.01-01,2.0,6601121173,756.0,2026-08-12,2026-08-10,6601121173,52986718,antwerp,be,herrsching dc,de,2026-08-08,2026-08-06,2026-08-07,2026-08-14,road,NorthStar Freight,8,16
true,EHM Equip,Patient Cable ECG 5-lead 3m,6601121173.01-02,10.0,6601121173,668.0,2026-08-12,2026-08-10,6601121173,52986718,antwerp,be,herrsching dc,de,2026-08-08,2026-08-06,2026-08-07,2026-08-14,road,NorthStar Freight,8,16
true,EHM Equip,Defibrillator Pad Set Pediatric,6601121173.01-03,8.0,6601121173,5157.0,2026-08-12,2026-08-10,6601121173,52986718,antwerp,be,herrsching dc,de,2026-08-08,2026-08-06,2026-08-07,2026-08-14,road,NorthStar Freight,8,16
true,EHM Equip,CO2 Sensor Module Mainstream,6600738960.01-01,3.0,6600738960,3461.0,2026-09-16,2026-09-17,6600738960,54072423,miami,us,boeblingen dc,de,2026-08-31,2026-08-05,2026-08-10,2026-08-21,air,Meridian Air Cargo,6,15
true,EHM Equip,SpO2 Sensor Reusable Pediatric,6600738960.01-02,3.0,6600738960,3754.0,2026-09-16,2026-09-17,6600738960,54072423,miami,us,boeblingen dc,de,2026-08-31,2026-08-05,2026-08-10,2026-08-21,air,Meridian Air Cargo,6,15
true,EHM Equip,Anesthesia Gas Module Standard 5-Gas,6600738960.01-03,4.0,6600738960,339.0,2026-09-16,2026-09-17,6600738960,54072423,miami,us,boeblingen dc,de,2026-08-31,2026-08-05,2026-08-10,2026-08-21,air,Meridian Air Cargo,6,15
true,EHM Equip,Bedside Monitor Mount Rail Mount,6600738960.01-04,8.0,6600738960,2691.0,2026-09-16,2026-09-17,6600738960,54072423,miami,us,boeblingen dc,de,2026-08-31,2026-08-05,2026-08-10,2026-08-21,air,Meridian Air Cargo,6,15
true,Next-Gen Acute Care Monitoring,CO2 Sensor Module Sidestream,6601053249.01-01,2.0,6601053249,465.0,2026-10-12,2026-10-13,6601053249,53830017,lyon,fr,boeblingen dc,de,2026-10-10,2026-08-30,2026-08-31,,road,SwiftHaul GmbH,12,15
true,Next-Gen Acute Care Monitoring,ECG Lead Set 3-wire,6601053249.01-02,2.0,6601053249,876.0,2026-10-12,2026-10-13,6601053249,53830017,lyon,fr,boeblingen dc,de,2026-10-10,2026-08-30,2026-08-31,,road,SwiftHaul GmbH,12,15
true,ACI Clinical Integ. & Insights,Multi-Param Sensor Module MP-5,6600867782.01-01,1.0,6600867782,2466.0,2026-09-16,2026-09-13,6600867782,56451905,los angeles,us,boeblingen dc,de,2026-08-30,,,,air,Blue Anchor Shipping,5,15
true,ACI Clinical Integ. & Insights,Temperature Probe Rectal,6600867782.01-02,5.0,6600867782,1526.0,2026-09-16,2026-09-13,6600867782,56451905,los angeles,us,boeblingen dc,de,2026-08-30,,,,air,Blue Anchor Shipping,5,15
true,ACI Clinical Integ. & Insights,Ultrasound Probe Convex C5,6601338763.01-01,8.0,6601338763,1268.0,2026-10-03,2026-10-07,"6601656473,6601338763",57668793,hamburg,de,hamburg dc,de,2026-09-03,,,,road,Blue Anchor Shipping,13,14
true,ACI Clinical Integ. & Insights,Wall Mount Arm Single Monitor,6601338763.01-02,11.0,6601338763,3631.0,2026-10-03,2026-10-07,"6601656473,6601338763",57668793,hamburg,de,hamburg dc,de,2026-09-03,,,,road,Blue Anchor Shipping,13,14
true,ACI Clinical Integ. & Insights,Patient Monitor Gateway X1 Pro,6601338763.01-03,12.0,6601338763,2387.0,2026-10-03,2026-10-07,"6601656473,6601338763",57668793,hamburg,de,hamburg dc,de,2026-09-03,,,,road,Blue Anchor Shipping,13,14
true,EHM Equip,Infusion Pump IP-500,6601656473.01-01,4.0,6601656473,6904.0,2026-09-04,2026-09-07,"6601656473,6601338763",57668793,hamburg,de,hamburg dc,de,2026-09-03,,,,road,Blue Anchor Shipping,13,14
true,EHM Equip,Vital Signs Monitor V200 Cart Mount,6601656473.01-02,9.0,6601656473,834.0,2026-09-04,2026-09-07,"6601656473,6601338763",57668793,hamburg,de,hamburg dc,de,2026-09-03,,,,road,Blue Anchor Shipping,13,14
true,ACI ICCA,Infusion Pump IP-700 Dual,6600732706.01-01,1.0,6600732706,223.0,2026-08-19,2026-08-26,6600732706,51338315,hamburg,de,leipzig dc,de,2026-08-18,2026-08-18,2026-08-19,2026-08-19,road,NorthStar Freight,13,17
true,EHM Equip,SpO2 Sensor Reusable Pediatric,6600712852.01-01,4.0,6600712852,2044.0,2026-09-04,2026-09-11,"6601553319,6600712852",58027832,lyon,fr,herrsching dc,de,2026-08-13,2026-08-11,2026-08-12,2026-08-14,road,SwiftHaul GmbH,12,16
true,EHM Equip,Anesthesia Gas Module Standard 5-Gas,6600712852.01-02,3.0,6600712852,2481.0,2026-09-04,2026-09-11,"6601553319,6600712852",58027832,lyon,fr,herrsching dc,de,2026-08-13,2026-08-11,2026-08-12,2026-08-14,road,SwiftHaul GmbH,12,16
true,EHM Equip,Infusion Pump IP-300 Compact,6600712852.01-03,3.0,6600712852,525.0,2026-09-04,2026-09-11,"6601553319,6600712852",58027832,lyon,fr,herrsching dc,de,2026-08-13,2026-08-11,2026-08-12,2026-08-14,road,SwiftHaul GmbH,12,16
true,EHM Equip,Vital Signs Monitor V100 Compact,6600712852.01-04,1.0,6600712852,1992.0,2026-09-04,2026-09-11,"6601553319,6600712852",58027832,lyon,fr,herrsching dc,de,2026-08-13,2026-08-11,2026-08-12,2026-08-14,road,SwiftHaul GmbH,12,16
true,Clinical Measurements,Telemetry Transmitter T5 Dual-Channel,6601553319.01-01,8.0,6601553319,1065.0,2026-08-16,2026-08-14,"6601553319,6600712852",58027832,lyon,fr,herrsching dc,de,2026-08-13,2026-08-11,2026-08-12,2026-08-14,road,SwiftHaul GmbH,12,16
true,Clinical Measurements,Wall Mount Arm Dual Monitor,6601553319.01-02,5.0,6601553319,1056.0,2026-08-16,2026-08-14,"6601553319,6600712852",58027832,lyon,fr,herrsching dc,de,2026-08-13,2026-08-11,2026-08-12,2026-08-14,road,SwiftHaul GmbH,12,16
true,Clinical Measurements,Printer Module PM-3 Thermal,6601553319.01-03,3.0,6601553319,1026.0,2026-08-16,2026-08-14,"6601553319,6600712852",58027832,lyon,fr,herrsching dc,de,2026-08-13,2026-08-11,2026-08-12,2026-08-14,road,SwiftHaul GmbH,12,16
true,Clinical Measurements,NIBP Cuff Set Neonatal,6601553319.01-04,8.0,6601553319,3814.0,2026-08-16,2026-08-14,"6601553319,6600712852",58027832,lyon,fr,herrsching dc,de,2026-08-13,2026-08-11,2026-08-12,2026-08-14,road,SwiftHaul GmbH,12,16
true,ACI ICCA,Infusion Pump Docking Station Single Bay,6601485376.01-01,10.0,6601485376,1123.0,2026-08-30,2026-09-02,6601485376,50983652,shenzhen,cn,herrsching dc,de,2026-08-02,2026-07-30,2026-08-08,2026-08-28,ocean,SwiftHaul GmbH,2,16
true,EHM Equip,ECG Lead Set 3-wire,6601215896.01-01,4.0,6601215896,801.0,2026-08-18,2026-08-15,6601215896,56856832,chicago,us,boeblingen dc,de,2026-08-04,2026-08-04,2026-08-08,,air,Meridian Air Cargo,4,15
true,EHM Equip,Calibration Kit Advanced Diagnostic,6601215896.01-02,9.0,6601215896,5414.0,2026-08-18,2026-08-15,6601215896,56856832,chicago,us,boeblingen dc,de,2026-08-04,2026-08-04,2026-08-08,,air,Meridian Air Cargo,4,15
true,EHM Equip,Anesthesia Gas Module Standard 5-Gas,6600958798.01-01,8.0,6600958798,726.0,2026-09-17,2026-09-15,6600958798,55649870,rotterdam,nl,boeblingen dc,de,2026-09-13,,,,road,NorthStar Freight,7,15
true,ACI ICCA,Patient Cable SpO2 Extension 2m,6601121945.01-01,12.0,6601121945,1193.0,2026-09-22,2026-09-19,6601121945,55599206,hamburg,de,hamburg dc,de,2026-09-21,,,,road,NorthStar Freight,13,14
true,ACI ICCA,NIBP Cuff Set Adult,6601121945.01-02,8.0,6601121945,3107.0,2026-09-22,2026-09-19,6601121945,55599206,hamburg,de,hamburg dc,de,2026-09-21,,,,road,NorthStar Freight,13,14
true,EHM Equip,Patient Cable ECG 5-lead 3m,6601071959.01-01,2.0,6601071959,1565.0,2026-09-20,2026-09-19,"6601398679,6601071959",53307279,shanghai,cn,hamburg dc,de,2026-08-27,2026-08-04,2026-08-12,2026-08-28,ocean,Blue Anchor Shipping,1,14
true,EHM Equip,Service Cart Mobile Locking,6601398679.01-01,10.0,6601398679,4632.0,2026-09-27,2026-09-28,"6601398679,6601071959",53307279,shanghai,cn,hamburg dc,de,2026-08-27,2026-08-04,2026-08-12,2026-08-28,ocean,Blue Anchor Shipping,1,14
true,EHM Equip,Infusion Pump IP-700 Dual,6601398679.01-02,7.0,6601398679,2641.0,2026-09-27,2026-09-28,"6601398679,6601071959",53307279,shanghai,cn,hamburg dc,de,2026-08-27,2026-08-04,2026-08-12,2026-08-28,ocean,Blue Anchor Shipping,1,14
true,EHM Equip,SpO2 Sensor Finger Clip,6601398679.01-03,8.0,6601398679,4381.0,2026-09-27,2026-09-28,"6601398679,6601071959",53307279,shanghai,cn,hamburg dc,de,2026-08-27,2026-08-04,2026-08-12,2026-08-28,ocean,Blue Anchor Shipping,1,14
true,ACI Clinical Integ. & Insights,SpO2 Sensor Reusable Adult,6601446462.01-01,3.0,6601446462,753.0,2026-09-26,2026-10-01,6601446462,54893439,miami,us,boeblingen dc,de,2026-09-10,2026-08-06,2026-08-11,2026-08-22,air,Blue Anchor Shipping,6,15
true,ACI Clinical Integ. & Insights,Printer Module PM-3 Thermal,6601446462.01-02,7.0,6601446462,1559.0,2026-09-26,2026-10-01,6601446462,54893439,miami,us,boeblingen dc,de,2026-09-10,2026-08-06,2026-08-11,2026-08-22,air,Blue Anchor Shipping,6,15
true,EHM Equip,NIBP Cuff Set Pediatric,6601000652.01-01,9.0,6601000652,4261.0,2026-08-24,2026-08-31,"6601165561,6601000652",52361128,shenzhen,cn,boeblingen dc,de,2026-07-22,,,,ocean,EuroCargo Express,2,15
true,EHM Equip,NIBP Cuff Set Thigh,6601165561.01-01,8.0,6601165561,1969.0,2026-08-18,2026-08-19,"6601165561,6601000652",52361128,shenzhen,cn,boeblingen dc,de,2026-07-22,,,,ocean,EuroCargo Express,2,15
true,EHM Equip,Anesthesia Gas Module Standard 5-Gas,6601165561.01-02,8.0,6601165561,915.0,2026-08-18,2026-08-19,"6601165561,6601000652",52361128,shenzhen,cn,boeblingen dc,de,2026-07-22,,,,ocean,EuroCargo Express,2,15
true,EHM Equip,Calibration Kit Standard,6600758707.01-01,12.0,6600758707,8489.0,2026-08-29,2026-08-31,"6600758707,6601493649",59846582,warsaw,pl,herrsching dc,de,2026-08-25,2026-08-25,2026-08-26,,road,Meridian Air Cargo,10,16
true,ACI ICCA,ECG Lead Set 3-wire,6601493649.01-01,3.0,6601493649,4988.0,2026-10-13,2026-10-14,"6600758707,6601493649",59846582,warsaw,pl,herrsching dc,de,2026-08-25,2026-08-25,2026-08-26,,road,Meridian Air Cargo,10,16
true,ACI ICCA,Patient Monitor Gateway X2 Wireless,6601493649.01-02,6.0,6601493649,1684.0,2026-10-13,2026-10-14,"6600758707,6601493649",59846582,warsaw,pl,herrsching dc,de,2026-08-25,2026-08-25,2026-08-26,,road,Meridian Air Cargo,10,16
true,ACI ICCA,Patient Monitor Gateway X1,6601493649.01-03,2.0,6601493649,2317.0,2026-10-13,2026-10-14,"6600758707,6601493649",59846582,warsaw,pl,herrsching dc,de,2026-08-25,2026-08-25,2026-08-26,,road,Meridian Air Cargo,10,16
true,ACI ICCA,Temperature Probe Esophageal,6601493649.01-04,6.0,6601493649,843.0,2026-10-13,2026-10-14,"6600758707,6601493649",59846582,warsaw,pl,herrsching dc,de,2026-08-25,2026-08-25,2026-08-26,,road,Meridian Air Cargo,10,16
true,EHM Equip,Central Monitoring Software License 20-Bed,6601263785.01-01,3.0,6601263785,86.0,2026-10-02,2026-10-09,6601263785,52531070,antwerp,be,boeblingen dc,de,2026-09-28,2026-08-21,2026-08-22,2026-08-29,road,NorthStar Freight,8,15
true,EHM Equip,Ultrasound Probe Linear L12,6601143609.01-01,10.0,6601143609,1092.0,2026-10-02,2026-10-04,"6601555359,6601143609",58826960,shenzhen,cn,leipzig dc,de,2026-09-06,2026-08-31,2026-09-08,,ocean,Blue Anchor Shipping,2,17
true,EHM Equip,Central Station Display 27in,6601555359.01-01,4.0,6601555359,1637.0,2026-10-03,2026-10-06,"6601555359,6601143609",58826960,shenzhen,cn,leipzig dc,de,2026-09-06,2026-08-31,2026-09-08,,ocean,Blue Anchor Shipping,2,17
true,EHM Equip,Defibrillator Pad Set Training,6601555359.01-02,8.0,6601555359,3233.0,2026-10-03,2026-10-06,"6601555359,6601143609",58826960,shenzhen,cn,leipzig dc,de,2026-09-06,2026-08-31,2026-09-08,,ocean,Blue Anchor Shipping,2,17
true,Speciality Monitoring,SpO2 Sensor Disposable Adult,6601439092.01-01,2.0,6601439092,3914.0,2026-09-08,2026-09-08,6601439092,55285645,milan,it,herrsching dc,de,2026-09-05,,,,road,Meridian Air Cargo,9,16
true,Speciality Monitoring,Network Interface Card Redundant Dual-Port,6601439092.01-02,12.0,6601439092,2075.0,2026-09-08,2026-09-08,6601439092,55285645,milan,it,herrsching dc,de,2026-09-05,,,,road,Meridian Air Cargo,9,16
true,Speciality Monitoring,Ventilator Circuit Kit Adult,6601439092.01-03,3.0,6601439092,506.0,2026-09-08,2026-09-08,6601439092,55285645,milan,it,herrsching dc,de,2026-09-05,,,,road,Meridian Air Cargo,9,16
true,Speciality Monitoring,Multi-Param Sensor Module MP-3 Compact,6601439092.01-04,11.0,6601439092,6171.0,2026-09-08,2026-09-08,6601439092,55285645,milan,it,herrsching dc,de,2026-09-05,,,,road,Meridian Air Cargo,9,16
true,Next-Gen Acute Care Monitoring,Vital Signs Monitor V200 Cart Mount,6600827619.01-01,4.0,6600827619,3797.0,2026-09-23,2026-09-30,6600827619,55405993,shenzhen,cn,boeblingen dc,de,2026-08-27,2026-08-02,2026-08-11,2026-08-30,ocean,HubLine Cargo,2,15
true,Next-Gen Acute Care Monitoring,Battery Pack BP-24 Extended,6600827619.01-02,8.0,6600827619,5586.0,2026-09-23,2026-09-30,6600827619,55405993,shenzhen,cn,boeblingen dc,de,2026-08-27,2026-08-02,2026-08-11,2026-08-30,ocean,HubLine Cargo,2,15
true,Next-Gen Acute Care Monitoring,CO2 Sensor Module Sidestream,6600827619.01-03,7.0,6600827619,2697.0,2026-09-23,2026-09-30,6600827619,55405993,shenzhen,cn,boeblingen dc,de,2026-08-27,2026-08-02,2026-08-11,2026-08-30,ocean,HubLine Cargo,2,15
true,EHM Equip,Multi-Param Sensor Module MP-8 Plus,6601210121.01-01,5.0,6601210121,6539.0,2026-09-13,2026-09-16,"6601210121,6601245837",50280621,rotterdam,nl,boeblingen dc,de,2026-08-30,2026-08-30,2026-08-31,,road,Blue Anchor Shipping,7,15
true,Clinical Measurements,Central Monitoring Software License 10-Bed,6601245837.01-01,7.0,6601245837,5404.0,2026-09-03,2026-09-02,"6601210121,6601245837",50280621,rotterdam,nl,boeblingen dc,de,2026-08-30,2026-08-30,2026-08-31,,road,Blue Anchor Shipping,7,15
true,EHM Equip,Central Monitoring Software License 20-Bed,6600944666.01-01,5.0,6600944666,782.0,2026-08-12,2026-08-17,6600944666,53540741,antwerp,be,herrsching dc,de,2026-08-08,2026-08-08,2026-08-09,2026-08-12,road,EuroCargo Express,8,16
true,EHM Equip,Ultrasound Probe Cardiac P4,6601367785.01-01,12.0,6601367785,5568.0,2026-08-19,2026-08-24,6601367785,52376695,shanghai,cn,leipzig dc,de,2026-07-25,2026-07-25,2026-08-02,2026-08-19,ocean,HubLine Cargo,1,17
true,EHM Equip,Service Cart Mobile Standard,6601367785.01-02,12.0,6601367785,2511.0,2026-08-19,2026-08-24,6601367785,52376695,shanghai,cn,leipzig dc,de,2026-07-25,2026-07-25,2026-08-02,2026-08-19,ocean,HubLine Cargo,1,17
true,EHM Equip,Patient Monitor Gateway X1 Pro,6601367785.01-03,8.0,6601367785,236.0,2026-08-19,2026-08-24,6601367785,52376695,shanghai,cn,leipzig dc,de,2026-07-25,2026-07-25,2026-08-02,2026-08-19,ocean,HubLine Cargo,1,17
true,EHM Equip,Network Interface Card Redundant Dual-Port,6601579272.01-01,10.0,6601579272,3715.0,2026-08-17,2026-08-16,6601579272,52299477,milan,it,boeblingen dc,de,2026-08-14,2026-08-12,2026-08-13,,road,SwiftHaul GmbH,9,15
true,EHM Equip,Network Interface Card Standard,6601579272.01-02,2.0,6601579272,115.0,2026-08-17,2026-08-16,6601579272,52299477,milan,it,boeblingen dc,de,2026-08-14,2026-08-12,2026-08-13,,road,SwiftHaul GmbH,9,15
true,EHM Equip,Infusion Pump IP-500,6601579272.01-03,8.0,6601579272,54.0,2026-08-17,2026-08-16,6601579272,52299477,milan,it,boeblingen dc,de,2026-08-14,2026-08-12,2026-08-13,,road,SwiftHaul GmbH,9,15
true,EHM Equip,NIBP Cuff Set Adult,6601250837.01-01,5.0,6601250837,706.0,2026-09-21,2026-09-26,"6601250837,6601559137",57472710,los angeles,us,hamburg dc,de,2026-09-06,2026-08-06,2026-08-11,2026-08-21,air,SwiftHaul GmbH,5,14
true,EHM Equip,ECG Lead Set 5-wire,6601250837.01-02,7.0,6601250837,661.0,2026-09-21,2026-09-26,"6601250837,6601559137",57472710,los angeles,us,hamburg dc,de,2026-09-06,2026-08-06,2026-08-11,2026-08-21,air,SwiftHaul GmbH,5,14
true,Clinical Measurements,Service Cart Mobile Standard,6601559137.01-01,4.0,6601559137,7.0,2026-10-14,2026-10-16,"6601250837,6601559137",57472710,los angeles,us,hamburg dc,de,2026-09-06,2026-08-06,2026-08-11,2026-08-21,air,SwiftHaul GmbH,5,14
true,Clinical Measurements,Bedside Monitor Mount Rolling Stand,6601559137.01-02,1.0,6601559137,2582.0,2026-10-14,2026-10-16,"6601250837,6601559137",57472710,los angeles,us,hamburg dc,de,2026-09-06,2026-08-06,2026-08-11,2026-08-21,air,SwiftHaul GmbH,5,14
true,EHM Equip,Calibration Kit Standard,6601665111.01-01,1.0,6601665111,3074.0,2026-09-05,2026-09-08,6601665111,57205638,shenzhen,cn,herrsching dc,de,2026-08-08,2026-08-08,2026-08-17,,ocean,Blue Anchor Shipping,2,16
true,EHM Equip,ECG Lead Set 5-wire Reusable,6601306024.01-01,3.0,6601306024,2763.0,2026-08-15,2026-08-14,6601306024,55603702,milan,it,boeblingen dc,de,2026-08-12,2026-08-12,2026-08-13,2026-08-15,road,Meridian Air Cargo,9,15
true,EHM Equip,Telemetry Transmitter T3 Mini,6601306024.01-02,10.0,6601306024,1631.0,2026-08-15,2026-08-14,6601306024,55603702,milan,it,boeblingen dc,de,2026-08-12,2026-08-12,2026-08-13,2026-08-15,road,Meridian Air Cargo,9,15
true,EHM Equip,ECG Lead Set 12-wire Diagnostic,6600997578.01-01,8.0,6600997578,3865.0,2026-10-11,2026-10-08,6600997578,54056083,warsaw,pl,herrsching dc,de,2026-10-07,,,,road,NorthStar Freight,10,16
true,EHM Equip,Patient Monitor Gateway X1 Pro,6600997578.01-02,9.0,6600997578,215.0,2026-10-11,2026-10-08,6600997578,54056083,warsaw,pl,herrsching dc,de,2026-10-07,,,,road,NorthStar Freight,10,16
true,EHM Equip,Infusion Pump IP-300 Compact,6600997578.01-03,8.0,6600997578,793.0,2026-10-11,2026-10-08,6600997578,54056083,warsaw,pl,herrsching dc,de,2026-10-07,,,,road,NorthStar Freight,10,16
true,Next-Gen Acute Care Monitoring,Telemetry Transmitter T5 Dual-Channel,6600819077.01-01,3.0,6600819077,4143.0,2026-08-23,2026-08-29,6600819077,53755526,milan,it,hamburg dc,de,2026-08-19,,,,road,NorthStar Freight,9,14
true,EHM Equip,SpO2 Sensor Reusable Pediatric,6601122825.01-01,9.0,6601122825,3512.0,2026-09-28,2026-09-28,6601122825,59052837,rotterdam,nl,boeblingen dc,de,2026-09-24,2026-08-21,2026-08-22,2026-08-25,road,EuroCargo Express,7,15
true,EHM Equip,Telemetry Transmitter T5 Dual-Channel,6600844232.01-01,10.0,6600844232,338.0,2026-10-14,2026-10-18,6600844232,55794540,warsaw,pl,herrsching dc,de,2026-10-10,2026-08-20,2026-08-21,2026-08-23,road,EuroCargo Express,10,16
true,Clinical Measurements,Bedside Monitor Mount Rail Mount,6601175112.01-01,11.0,6601175112,527.0,2026-10-04,2026-10-06,6601175112,50150403,singapore,sg,leipzig dc,de,2026-09-11,2026-08-06,2026-08-13,2026-08-29,ocean,SwiftHaul GmbH,3,17
true,EHM Equip,SpO2 Sensor Disposable Adult,6600791549.01-01,5.0,6600791549,4751.0,2026-08-15,2026-08-18,6600791549,54071524,antwerp,be,boeblingen dc,de,2026-08-11,2026-08-11,2026-08-12,,road,NorthStar Freight,8,15
true,EHM Equip,Ventilator Circuit Kit Neonatal,6600791549.01-02,10.0,6600791549,3751.0,2026-08-15,2026-08-18,6600791549,54071524,antwerp,be,boeblingen dc,de,2026-08-11,2026-08-11,2026-08-12,,road,NorthStar Freight,8,15
true,EHM Equip,ECG Lead Set 5-wire,6600791549.01-03,12.0,6600791549,5127.0,2026-08-15,2026-08-18,6600791549,54071524,antwerp,be,boeblingen dc,de,2026-08-11,2026-08-11,2026-08-12,,road,NorthStar Freight,8,15
true,EHM Equip,NIBP Cuff Set Pediatric,6600791549.01-04,6.0,6600791549,23.0,2026-08-15,2026-08-18,6600791549,54071524,antwerp,be,boeblingen dc,de,2026-08-11,2026-08-11,2026-08-12,,road,NorthStar Freight,8,15
true,ACI ICCA,Vital Signs Monitor V100 Compact,6600888810.01-01,2.0,6600888810,2701.0,2026-09-30,2026-10-07,6600888810,54819255,los angeles,us,leipzig dc,de,2026-09-14,2026-08-09,2026-08-14,2026-08-25,air,HubLine Cargo,5,17
true,ACI ICCA,Anesthesia Gas Module Compact 3-Gas,6600888810.01-02,10.0,6600888810,2178.0,2026-09-30,2026-10-07,6600888810,54819255,los angeles,us,leipzig dc,de,2026-09-14,2026-08-09,2026-08-14,2026-08-25,air,HubLine Cargo,5,17
true,ACI ICCA,ECG Lead Set 5-wire Reusable,6600888810.01-03,11.0,6600888810,311.0,2026-09-30,2026-10-07,6600888810,54819255,los angeles,us,leipzig dc,de,2026-09-14,2026-08-09,2026-08-14,2026-08-25,air,HubLine Cargo,5,17
true,ACI Clinical Integ. & Insights,Battery Pack BP-08 Compact,6600776346.01-01,4.0,6600776346,218.0,2026-09-09,2026-09-11,6600776346,54409488,shenzhen,cn,leipzig dc,de,2026-08-14,2026-08-01,2026-08-09,2026-08-27,ocean,NorthStar Freight,2,17
true,ACI Clinical Integ. & Insights,Ventilator Circuit Kit Neonatal,6600776346.01-02,7.0,6600776346,4344.0,2026-09-09,2026-09-11,6600776346,54409488,shenzhen,cn,leipzig dc,de,2026-08-14,2026-08-01,2026-08-09,2026-08-27,ocean,NorthStar Freight,2,17
true,Clinical Measurements,Patient Cable ECG 5-lead 3m,6600769472.01-01,1.0,6600769472,6086.0,2026-09-27,2026-09-25,6600769472,56963165,milan,it,herrsching dc,de,2026-09-24,,,,road,NorthStar Freight,9,16
true,EHM Equip,Battery Pack BP-12,6601034642.01-01,12.0,6601034642,1816.0,2026-09-24,2026-09-22,6601034642,57439902,milan,it,leipzig dc,de,2026-09-20,2026-08-21,2026-08-22,2026-08-24,road,NorthStar Freight,9,17
true,EHM Equip,Patient Cable SpO2 Extension 2m,6601272206.01-01,10.0,6601272206,1147.0,2026-08-22,2026-08-25,6601272206,58637866,warsaw,pl,leipzig dc,de,2026-08-20,2026-08-26,2026-08-27,,road,EuroCargo Express,10,17
true,ACI Clinical Integ. & Insights,Battery Pack BP-12,6601356667.01-01,10.0,6601356667,1063.0,2026-08-31,2026-08-30,6601356667,53870185,bratislava,sk,leipzig dc,de,2026-08-28,,,,road,Blue Anchor Shipping,11,17
true,ACI Clinical Integ. & Insights,Battery Pack BP-08 Compact,6601356667.01-02,6.0,6601356667,4217.0,2026-08-31,2026-08-30,6601356667,53870185,bratislava,sk,leipzig dc,de,2026-08-28,,,,road,Blue Anchor Shipping,11,17
true,Clinical Measurements,CO2 Sensor Module Mainstream,6601556748.01-01,9.0,6601556748,8766.0,2026-08-25,2026-08-30,6601556748,59087472,shanghai,cn,leipzig dc,de,2026-07-31,2026-07-31,2026-08-08,2026-08-25,ocean,HubLine Cargo,1,17
true,Clinical Measurements,Service Cart Mobile Locking,6601556748.01-02,2.0,6601556748,2235.0,2026-08-25,2026-08-30,6601556748,59087472,shanghai,cn,leipzig dc,de,2026-07-31,2026-07-31,2026-08-08,2026-08-25,ocean,HubLine Cargo,1,17
true,Clinical Measurements,Ventilator Circuit Kit Adult,6601556748.01-03,11.0,6601556748,2808.0,2026-08-25,2026-08-30,6601556748,59087472,shanghai,cn,leipzig dc,de,2026-07-31,2026-07-31,2026-08-08,2026-08-25,ocean,HubLine Cargo,1,17
true,Clinical Measurements,NIBP Cuff Set Adult,6601556748.01-04,1.0,6601556748,1843.0,2026-08-25,2026-08-30,6601556748,59087472,shanghai,cn,leipzig dc,de,2026-07-31,2026-07-31,2026-08-08,2026-08-25,ocean,HubLine Cargo,1,17
true,EHM Equip,Ultrasound Probe Cardiac P4,6601320656.01-01,10.0,6601320656,6435.0,2026-09-29,2026-09-27,6601320656,59766978,hamburg,de,boeblingen dc,de,2026-09-27,2026-08-23,2026-08-24,2026-08-27,road,EuroCargo Express,13,15
true,EHM Equip,Battery Pack BP-08 Compact,6601320656.01-02,7.0,6601320656,2974.0,2026-09-29,2026-09-27,6601320656,59766978,hamburg,de,boeblingen dc,de,2026-09-27,2026-08-23,2026-08-24,2026-08-27,road,EuroCargo Express,13,15
true,EHM Equip,Wall Mount Arm Single Monitor,6601320656.01-03,12.0,6601320656,1166.0,2026-09-29,2026-09-27,6601320656,59766978,hamburg,de,boeblingen dc,de,2026-09-27,2026-08-23,2026-08-24,2026-08-27,road,EuroCargo Express,13,15
true,Speciality Monitoring,Central Station Display 24in,6601691894.01-01,2.0,6601691894,2471.0,2026-09-04,2026-09-04,6601691894,53171221,antwerp,be,leipzig dc,de,2026-09-01,2026-08-30,2026-08-31,,road,Meridian Air Cargo,8,17
true,Speciality Monitoring,Central Station Display 32in Curved,6601691894.01-02,4.0,6601691894,1697.0,2026-09-04,2026-09-04,6601691894,53171221,antwerp,be,leipzig dc,de,2026-09-01,2026-08-30,2026-08-31,,road,Meridian Air Cargo,8,17
true,Clinical Measurements,Central Station Display 27in,6600927775.01-01,4.0,6600927775,1918.0,2026-09-07,2026-09-13,6600927775,54054198,hamburg,de,herrsching dc,de,2026-09-05,,,,road,HubLine Cargo,13,16
true,Clinical Measurements,Vital Signs Monitor V200,6600927775.01-02,7.0,6600927775,3652.0,2026-09-07,2026-09-13,6600927775,54054198,hamburg,de,herrsching dc,de,2026-09-05,,,,road,HubLine Cargo,13,16
true,Clinical Measurements,Printer Module PM-3,6600927775.01-03,12.0,6600927775,1568.0,2026-09-07,2026-09-13,6600927775,54054198,hamburg,de,herrsching dc,de,2026-09-05,,,,road,HubLine Cargo,13,16
true,Clinical Measurements,Infusion Pump Docking Station Triple Bay,6600927775.01-04,10.0,6600927775,10256.0,2026-09-07,2026-09-13,6600927775,54054198,hamburg,de,herrsching dc,de,2026-09-05,,,,road,HubLine Cargo,13,16
true,EHM Equip,Defibrillator Pad Set Training,6601473859.01-01,10.0,6601473859,1651.0,2026-08-29,2026-09-04,6601473859,53576775,singapore,sg,leipzig dc,de,2026-08-06,2026-08-06,2026-08-13,2026-08-29,ocean,HubLine Cargo,3,17
true,EHM Equip,Temperature Probe Esophageal,6601473859.01-02,6.0,6601473859,533.0,2026-08-29,2026-09-04,6601473859,53576775,singapore,sg,leipzig dc,de,2026-08-06,2026-08-06,2026-08-13,2026-08-29,ocean,HubLine Cargo,3,17
true,EHM Equip,Network Interface Card Standard,6601473859.01-03,9.0,6601473859,3642.0,2026-08-29,2026-09-04,6601473859,53576775,singapore,sg,leipzig dc,de,2026-08-06,2026-08-06,2026-08-13,2026-08-29,ocean,HubLine Cargo,3,17
true,ACI Clinical Integ. & Insights,Infusion Pump IP-700 Dual,6601010746.01-01,12.0,6601010746,1497.0,2026-09-27,2026-09-28,6601010746,50308413,shanghai,cn,boeblingen dc,de,2026-09-01,2026-07-31,2026-08-08,2026-08-26,ocean,HubLine Cargo,1,15
true,ACI Clinical Integ. & Insights,Ultrasound Probe Cardiac P4,6601010746.01-02,3.0,6601010746,2217.0,2026-09-27,2026-09-28,6601010746,50308413,shanghai,cn,boeblingen dc,de,2026-09-01,2026-07-31,2026-08-08,2026-08-26,ocean,HubLine Cargo,1,15
true,ACI ICCA,SpO2 Sensor Disposable Adult,6601258410.01-01,10.0,6601258410,1805.0,2026-08-23,2026-08-21,6601258410,51469371,milan,it,herrsching dc,de,2026-08-20,2026-08-26,2026-08-27,2026-08-29,road,SwiftHaul GmbH,9,16
true,ACI ICCA,Vital Signs Monitor V200 Cart Mount,6601258410.01-02,11.0,6601258410,318.0,2026-08-23,2026-08-21,6601258410,51469371,milan,it,herrsching dc,de,2026-08-20,2026-08-26,2026-08-27,2026-08-29,road,SwiftHaul GmbH,9,16
true,ACI Clinical Integ. & Insights,Anesthesia Gas Module Compact 3-Gas,6601564651.01-01,1.0,6601564651,1384.0,2026-09-09,2026-09-16,6601564651,57840557,warsaw,pl,boeblingen dc,de,2026-09-05,2026-08-24,2026-08-25,2026-08-28,road,Blue Anchor Shipping,10,15
true,Next-Gen Acute Care Monitoring,Telemetry Transmitter T3,6600778358.01-01,2.0,6600778358,484.0,2026-08-14,2026-08-18,6600778358,59113821,hamburg,de,herrsching dc,de,2026-08-12,,,,road,Meridian Air Cargo,13,16
true,Next-Gen Acute Care Monitoring,Infusion Pump Docking Station Triple Bay,6600778358.01-02,7.0,6600778358,2963.0,2026-08-14,2026-08-18,6600778358,59113821,hamburg,de,herrsching dc,de,2026-08-12,,,,road,Meridian Air Cargo,13,16
true,ACI ICCA,Patient Monitor Gateway X1,6601699522.01-01,3.0,6601699522,7498.0,2026-10-03,2026-09-30,6601699522,58583527,shanghai,cn,herrsching dc,de,2026-09-06,2026-08-03,2026-08-12,2026-08-29,ocean,NorthStar Freight,1,16
true,EHM Equip,Patient Monitor Gateway X2 Wireless,6601497679.01-01,2.0,6601497679,1837.0,2026-09-05,2026-09-02,6601497679,50448132,milan,it,hamburg dc,de,2026-09-01,2026-08-31,2026-09-01,,road,Blue Anchor Shipping,9,14
true,Next-Gen Acute Care Monitoring,Defibrillator Pad Set Adult,6601224930.01-01,2.0,6601224930,3086.0,2026-08-23,2026-08-21,6601224930,55150066,rotterdam,nl,boeblingen dc,de,2026-08-19,2026-08-19,2026-08-20,2026-08-23,road,EuroCargo Express,7,15
true,Next-Gen Acute Care Monitoring,Printer Module PM-3 Thermal,6601224930.01-02,2.0,6601224930,3213.0,2026-08-23,2026-08-21,6601224930,55150066,rotterdam,nl,boeblingen dc,de,2026-08-19,2026-08-19,2026-08-20,2026-08-23,road,EuroCargo Express,7,15
true,Next-Gen Acute Care Monitoring,CO2 Sensor Module Mainstream,6601224930.01-03,10.0,6601224930,3291.0,2026-08-23,2026-08-21,6601224930,55150066,rotterdam,nl,boeblingen dc,de,2026-08-19,2026-08-19,2026-08-20,2026-08-23,road,EuroCargo Express,7,15
true,Next-Gen Acute Care Monitoring,Central Station Display 32in Curved,6601224930.01-04,7.0,6601224930,1633.0,2026-08-23,2026-08-21,6601224930,55150066,rotterdam,nl,boeblingen dc,de,2026-08-19,2026-08-19,2026-08-20,2026-08-23,road,EuroCargo Express,7,15
true,EHM Equip,Wall Mount Arm Single Monitor,6600808444.01-01,4.0,6600808444,289.0,2026-09-28,2026-09-30,6600808444,53106500,antwerp,be,hamburg dc,de,2026-09-26,2026-08-20,2026-08-21,2026-08-22,road,NorthStar Freight,8,14
true,EHM Equip,Central Monitoring Software License 40-Bed Enterprise,6600808444.01-02,3.0,6600808444,49.0,2026-09-28,2026-09-30,6600808444,53106500,antwerp,be,hamburg dc,de,2026-09-26,2026-08-20,2026-08-21,2026-08-22,road,NorthStar Freight,8,14
true,EHM Equip,Anesthesia Gas Module Compact 3-Gas,6600808444.01-03,8.0,6600808444,1298.0,2026-09-28,2026-09-30,6600808444,53106500,antwerp,be,hamburg dc,de,2026-09-26,2026-08-20,2026-08-21,2026-08-22,road,NorthStar Freight,8,14
true,EHM Equip,SpO2 Sensor Reusable Pediatric,6600808444.01-04,9.0,6600808444,1371.0,2026-09-28,2026-09-30,6600808444,53106500,antwerp,be,hamburg dc,de,2026-09-26,2026-08-20,2026-08-21,2026-08-22,road,NorthStar Freight,8,14
true,EHM Equip,Central Station Display 27in,6601127604.01-01,10.0,6601127604,4625.0,2026-09-05,2026-09-09,6601127604,50111440,shenzhen,cn,herrsching dc,de,2026-08-08,2026-08-02,2026-08-11,2026-08-30,ocean,SwiftHaul GmbH,2,16
true,EHM Equip,Defibrillator Pad Set Training,6601135076.01-01,3.0,6601135076,6102.0,2026-08-14,2026-08-17,6601135076,51736952,bratislava,sk,herrsching dc,de,2026-08-12,2026-08-12,2026-08-13,,road,EuroCargo Express,11,16
true,EHM Equip,Network Interface Card Standard,6601135076.01-02,8.0,6601135076,2207.0,2026-08-14,2026-08-17,6601135076,51736952,bratislava,sk,herrsching dc,de,2026-08-12,2026-08-12,2026-08-13,,road,EuroCargo Express,11,16
true,EHM Equip,Vital Signs Monitor V300 Wall Mount,6601135076.01-03,5.0,6601135076,7006.0,2026-08-14,2026-08-17,6601135076,51736952,bratislava,sk,herrsching dc,de,2026-08-12,2026-08-12,2026-08-13,,road,EuroCargo Express,11,16
true,Next-Gen Acute Care Monitoring,Wall Mount Arm Dual Monitor,6601471389.01-01,3.0,6601471389,1933.0,2026-09-22,2026-09-23,6601471389,50549077,los angeles,us,leipzig dc,de,2026-09-06,2026-08-30,2026-09-04,,air,Meridian Air Cargo,5,17
true,Next-Gen Acute Care Monitoring,Bedside Monitor Mount Rail Mount,6601471389.01-02,12.0,6601471389,818.0,2026-09-22,2026-09-23,6601471389,50549077,los angeles,us,leipzig dc,de,2026-09-06,2026-08-30,2026-09-04,,air,Meridian Air Cargo,5,17
true,Speciality Monitoring,Vital Signs Monitor V200 Cart Mount,6601557953.01-01,10.0,6601557953,1466.0,2026-09-29,2026-10-04,6601557953,55418795,bratislava,sk,hamburg dc,de,2026-09-26,2026-08-31,2026-09-01,,road,NorthStar Freight,11,14
true,Speciality Monitoring,Infusion Pump IP-500,6601487401.01-01,1.0,6601487401,732.0,2026-08-28,2026-09-02,6601487401,55624115,miami,us,herrsching dc,de,2026-08-12,2026-08-12,2026-08-17,,air,HubLine Cargo,6,16
true,Clinical Measurements,Ultrasound Probe Convex C5,6601680230.01-01,6.0,6601680230,2108.0,2026-09-25,2026-09-30,6601680230,53796188,hamburg,de,boeblingen dc,de,2026-09-23,2026-08-19,2026-08-20,2026-08-21,road,SwiftHaul GmbH,13,15
true,Clinical Measurements,ECG Lead Set 5-wire,6601680230.01-02,5.0,6601680230,677.0,2026-09-25,2026-09-30,6601680230,53796188,hamburg,de,boeblingen dc,de,2026-09-23,2026-08-19,2026-08-20,2026-08-21,road,SwiftHaul GmbH,13,15
true,EHM Equip,SpO2 Sensor Reusable Pediatric,6600778314.01-01,3.0,6600778314,624.0,2026-10-08,2026-10-08,6600778314,58608607,hamburg,de,boeblingen dc,de,2026-10-06,2026-08-31,2026-09-01,,road,EuroCargo Express,13,15
true,EHM Equip,Patient Monitor Gateway X2 Wireless,6600778314.01-02,8.0,6600778314,2369.0,2026-10-08,2026-10-08,6600778314,58608607,hamburg,de,boeblingen dc,de,2026-10-06,2026-08-31,2026-09-01,,road,EuroCargo Express,13,15
true,EHM Equip,Infusion Pump Docking Station Triple Bay,6600778314.01-03,6.0,6600778314,3576.0,2026-10-08,2026-10-08,6600778314,58608607,hamburg,de,boeblingen dc,de,2026-10-06,2026-08-31,2026-09-01,,road,EuroCargo Express,13,15
true,EHM Equip,Battery Pack BP-12,6600778314.01-04,12.0,6600778314,556.0,2026-10-08,2026-10-08,6600778314,58608607,hamburg,de,boeblingen dc,de,2026-10-06,2026-08-31,2026-09-01,,road,EuroCargo Express,13,15
true,ACI Clinical Integ. & Insights,Patient Cable ECG 5-lead 3m,6601065259.01-01,7.0,6601065259,2362.0,2026-08-24,2026-08-31,6601065259,57029478,shanghai,cn,boeblingen dc,de,2026-07-29,2026-07-29,2026-08-06,2026-08-24,ocean,Meridian Air Cargo,1,15
true,Clinical Measurements,Vital Signs Monitor V300 Wall Mount,6601248208.01-01,9.0,6601248208,3274.0,2026-08-17,2026-08-14,6601248208,54231856,hamburg,de,herrsching dc,de,2026-08-15,2026-08-15,2026-08-16,,road,Meridian Air Cargo,13,16
true,EHM Equip,Multi-Param Sensor Module MP-5,6601619319.01-01,7.0,6601619319,1371.0,2026-08-24,2026-08-27,6601619319,50605337,shenzhen,cn,herrsching dc,de,2026-07-27,,,,ocean,Blue Anchor Shipping,2,16
true,EHM Equip,Infusion Pump Docking Station Single Bay,6601619319.01-02,2.0,6601619319,3883.0,2026-08-24,2026-08-27,6601619319,50605337,shenzhen,cn,herrsching dc,de,2026-07-27,,,,ocean,Blue Anchor Shipping,2,16
true,Clinical Measurements,Multi-Param Sensor Module MP-5,6601458036.01-01,11.0,6601458036,8827.0,2026-09-16,2026-09-19,6601458036,58444225,antwerp,be,boeblingen dc,de,2026-09-12,2026-08-24,2026-08-25,2026-08-28,road,SwiftHaul GmbH,8,15
true,Clinical Measurements,ECG Lead Set 12-wire Diagnostic,6601458036.01-02,4.0,6601458036,393.0,2026-09-16,2026-09-19,6601458036,58444225,antwerp,be,boeblingen dc,de,2026-09-12,2026-08-24,2026-08-25,2026-08-28,road,SwiftHaul GmbH,8,15
true,Clinical Measurements,Multi-Param Sensor Module MP-5,6601444785.01-01,10.0,6601444785,469.0,2026-09-11,2026-09-11,6601444785,55692859,shanghai,cn,boeblingen dc,de,2026-08-16,,,,ocean,HubLine Cargo,1,15
true,Clinical Measurements,Calibration Kit Standard,6601550351.01-01,12.0,6601550351,2306.0,2026-10-13,2026-10-15,6601550351,54171745,milan,it,boeblingen dc,de,2026-10-10,2026-08-25,2026-08-26,2026-08-29,road,Meridian Air Cargo,9,15
true,Next-Gen Acute Care Monitoring,Ventilator Circuit Kit Adult,6600737632.01-01,5.0,6600737632,6088.0,2026-10-01,2026-10-08,6600737632,51173012,warsaw,pl,leipzig dc,de,2026-09-29,,,,road,SwiftHaul GmbH,10,17
true,Next-Gen Acute Care Monitoring,Temperature Probe Esophageal,6600737632.01-02,5.0,6600737632,2623.0,2026-10-01,2026-10-08,6600737632,51173012,warsaw,pl,leipzig dc,de,2026-09-29,,,,road,SwiftHaul GmbH,10,17
true,EHM Equip,NIBP Cuff Set Adult,6601058064.01-01,8.0,6601058064,95.0,2026-08-11,2026-08-08,6601058064,50523640,los angeles,us,boeblingen dc,de,2026-07-25,2026-07-26,2026-07-31,,air,HubLine Cargo,5,15
true,ACI Clinical Integ. & Insights,CO2 Sensor Module Sidestream,6600906382.01-01,1.0,6600906382,3457.0,2026-09-09,2026-09-11,6600906382,56605552,hamburg,de,herrsching dc,de,2026-09-07,2026-08-19,2026-08-20,2026-08-21,road,SwiftHaul GmbH,13,16
true,ACI Clinical Integ. & Insights,Telemetry Transmitter T3 Mini,6600783878.01-01,11.0,6600783878,11689.0,2026-09-24,2026-09-27,6600783878,59946470,lyon,fr,herrsching dc,de,2026-09-21,,,,road,SwiftHaul GmbH,12,16
true,Speciality Monitoring,SpO2 Sensor Disposable Adult,6601362920.01-01,7.0,6601362920,3346.0,2026-09-22,2026-09-25,6601362920,51526657,antwerp,be,leipzig dc,de,2026-09-19,,,,road,Meridian Air Cargo,8,17
true,Speciality Monitoring,Telemetry Transmitter T5 Dual-Channel,6601362920.01-02,9.0,6601362920,506.0,2026-09-22,2026-09-25,6601362920,51526657,antwerp,be,leipzig dc,de,2026-09-19,,,,road,Meridian Air Cargo,8,17
true,Speciality Monitoring,Telemetry Transmitter T3,6601362920.01-03,7.0,6601362920,398.0,2026-09-22,2026-09-25,6601362920,51526657,antwerp,be,leipzig dc,de,2026-09-19,,,,road,Meridian Air Cargo,8,17
true,Speciality Monitoring,Defibrillator Pad Set Training,6601362920.01-04,12.0,6601362920,2356.0,2026-09-22,2026-09-25,6601362920,51526657,antwerp,be,leipzig dc,de,2026-09-19,,,,road,Meridian Air Cargo,8,17
true,ACI Clinical Integ. & Insights,ECG Lead Set 5-wire,6600903069.01-01,1.0,6600903069,3721.0,2026-08-17,2026-08-17,6600903069,57243753,shanghai,cn,herrsching dc,de,2026-07-21,2026-07-21,2026-07-30,,ocean,Meridian Air Cargo,1,16
true,ACI Clinical Integ. & Insights,Ventilator Circuit Kit Neonatal,6601120929.01-01,1.0,6601120929,3795.0,2026-08-24,2026-08-30,6601120929,59292144,hamburg,de,boeblingen dc,de,2026-08-22,2026-08-22,2026-08-23,,road,EuroCargo Express,13,15
true,ACI Clinical Integ. & Insights,Telemetry Transmitter T3,6601120929.01-02,8.0,6601120929,962.0,2026-08-24,2026-08-30,6601120929,59292144,hamburg,de,boeblingen dc,de,2026-08-22,2026-08-22,2026-08-23,,road,EuroCargo Express,13,15
true,ACI Clinical Integ. & Insights,Central Monitoring Software License 10-Bed,6601120929.01-03,6.0,6601120929,318.0,2026-08-24,2026-08-30,6601120929,59292144,hamburg,de,boeblingen dc,de,2026-08-22,2026-08-22,2026-08-23,,road,EuroCargo Express,13,15
true,EHM Equip,Central Monitoring Software License 20-Bed,6601444298.01-01,6.0,6601444298,2406.0,2026-10-03,2026-09-30,6601444298,53382898,shenzhen,cn,herrsching dc,de,2026-09-05,,,,ocean,EuroCargo Express,2,16
true,EHM Equip,Temperature Probe Rectal,6601444298.01-02,10.0,6601444298,677.0,2026-10-03,2026-09-30,6601444298,53382898,shenzhen,cn,herrsching dc,de,2026-09-05,,,,ocean,EuroCargo Express,2,16
true,EHM Equip,Ultrasound Probe Convex C5,6601444298.01-03,2.0,6601444298,3867.0,2026-10-03,2026-09-30,6601444298,53382898,shenzhen,cn,herrsching dc,de,2026-09-05,,,,ocean,EuroCargo Express,2,16
true,EHM Equip,Defibrillator Pad Set Training,6601304586.01-01,3.0,6601304586,2761.0,2026-08-21,2026-08-20,6601304586,59073944,singapore,sg,hamburg dc,de,2026-07-30,2026-08-01,2026-08-08,2026-08-23,ocean,HubLine Cargo,3,14
true,EHM Equip,Defibrillator Pad Set Training,6600779780.01-01,4.0,6600779780,2238.0,2026-08-19,2026-08-25,"6600779780,6601436622",54000419,bratislava,sk,boeblingen dc,de,2026-08-17,2026-08-16,2026-08-17,2026-08-18,road,Blue Anchor Shipping,11,15
true,EHM Equip,Service Cart Mobile Locking,6600779780.01-02,4.0,6600779780,2249.0,2026-08-19,2026-08-25,"6600779780,6601436622",54000419,bratislava,sk,boeblingen dc,de,2026-08-17,2026-08-16,2026-08-17,2026-08-18,road,Blue Anchor Shipping,11,15
true,Speciality Monitoring,NIBP Cuff Set Neonatal,6601436622.01-01,6.0,6601436622,4648.0,2026-09-30,2026-10-04,"6600779780,6601436622",54000419,bratislava,sk,boeblingen dc,de,2026-08-17,2026-08-16,2026-08-17,2026-08-18,road,Blue Anchor Shipping,11,15
true,EHM Equip,Patient Monitor Gateway X2 Wireless,6601357340.01-01,4.0,6601357340,1972.0,2026-10-06,2026-10-13,6601357340,59529190,milan,it,boeblingen dc,de,2026-10-03,2026-08-21,2026-08-22,2026-08-24,road,Blue Anchor Shipping,9,15
true,ACI ICCA,NIBP Cuff Set Neonatal,6600763147.01-01,3.0,6600763147,4261.0,2026-10-01,2026-10-02,6600763147,54937018,singapore,sg,hamburg dc,de,2026-09-09,,,,ocean,Blue Anchor Shipping,3,14
true,ACI ICCA,Printer Module PM-3,6600763147.01-02,4.0,6600763147,871.0,2026-10-01,2026-10-02,6600763147,54937018,singapore,sg,hamburg dc,de,2026-09-09,,,,ocean,Blue Anchor Shipping,3,14
true,Clinical Measurements,Battery Pack BP-12,6601116212.01-01,1.0,6601116212,961.0,2026-08-26,2026-08-30,6601116212,55858329,shenzhen,cn,leipzig dc,de,2026-07-31,2026-07-30,2026-08-07,,ocean,NorthStar Freight,2,17
true,Clinical Measurements,Multi-Param Sensor Module MP-3 Compact,6601116212.01-02,6.0,6601116212,4505.0,2026-08-26,2026-08-30,6601116212,55858329,shenzhen,cn,leipzig dc,de,2026-07-31,2026-07-30,2026-08-07,,ocean,NorthStar Freight,2,17
true,Next-Gen Acute Care Monitoring,Defibrillator Pad Set Training,6601615838.01-01,1.0,6601615838,2587.0,2026-09-27,2026-10-02,"6601683542,6601615838",55263661,milan,it,leipzig dc,de,2026-08-12,2026-08-12,2026-08-13,2026-08-16,road,SwiftHaul GmbH,9,17
true,EHM Equip,ECG Lead Set 3-wire,6601683542.01-01,10.0,6601683542,6119.0,2026-08-16,2026-08-18,"6601683542,6601615838",55263661,milan,it,leipzig dc,de,2026-08-12,2026-08-12,2026-08-13,2026-08-16,road,SwiftHaul GmbH,9,17
true,EHM Equip,Ultrasound Probe Convex C5,6601683542.01-02,7.0,6601683542,5541.0,2026-08-16,2026-08-18,"6601683542,6601615838",55263661,milan,it,leipzig dc,de,2026-08-12,2026-08-12,2026-08-13,2026-08-16,road,SwiftHaul GmbH,9,17
true,EHM Equip,NIBP Cuff Set Pediatric,6600961418.01-01,2.0,6600961418,55.0,2026-10-13,2026-10-12,6600961418,56450588,hamburg,de,boeblingen dc,de,2026-10-11,2026-08-23,2026-08-24,2026-08-26,road,Blue Anchor Shipping,13,15
true,EHM Equip,Bedside Monitor Mount Rail Mount,6600961418.01-02,3.0,6600961418,442.0,2026-10-13,2026-10-12,6600961418,56450588,hamburg,de,boeblingen dc,de,2026-10-11,2026-08-23,2026-08-24,2026-08-26,road,Blue Anchor Shipping,13,15
true,ACI Clinical Integ. & Insights,ECG Lead Set 5-wire Reusable,6600916456.01-01,8.0,6600916456,2689.0,2026-10-13,2026-10-20,"6601397230,6600916456",59572831,lyon,fr,boeblingen dc,de,2026-09-22,2026-08-28,2026-08-29,2026-08-30,road,HubLine Cargo,12,15
true,Speciality Monitoring,Vital Signs Monitor V200,6601397230.01-01,7.0,6601397230,2057.0,2026-09-24,2026-09-24,"6601397230,6600916456",59572831,lyon,fr,boeblingen dc,de,2026-09-22,2026-08-28,2026-08-29,2026-08-30,road,HubLine Cargo,12,15
true,ACI ICCA,Central Station Display 32in Curved,6600732453.01-01,6.0,6600732453,737.0,2026-09-07,2026-09-08,"6600743079,6600732453",59981923,shanghai,cn,leipzig dc,de,2026-08-13,2026-07-27,2026-08-04,2026-08-22,ocean,EuroCargo Express,1,17
true,EHM Equip,Central Monitoring Software License 10-Bed,6600743079.01-01,5.0,6600743079,148.0,2026-09-19,2026-09-26,"6600743079,6600732453",59981923,shanghai,cn,leipzig dc,de,2026-08-13,2026-07-27,2026-08-04,2026-08-22,ocean,EuroCargo Express,1,17
true,Clinical Measurements,Central Monitoring Software License 40-Bed Enterprise,6601187151.01-01,6.0,6601187151,2435.0,2026-09-16,2026-09-18,6601187151,55967675,milan,it,leipzig dc,de,2026-09-12,2026-08-17,2026-08-18,2026-08-23,road,HubLine Cargo,9,17
true,Clinical Measurements,Wall Mount Arm Single Monitor,6601187151.01-02,8.0,6601187151,3152.0,2026-09-16,2026-09-18,6601187151,55967675,milan,it,leipzig dc,de,2026-09-12,2026-08-17,2026-08-18,2026-08-23,road,HubLine Cargo,9,17
true,Clinical Measurements,SpO2 Sensor Disposable Adult,6601187151.01-03,4.0,6601187151,2844.0,2026-09-16,2026-09-18,6601187151,55967675,milan,it,leipzig dc,de,2026-09-12,2026-08-17,2026-08-18,2026-08-23,road,HubLine Cargo,9,17
true,EHM Equip,Network Interface Card Standard,6600875965.01-01,4.0,6600875965,4591.0,2026-09-19,2026-09-23,6600875965,59812624,lyon,fr,leipzig dc,de,2026-09-16,,,,road,Blue Anchor Shipping,12,17
true,EHM Equip,Infusion Pump IP-700 Dual,6600875965.01-02,10.0,6600875965,5646.0,2026-09-19,2026-09-23,6600875965,59812624,lyon,fr,leipzig dc,de,2026-09-16,,,,road,Blue Anchor Shipping,12,17
true,ACI Clinical Integ. & Insights,NIBP Cuff Set Adult,6601199717.01-01,12.0,6601199717,3591.0,2026-09-16,2026-09-19,6601199717,52093729,hamburg,de,leipzig dc,de,2026-09-15,2026-08-22,2026-08-23,2026-08-27,road,SwiftHaul GmbH,13,17
true,ACI Clinical Integ. & Insights,Temperature Probe Esophageal,6601199717.01-02,6.0,6601199717,3645.0,2026-09-16,2026-09-19,6601199717,52093729,hamburg,de,leipzig dc,de,2026-09-15,2026-08-22,2026-08-23,2026-08-27,road,SwiftHaul GmbH,13,17
true,Next-Gen Acute Care Monitoring,Vital Signs Monitor V300 Touch,6601362812.01-01,11.0,6601362812,6712.0,2026-09-03,2026-09-01,6601362812,52996305,miami,us,herrsching dc,de,2026-08-18,2026-08-10,2026-08-15,2026-08-26,air,HubLine Cargo,6,16
true,Next-Gen Acute Care Monitoring,NIBP Cuff Set Adult Long,6601362812.01-02,7.0,6601362812,2994.0,2026-09-03,2026-09-01,6601362812,52996305,miami,us,herrsching dc,de,2026-08-18,2026-08-10,2026-08-15,2026-08-26,air,HubLine Cargo,6,16
true,ACI Clinical Integ. & Insights,Anesthesia Gas Module Standard 5-Gas,6601205755.01-01,5.0,6601205755,3763.0,2026-09-02,2026-09-01,"6601470095,6601205755",55280972,warsaw,pl,hamburg dc,de,2026-08-30,2026-08-23,2026-08-24,2026-08-26,road,Blue Anchor Shipping,10,14
true,ACI Clinical Integ. & Insights,Vital Signs Monitor V200 Cart Mount,6601205755.01-02,5.0,6601205755,43.0,2026-09-02,2026-09-01,"6601470095,6601205755",55280972,warsaw,pl,hamburg dc,de,2026-08-30,2026-08-23,2026-08-24,2026-08-26,road,Blue Anchor Shipping,10,14
true,EHM Equip,Defibrillator Pad Set Adult,6601470095.01-01,10.0,6601470095,5367.0,2026-10-13,2026-10-12,"6601470095,6601205755",55280972,warsaw,pl,hamburg dc,de,2026-08-30,2026-08-23,2026-08-24,2026-08-26,road,Blue Anchor Shipping,10,14
true,EHM Equip,Central Monitoring Software License 40-Bed Enterprise,6601470095.01-02,2.0,6601470095,2514.0,2026-10-13,2026-10-12,"6601470095,6601205755",55280972,warsaw,pl,hamburg dc,de,2026-08-30,2026-08-23,2026-08-24,2026-08-26,road,Blue Anchor Shipping,10,14
true,Clinical Measurements,SpO2 Sensor Reusable Adult,6600779611.01-01,3.0,6600779611,5673.0,2026-09-18,2026-09-15,6600779611,58785591,antwerp,be,herrsching dc,de,2026-09-14,2026-08-29,2026-08-30,,road,EuroCargo Express,8,16
true,Next-Gen Acute Care Monitoring,Vital Signs Monitor V300 Touch,6600888178.01-01,6.0,6600888178,4242.0,2026-09-28,2026-09-30,6600888178,57034270,shanghai,cn,leipzig dc,de,2026-09-03,2026-07-27,2026-08-04,2026-08-21,ocean,Meridian Air Cargo,1,17
true,Next-Gen Acute Care Monitoring,Temperature Probe Rectal,6600888178.01-02,7.0,6600888178,2673.0,2026-09-28,2026-09-30,6600888178,57034270,shanghai,cn,leipzig dc,de,2026-09-03,2026-07-27,2026-08-04,2026-08-21,ocean,Meridian Air Cargo,1,17
true,Next-Gen Acute Care Monitoring,Battery Pack BP-12,6600888178.01-03,5.0,6600888178,3713.0,2026-09-28,2026-09-30,6600888178,57034270,shanghai,cn,leipzig dc,de,2026-09-03,2026-07-27,2026-08-04,2026-08-21,ocean,Meridian Air Cargo,1,17
true,Speciality Monitoring,Wall Mount Arm Dual Monitor,6600716458.01-01,2.0,6600716458,4302.0,2026-08-16,2026-08-17,6600716458,52473771,milan,it,leipzig dc,de,2026-08-12,,,,road,HubLine Cargo,9,17
true,ACI Clinical Integ. & Insights,Infusion Pump IP-700 Dual,6600767688.01-01,12.0,6600767688,2231.0,2026-09-03,2026-09-07,6600767688,53953624,shenzhen,cn,herrsching dc,de,2026-08-06,,,,ocean,NorthStar Freight,2,16
true,EHM Equip,Ultrasound Probe Cardiac P4,6600966467.01-01,12.0,6600966467,2887.0,2026-08-31,2026-09-06,6600966467,51066737,los angeles,us,boeblingen dc,de,2026-08-14,2026-08-12,2026-08-17,2026-08-29,air,EuroCargo Express,5,15
true,EHM Equip,Vital Signs Monitor V200,6600966467.01-02,11.0,6600966467,8543.0,2026-08-31,2026-09-06,6600966467,51066737,los angeles,us,boeblingen dc,de,2026-08-14,2026-08-12,2026-08-17,2026-08-29,air,EuroCargo Express,5,15
true,EHM Equip,SpO2 Sensor Reusable Pediatric,6600934815.01-01,12.0,6600934815,757.0,2026-08-22,2026-08-24,6600934815,54135991,chicago,us,leipzig dc,de,2026-08-09,2026-08-09,2026-08-13,2026-08-22,air,HubLine Cargo,4,17
true,Next-Gen Acute Care Monitoring,Patient Cable SpO2 Extension 2m,6601068756.01-01,7.0,6601068756,837.0,2026-09-14,2026-09-20,6601068756,58636694,chicago,us,herrsching dc,de,2026-08-31,2026-08-16,2026-08-20,2026-08-31,air,NorthStar Freight,4,16
true,Next-Gen Acute Care Monitoring,Printer Module PM-3 Thermal,6601068756.01-02,6.0,6601068756,14969.0,2026-09-14,2026-09-20,6601068756,58636694,chicago,us,herrsching dc,de,2026-08-31,2026-08-16,2026-08-20,2026-08-31,air,NorthStar Freight,4,16
true,Clinical Measurements,Calibration Kit Standard,6600762866.01-01,11.0,6600762866,1184.0,2026-09-24,2026-09-24,6600762866,52614175,milan,it,herrsching dc,de,2026-09-21,2026-08-31,2026-09-01,,road,EuroCargo Express,9,16
true,Clinical Measurements,Temperature Probe Skin,6600762866.01-02,8.0,6600762866,691.0,2026-09-24,2026-09-24,6600762866,52614175,milan,it,herrsching dc,de,2026-09-21,2026-08-31,2026-09-01,,road,EuroCargo Express,9,16
true,EHM Equip,SpO2 Sensor Reusable Pediatric,6601355713.01-01,7.0,6601355713,10888.0,2026-09-02,2026-09-01,"6601355713,6601477217",51612542,lyon,fr,leipzig dc,de,2026-08-30,2026-08-27,2026-08-28,2026-08-31,road,HubLine Cargo,12,17
true,EHM Equip,Ventilator Circuit Kit Neonatal,6601355713.01-02,11.0,6601355713,455.0,2026-09-02,2026-09-01,"6601355713,6601477217",51612542,lyon,fr,leipzig dc,de,2026-08-30,2026-08-27,2026-08-28,2026-08-31,road,HubLine Cargo,12,17
true,EHM Equip,Temperature Probe Skin,6601355713.01-03,2.0,6601355713,1775.0,2026-09-02,2026-09-01,"6601355713,6601477217",51612542,lyon,fr,leipzig dc,de,2026-08-30,2026-08-27,2026-08-28,2026-08-31,road,HubLine Cargo,12,17
true,EHM Equip,SpO2 Sensor Reusable Pediatric,6601477217.01-01,9.0,6601477217,12477.0,2026-09-15,2026-09-14,"6601355713,6601477217",51612542,lyon,fr,leipzig dc,de,2026-08-30,2026-08-27,2026-08-28,2026-08-31,road,HubLine Cargo,12,17
true,EHM Equip,Vital Signs Monitor V300 Touch,6601477217.01-02,6.0,6601477217,2895.0,2026-09-15,2026-09-14,"6601355713,6601477217",51612542,lyon,fr,leipzig dc,de,2026-08-30,2026-08-27,2026-08-28,2026-08-31,road,HubLine Cargo,12,17
true,EHM Equip,NIBP Cuff Set Adult,6601477217.01-03,9.0,6601477217,3896.0,2026-09-15,2026-09-14,"6601355713,6601477217",51612542,lyon,fr,leipzig dc,de,2026-08-30,2026-08-27,2026-08-28,2026-08-31,road,HubLine Cargo,12,17
true,EHM Equip,Ventilator Circuit Kit Neonatal,6601477217.01-04,7.0,6601477217,258.0,2026-09-15,2026-09-14,"6601355713,6601477217",51612542,lyon,fr,leipzig dc,de,2026-08-30,2026-08-27,2026-08-28,2026-08-31,road,HubLine Cargo,12,17
true,EHM Equip,Multi-Param Sensor Module MP-5,6600701801.01-01,10.0,6600701801,2492.0,2026-09-29,2026-09-26,"6600701801,6600970634",54239984,rotterdam,nl,hamburg dc,de,2026-08-18,2026-08-18,2026-08-19,,road,Meridian Air Cargo,7,14
true,ACI ICCA,NIBP Cuff Set Adult Long,6600970634.01-01,9.0,6600970634,131.0,2026-08-20,2026-08-23,"6600701801,6600970634",54239984,rotterdam,nl,hamburg dc,de,2026-08-18,2026-08-18,2026-08-19,,road,Meridian Air Cargo,7,14
true,ACI ICCA,Infusion Pump Docking Station Triple Bay,6600970634.01-02,1.0,6600970634,791.0,2026-08-20,2026-08-23,"6600701801,6600970634",54239984,rotterdam,nl,hamburg dc,de,2026-08-18,2026-08-18,2026-08-19,,road,Meridian Air Cargo,7,14
true,ACI ICCA,Ultrasound Probe Linear L12,6600970634.01-03,2.0,6600970634,2059.0,2026-08-20,2026-08-23,"6600701801,6600970634",54239984,rotterdam,nl,hamburg dc,de,2026-08-18,2026-08-18,2026-08-19,,road,Meridian Air Cargo,7,14
true,EHM Equip,Defibrillator Pad Set Training,6601562068.01-01,7.0,6601562068,3479.0,2026-08-12,2026-08-14,6601562068,52456894,rotterdam,nl,boeblingen dc,de,2026-08-08,2026-08-08,2026-08-09,2026-08-12,road,HubLine Cargo,7,15
true,EHM Equip,Bedside Monitor Mount Rail Mount,6601562068.01-02,1.0,6601562068,3607.0,2026-08-12,2026-08-14,6601562068,52456894,rotterdam,nl,boeblingen dc,de,2026-08-08,2026-08-08,2026-08-09,2026-08-12,road,HubLine Cargo,7,15
true,ACI Clinical Integ. & Insights,ECG Lead Set 3-wire,6600728082.01-01,8.0,6600728082,3827.0,2026-09-03,2026-09-02,6600728082,58117814,warsaw,pl,herrsching dc,de,2026-08-30,2026-08-24,2026-08-25,2026-08-30,road,Meridian Air Cargo,10,16
true,Next-Gen Acute Care Monitoring,Telemetry Transmitter T3,6601130672.01-01,2.0,6601130672,1912.0,2026-08-28,2026-08-25,6601130672,50312653,antwerp,be,herrsching dc,de,2026-08-24,2026-08-26,2026-08-27,,road,SwiftHaul GmbH,8,16
true,Next-Gen Acute Care Monitoring,Bedside Monitor Mount Rail Mount,6601130672.01-02,2.0,6601130672,1121.0,2026-08-28,2026-08-25,6601130672,50312653,antwerp,be,herrsching dc,de,2026-08-24,2026-08-26,2026-08-27,,road,SwiftHaul GmbH,8,16
true,Next-Gen Acute Care Monitoring,Vital Signs Monitor V300 Touch,6601130672.01-03,4.0,6601130672,927.0,2026-08-28,2026-08-25,6601130672,50312653,antwerp,be,herrsching dc,de,2026-08-24,2026-08-26,2026-08-27,,road,SwiftHaul GmbH,8,16
true,EHM Equip,Printer Module PM-3 Thermal,6601282848.01-01,10.0,6601282848,3608.0,2026-10-13,2026-10-20,6601282848,59619163,chicago,us,herrsching dc,de,2026-09-29,,,,air,Blue Anchor Shipping,4,16
true,EHM Equip,NIBP Cuff Set Neonatal,6601282848.01-02,11.0,6601282848,3337.0,2026-10-13,2026-10-20,6601282848,59619163,chicago,us,herrsching dc,de,2026-09-29,,,,air,Blue Anchor Shipping,4,16
true,EHM Equip,Battery Pack BP-08 Compact,6601282848.01-03,7.0,6601282848,783.0,2026-10-13,2026-10-20,6601282848,59619163,chicago,us,herrsching dc,de,2026-09-29,,,,air,Blue Anchor Shipping,4,16
true,EHM Equip,NIBP Cuff Set Thigh,6601282848.01-04,10.0,6601282848,2265.0,2026-10-13,2026-10-20,6601282848,59619163,chicago,us,herrsching dc,de,2026-09-29,,,,air,Blue Anchor Shipping,4,16
true,EHM Equip,Central Station Display 27in,6601442088.01-01,9.0,6601442088,2025.0,2026-10-10,2026-10-16,6601442088,51603148,rotterdam,nl,herrsching dc,de,2026-10-06,2026-08-18,2026-08-19,2026-08-23,road,HubLine Cargo,7,16
true,EHM Equip,CO2 Sensor Module Sidestream,6601038621.01-01,2.0,6601038621,7858.0,2026-09-11,2026-09-14,6601038621,50594177,singapore,sg,herrsching dc,de,2026-08-17,2026-07-31,2026-08-08,2026-08-25,ocean,SwiftHaul GmbH,3,16
true,EHM Equip,CO2 Sensor Module Mainstream,6601038621.01-02,5.0,6601038621,2935.0,2026-09-11,2026-09-14,6601038621,50594177,singapore,sg,herrsching dc,de,2026-08-17,2026-07-31,2026-08-08,2026-08-25,ocean,SwiftHaul GmbH,3,16
true,EHM Equip,Vital Signs Monitor V200,6601388573.01-01,9.0,6601388573,3642.0,2026-10-07,2026-10-06,6601388573,54215745,lyon,fr,boeblingen dc,de,2026-10-05,2026-08-29,2026-08-30,,road,Meridian Air Cargo,12,15
true,EHM Equip,Service Cart Mobile Standard,6601388573.01-02,9.0,6601388573,4477.0,2026-10-07,2026-10-06,6601388573,54215745,lyon,fr,boeblingen dc,de,2026-10-05,2026-08-29,2026-08-30,,road,Meridian Air Cargo,12,15
true,EHM Equip,ECG Lead Set 5-wire,6601210783.01-01,11.0,6601210783,3803.0,2026-09-24,2026-09-28,6601210783,52609656,hamburg,de,leipzig dc,de,2026-09-23,2026-08-29,2026-08-30,2026-08-30,road,NorthStar Freight,13,17
true,EHM Equip,Defibrillator Pad Set Pediatric,6600724920.01-01,3.0,6600724920,20.0,2026-08-16,2026-08-17,"6600724920,6601177291",52593438,miami,us,leipzig dc,de,2026-08-01,2026-08-01,2026-08-06,2026-08-16,air,HubLine Cargo,6,17
true,EHM Equip,Ultrasound Probe Cardiac P4,6600724920.01-02,7.0,6600724920,2703.0,2026-08-16,2026-08-17,"6600724920,6601177291",52593438,miami,us,leipzig dc,de,2026-08-01,2026-08-01,2026-08-06,2026-08-16,air,HubLine Cargo,6,17
true,EHM Equip,Ventilator Circuit Kit Reusable Adult,6600724920.01-03,3.0,6600724920,637.0,2026-08-16,2026-08-17,"6600724920,6601177291",52593438,miami,us,leipzig dc,de,2026-08-01,2026-08-01,2026-08-06,2026-08-16,air,HubLine Cargo,6,17
true,EHM Equip,Network Interface Card Standard,6601177291.01-01,8.0,6601177291,3471.0,2026-10-10,2026-10-16,"6600724920,6601177291",52593438,miami,us,leipzig dc,de,2026-08-01,2026-08-01,2026-08-06,2026-08-16,air,HubLine Cargo,6,17
true,EHM Equip,Temperature Probe Esophageal,6601177291.01-02,4.0,6601177291,6313.0,2026-10-10,2026-10-16,"6600724920,6601177291",52593438,miami,us,leipzig dc,de,2026-08-01,2026-08-01,2026-08-06,2026-08-16,air,HubLine Cargo,6,17
true,ACI Clinical Integ. & Insights,Vital Signs Monitor V300 Wall Mount,6600865577.01-01,9.0,6600865577,429.0,2026-09-09,2026-09-14,6600865577,52871791,miami,us,leipzig dc,de,2026-08-25,2026-08-11,2026-08-16,2026-08-27,air,SwiftHaul GmbH,6,17
true,ACI Clinical Integ. & Insights,Central Station Display 32in Curved,6600865577.01-02,6.0,6600865577,1678.0,2026-09-09,2026-09-14,6600865577,52871791,miami,us,leipzig dc,de,2026-08-25,2026-08-11,2026-08-16,2026-08-27,air,SwiftHaul GmbH,6,17
true,ACI Clinical Integ. & Insights,Multi-Param Sensor Module MP-5,6601003432.01-01,1.0,6601003432,771.0,2026-10-04,2026-10-03,6601003432,55364066,antwerp,be,boeblingen dc,de,2026-09-30,2026-08-31,2026-09-01,,road,SwiftHaul GmbH,8,15
true,Clinical Measurements,Wall Mount Arm Single Monitor,6600737520.01-01,5.0,6600737520,4609.0,2026-09-21,2026-09-20,"6601171181,6600737520",56797966,rotterdam,nl,herrsching dc,de,2026-08-28,2026-08-22,2026-08-23,2026-08-26,road,NorthStar Freight,7,16
true,Clinical Measurements,Defibrillator Pad Set Training,6600737520.01-02,9.0,6600737520,38.0,2026-09-21,2026-09-20,"6601171181,6600737520",56797966,rotterdam,nl,herrsching dc,de,2026-08-28,2026-08-22,2026-08-23,2026-08-26,road,NorthStar Freight,7,16
true,Clinical Measurements,NIBP Cuff Set Pediatric,6600737520.01-03,9.0,6600737520,212.0,2026-09-21,2026-09-20,"6601171181,6600737520",56797966,rotterdam,nl,herrsching dc,de,2026-08-28,2026-08-22,2026-08-23,2026-08-26,road,NorthStar Freight,7,16
true,Clinical Measurements,CO2 Sensor Module Sidestream,6600737520.01-04,3.0,6600737520,1505.0,2026-09-21,2026-09-20,"6601171181,6600737520",56797966,rotterdam,nl,herrsching dc,de,2026-08-28,2026-08-22,2026-08-23,2026-08-26,road,NorthStar Freight,7,16
true,Clinical Measurements,SpO2 Sensor Disposable Adult,6601171181.01-01,2.0,6601171181,1883.0,2026-09-01,2026-09-01,"6601171181,6600737520",56797966,rotterdam,nl,herrsching dc,de,2026-08-28,2026-08-22,2026-08-23,2026-08-26,road,NorthStar Freight,7,16
true,Clinical Measurements,Central Station Display 24in,6601171181.01-02,2.0,6601171181,2269.0,2026-09-01,2026-09-01,"6601171181,6600737520",56797966,rotterdam,nl,herrsching dc,de,2026-08-28,2026-08-22,2026-08-23,2026-08-26,road,NorthStar Freight,7,16
true,Speciality Monitoring,Vital Signs Monitor V100 Compact,6601109231.01-01,5.0,6601109231,6573.0,2026-08-25,2026-08-22,6601109231,53421824,warsaw,pl,leipzig dc,de,2026-08-23,2026-08-21,2026-08-22,2026-08-23,road,Blue Anchor Shipping,10,17
true,Speciality Monitoring,Central Monitoring Software License 40-Bed Enterprise,6600977742.01-01,6.0,6600977742,5586.0,2026-10-12,2026-10-11,6600977742,51760759,rotterdam,nl,leipzig dc,de,2026-10-09,2026-08-20,2026-08-21,2026-08-24,road,HubLine Cargo,7,17
true,Speciality Monitoring,SpO2 Sensor Reusable Pediatric,6600977742.01-02,4.0,6600977742,491.0,2026-10-12,2026-10-11,6600977742,51760759,rotterdam,nl,leipzig dc,de,2026-10-09,2026-08-20,2026-08-21,2026-08-24,road,HubLine Cargo,7,17
true,Speciality Monitoring,Temperature Probe Skin,6600977742.01-03,4.0,6600977742,4017.0,2026-10-12,2026-10-11,6600977742,51760759,rotterdam,nl,leipzig dc,de,2026-10-09,2026-08-20,2026-08-21,2026-08-24,road,HubLine Cargo,7,17
true,Speciality Monitoring,Vital Signs Monitor V300 Wall Mount,6600977742.01-04,4.0,6600977742,3178.0,2026-10-12,2026-10-11,6600977742,51760759,rotterdam,nl,leipzig dc,de,2026-10-09,2026-08-20,2026-08-21,2026-08-24,road,HubLine Cargo,7,17
true,Clinical Measurements,Multi-Param Sensor Module MP-3 Compact,6600942153.01-01,1.0,6600942153,1216.0,2026-10-03,2026-10-01,6600942153,55192340,shenzhen,cn,leipzig dc,de,2026-09-07,2026-07-28,2026-08-05,2026-08-25,ocean,SwiftHaul GmbH,2,17
true,EHM Equip,SpO2 Sensor Reusable Adult,6600988733.01-01,3.0,6600988733,3306.0,2026-08-19,2026-08-22,6600988733,52506715,chicago,us,leipzig dc,de,2026-08-06,,,,air,HubLine Cargo,4,17
true,EHM Equip,Patient Monitor Gateway X1,6600988733.01-02,4.0,6600988733,2312.0,2026-08-19,2026-08-22,6600988733,52506715,chicago,us,leipzig dc,de,2026-08-06,,,,air,HubLine Cargo,4,17
true,EHM Equip,Infusion Pump IP-300 Compact,6600988733.01-03,9.0,6600988733,3238.0,2026-08-19,2026-08-22,6600988733,52506715,chicago,us,leipzig dc,de,2026-08-06,,,,air,HubLine Cargo,4,17
true,EHM Equip,Central Station Display 27in,6601588004.01-01,8.0,6601588004,1897.0,2026-09-01,2026-09-08,6601588004,57214514,miami,us,leipzig dc,de,2026-08-17,,,,air,Blue Anchor Shipping,6,17
true,EHM Equip,SpO2 Sensor Disposable Adult,6601294541.01-01,3.0,6601294541,3769.0,2026-08-21,2026-08-20,6601294541,52002251,milan,it,leipzig dc,de,2026-08-17,2026-08-16,2026-08-17,,road,Meridian Air Cargo,9,17
true,EHM Equip,Service Cart Mobile Standard,6601294541.01-02,11.0,6601294541,8849.0,2026-08-21,2026-08-20,6601294541,52002251,milan,it,leipzig dc,de,2026-08-17,2026-08-16,2026-08-17,,road,Meridian Air Cargo,9,17
true,EHM Equip,Ventilator Circuit Kit Adult,6601488417.01-01,9.0,6601488417,3367.0,2026-09-11,2026-09-12,6601488417,52394186,los angeles,us,leipzig dc,de,2026-08-26,,,,air,HubLine Cargo,5,17
true,EHM Equip,Vital Signs Monitor V300 Touch,6601488417.01-02,11.0,6601488417,3131.0,2026-09-11,2026-09-12,6601488417,52394186,los angeles,us,leipzig dc,de,2026-08-26,,,,air,HubLine Cargo,5,17
true,Next-Gen Acute Care Monitoring,Ultrasound Probe Linear L12,6601027118.01-01,1.0,6601027118,1543.0,2026-09-09,2026-09-16,6601027118,54379548,los angeles,us,herrsching dc,de,2026-08-23,2026-08-13,2026-08-18,2026-08-31,air,HubLine Cargo,5,16
true,Next-Gen Acute Care Monitoring,CO2 Sensor Module Sidestream,6601027118.01-02,3.0,6601027118,427.0,2026-09-09,2026-09-16,6601027118,54379548,los angeles,us,herrsching dc,de,2026-08-23,2026-08-13,2026-08-18,2026-08-31,air,HubLine Cargo,5,16
true,Next-Gen Acute Care Monitoring,Central Station Display 32in Curved,6601027118.01-03,11.0,6601027118,2739.0,2026-09-09,2026-09-16,6601027118,54379548,los angeles,us,herrsching dc,de,2026-08-23,2026-08-13,2026-08-18,2026-08-31,air,HubLine Cargo,5,16
true,Next-Gen Acute Care Monitoring,Battery Pack BP-24 Extended,6601027118.01-04,7.0,6601027118,1234.0,2026-09-09,2026-09-16,6601027118,54379548,los angeles,us,herrsching dc,de,2026-08-23,2026-08-13,2026-08-18,2026-08-31,air,HubLine Cargo,5,16
true,ACI ICCA,Vital Signs Monitor V300 Touch,6601191273.01-01,7.0,6601191273,707.0,2026-09-02,2026-09-08,6601191273,57564133,los angeles,us,hamburg dc,de,2026-08-18,2026-08-12,2026-08-17,2026-08-27,air,NorthStar Freight,5,14
true,ACI ICCA,Patient Monitor Gateway X2 Wireless,6601191273.01-02,2.0,6601191273,6124.0,2026-09-02,2026-09-08,6601191273,57564133,los angeles,us,hamburg dc,de,2026-08-18,2026-08-12,2026-08-17,2026-08-27,air,NorthStar Freight,5,14
true,ACI Clinical Integ. & Insights,Telemetry Transmitter T3,6601111683.01-01,9.0,6601111683,2044.0,2026-09-15,2026-09-14,6601111683,55261923,shenzhen,cn,leipzig dc,de,2026-08-20,2026-08-22,2026-08-30,,ocean,SwiftHaul GmbH,2,17
true,ACI Clinical Integ. & Insights,SpO2 Sensor Reusable Pediatric,6601111683.01-02,9.0,6601111683,42.0,2026-09-15,2026-09-14,6601111683,55261923,shenzhen,cn,leipzig dc,de,2026-08-20,2026-08-22,2026-08-30,,ocean,SwiftHaul GmbH,2,17
true,ACI Clinical Integ. & Insights,NIBP Cuff Set Pediatric,6601111683.01-03,4.0,6601111683,3586.0,2026-09-15,2026-09-14,6601111683,55261923,shenzhen,cn,leipzig dc,de,2026-08-20,2026-08-22,2026-08-30,,ocean,SwiftHaul GmbH,2,17
true,Next-Gen Acute Care Monitoring,Telemetry Transmitter T3 Mini,6601279734.01-01,8.0,6601279734,3029.0,2026-09-08,2026-09-12,6601279734,59801483,antwerp,be,herrsching dc,de,2026-09-04,,,,road,SwiftHaul GmbH,8,16
true,Next-Gen Acute Care Monitoring,SpO2 Sensor Reusable Adult,6601279734.01-02,8.0,6601279734,1721.0,2026-09-08,2026-09-12,6601279734,59801483,antwerp,be,herrsching dc,de,2026-09-04,,,,road,SwiftHaul GmbH,8,16
true,Clinical Measurements,Wall Mount Arm Single Monitor,6601033787.01-01,1.0,6601033787,3193.0,2026-08-17,2026-08-21,6601033787,51606956,antwerp,be,hamburg dc,de,2026-08-15,2026-08-24,2026-08-25,,road,HubLine Cargo,8,14
true,EHM Equip,Printer Module PM-3,6601452300.01-01,11.0,6601452300,2028.0,2026-08-12,2026-08-18,6601452300,52956517,chicago,us,boeblingen dc,de,2026-07-29,2026-07-31,2026-08-04,2026-08-14,air,SwiftHaul GmbH,4,15
true,EHM Equip,Central Monitoring Software License 40-Bed Enterprise,6601452300.01-02,5.0,6601452300,5103.0,2026-08-12,2026-08-18,6601452300,52956517,chicago,us,boeblingen dc,de,2026-07-29,2026-07-31,2026-08-04,2026-08-14,air,SwiftHaul GmbH,4,15
true,EHM Equip,Network Interface Card Standard,6601452300.01-03,8.0,6601452300,1559.0,2026-08-12,2026-08-18,6601452300,52956517,chicago,us,boeblingen dc,de,2026-07-29,2026-07-31,2026-08-04,2026-08-14,air,SwiftHaul GmbH,4,15
true,EHM Equip,SpO2 Sensor Reusable Adult,6600759697.01-01,3.0,6600759697,2599.0,2026-09-14,2026-09-11,6600759697,57505476,chicago,us,boeblingen dc,de,2026-08-31,,,,air,NorthStar Freight,4,15
true,EHM Equip,Temperature Probe Esophageal,6600759697.01-02,7.0,6600759697,739.0,2026-09-14,2026-09-11,6600759697,57505476,chicago,us,boeblingen dc,de,2026-08-31,,,,air,NorthStar Freight,4,15
true,EHM Equip,Central Monitoring Software License 10-Bed,6600967118.01-01,12.0,6600967118,1497.0,2026-10-13,2026-10-20,6600967118,56777487,shanghai,cn,herrsching dc,de,2026-09-16,2026-07-28,2026-08-06,2026-08-24,ocean,Meridian Air Cargo,1,16
true,EHM Equip,Battery Pack BP-12,6601119985.01-01,12.0,6601119985,434.0,2026-09-21,2026-09-24,6601119985,53309731,los angeles,us,leipzig dc,de,2026-09-05,,,,air,EuroCargo Express,5,17
true,EHM Equip,Patient Monitor Gateway X2 Wireless,6601119985.01-02,9.0,6601119985,10693.0,2026-09-21,2026-09-24,6601119985,53309731,los angeles,us,leipzig dc,de,2026-09-05,,,,air,EuroCargo Express,5,17
true,Next-Gen Acute Care Monitoring,SpO2 Sensor Disposable Adult,6600801653.01-01,6.0,6600801653,1083.0,2026-10-04,2026-10-07,6600801653,58005682,shanghai,cn,herrsching dc,de,2026-09-07,,,,ocean,NorthStar Freight,1,16
true,Next-Gen Acute Care Monitoring,Infusion Pump IP-300 Compact,6600801653.01-02,4.0,6600801653,3897.0,2026-10-04,2026-10-07,6600801653,58005682,shanghai,cn,herrsching dc,de,2026-09-07,,,,ocean,NorthStar Freight,1,16
true,Next-Gen Acute Care Monitoring,Ultrasound Probe Cardiac P4,6601283299.01-01,7.0,6601283299,1655.0,2026-09-18,2026-09-16,6601283299,53250614,bratislava,sk,leipzig dc,de,2026-09-15,2026-08-30,2026-08-31,,road,Blue Anchor Shipping,11,17
true,Next-Gen Acute Care Monitoring,Central Station Display 32in Curved,6600833372.01-01,5.0,6600833372,1262.0,2026-09-21,2026-09-22,"6600833372,6601689300",59365980,shenzhen,cn,leipzig dc,de,2026-08-26,,,,ocean,EuroCargo Express,2,17
true,Next-Gen Acute Care Monitoring,NIBP Cuff Set Neonatal,6600833372.01-02,6.0,6600833372,4886.0,2026-09-21,2026-09-22,"6600833372,6601689300",59365980,shenzhen,cn,leipzig dc,de,2026-08-26,,,,ocean,EuroCargo Express,2,17
true,EHM Equip,CO2 Sensor Module Mainstream,6601689300.01-01,1.0,6601689300,832.0,2026-10-01,2026-10-08,"6600833372,6601689300",59365980,shenzhen,cn,leipzig dc,de,2026-08-26,,,,ocean,EuroCargo Express,2,17
true,Next-Gen Acute Care Monitoring,CO2 Sensor Module Mainstream,6601368342.01-01,7.0,6601368342,1783.0,2026-09-09,2026-09-13,6601368342,53833145,chicago,us,leipzig dc,de,2026-08-27,,,,air,Blue Anchor Shipping,4,17
true,Next-Gen Acute Care Monitoring,Vital Signs Monitor V200,6601368342.01-02,1.0,6601368342,1251.0,2026-09-09,2026-09-13,6601368342,53833145,chicago,us,leipzig dc,de,2026-08-27,,,,air,Blue Anchor Shipping,4,17
true,Next-Gen Acute Care Monitoring,Defibrillator Pad Set Pediatric,6601368342.01-03,9.0,6601368342,6129.0,2026-09-09,2026-09-13,6601368342,53833145,chicago,us,leipzig dc,de,2026-08-27,,,,air,Blue Anchor Shipping,4,17
true,EHM Equip,Wall Mount Arm Dual Monitor,6601065690.01-01,8.0,6601065690,2221.0,2026-09-05,2026-09-03,6601065690,55985528,los angeles,us,hamburg dc,de,2026-08-21,2026-08-14,2026-08-19,2026-08-28,air,NorthStar Freight,5,14
true,Clinical Measurements,NIBP Cuff Set Thigh,6601003246.01-01,3.0,6601003246,6529.0,2026-10-10,2026-10-08,6601003246,58682501,chicago,us,herrsching dc,de,2026-09-26,2026-08-12,2026-08-16,2026-08-26,air,NorthStar Freight,4,16
true,EHM Equip,Multi-Param Sensor Module MP-8 Plus,6601175893.01-01,7.0,6601175893,3475.0,2026-10-04,2026-10-04,"6601263239,6601175893",57740792,bratislava,sk,boeblingen dc,de,2026-09-01,2026-08-24,2026-08-25,2026-08-26,road,Meridian Air Cargo,11,15
true,EHM Equip,Telemetry Transmitter T3 Mini,6601175893.01-02,7.0,6601175893,507.0,2026-10-04,2026-10-04,"6601263239,6601175893",57740792,bratislava,sk,boeblingen dc,de,2026-09-01,2026-08-24,2026-08-25,2026-08-26,road,Meridian Air Cargo,11,15
true,EHM Equip,Infusion Pump Docking Station Triple Bay,6601175893.01-03,2.0,6601175893,3655.0,2026-10-04,2026-10-04,"6601263239,6601175893",57740792,bratislava,sk,boeblingen dc,de,2026-09-01,2026-08-24,2026-08-25,2026-08-26,road,Meridian Air Cargo,11,15
true,EHM Equip,Infusion Pump IP-300 Compact,6601175893.01-04,4.0,6601175893,3563.0,2026-10-04,2026-10-04,"6601263239,6601175893",57740792,bratislava,sk,boeblingen dc,de,2026-09-01,2026-08-24,2026-08-25,2026-08-26,road,Meridian Air Cargo,11,15
true,EHM Equip,CO2 Sensor Module Mainstream,6601263239.01-01,4.0,6601263239,7569.0,2026-09-03,2026-09-10,"6601263239,6601175893",57740792,bratislava,sk,boeblingen dc,de,2026-09-01,2026-08-24,2026-08-25,2026-08-26,road,Meridian Air Cargo,11,15
true,Clinical Measurements,Multi-Param Sensor Module MP-8 Plus,6601111251.01-01,3.0,6601111251,1068.0,2026-09-10,2026-09-14,6601111251,56637197,chicago,us,boeblingen dc,de,2026-08-27,,,,air,SwiftHaul GmbH,4,15
true,EHM Equip,ECG Lead Set 5-wire,6601162900.01-01,11.0,6601162900,4375.0,2026-08-12,2026-08-12,6601162900,50166921,shanghai,cn,boeblingen dc,de,2026-07-17,,,,ocean,SwiftHaul GmbH,1,15
true,EHM Equip,Vital Signs Monitor V200 Cart Mount,6601162900.01-02,5.0,6601162900,2375.0,2026-08-12,2026-08-12,6601162900,50166921,shanghai,cn,boeblingen dc,de,2026-07-17,,,,ocean,SwiftHaul GmbH,1,15
true,Clinical Measurements,Ventilator Circuit Kit Neonatal,6600702609.01-01,7.0,6600702609,4185.0,2026-08-14,2026-08-18,"6600702609,6601306579",53980005,warsaw,pl,leipzig dc,de,2026-08-12,,,,road,NorthStar Freight,10,17
true,Next-Gen Acute Care Monitoring,Central Monitoring Software License 40-Bed Enterprise,6601306579.01-01,7.0,6601306579,7625.0,2026-08-24,2026-08-24,"6600702609,6601306579",53980005,warsaw,pl,leipzig dc,de,2026-08-12,,,,road,NorthStar Freight,10,17
true,Next-Gen Acute Care Monitoring,Bedside Monitor Mount Wall Arm,6601306579.01-02,2.0,6601306579,1471.0,2026-08-24,2026-08-24,"6600702609,6601306579",53980005,warsaw,pl,leipzig dc,de,2026-08-12,,,,road,NorthStar Freight,10,17
true,Next-Gen Acute Care Monitoring,Service Cart Mobile Standard,6601306579.01-03,11.0,6601306579,5097.0,2026-08-24,2026-08-24,"6600702609,6601306579",53980005,warsaw,pl,leipzig dc,de,2026-08-12,,,,road,NorthStar Freight,10,17
true,Next-Gen Acute Care Monitoring,Temperature Probe Skin,6601306579.01-04,1.0,6601306579,1841.0,2026-08-24,2026-08-24,"6600702609,6601306579",53980005,warsaw,pl,leipzig dc,de,2026-08-12,,,,road,NorthStar Freight,10,17
true,EHM Equip,Ventilator Circuit Kit Neonatal,6601095516.01-01,9.0,6601095516,6973.0,2026-09-24,2026-09-24,6601095516,54732937,rotterdam,nl,herrsching dc,de,2026-09-20,2026-08-29,2026-08-30,,road,SwiftHaul GmbH,7,16
true,EHM Equip,Ultrasound Probe Cardiac P4,6601095516.01-02,8.0,6601095516,2807.0,2026-09-24,2026-09-24,6601095516,54732937,rotterdam,nl,herrsching dc,de,2026-09-20,2026-08-29,2026-08-30,,road,SwiftHaul GmbH,7,16
true,EHM Equip,Defibrillator Pad Set Training,6601287874.01-01,11.0,6601287874,60.0,2026-09-15,2026-09-16,6601287874,55235586,rotterdam,nl,leipzig dc,de,2026-09-12,,,,road,Meridian Air Cargo,7,17
true,EHM Equip,Patient Cable NIBP Hose 2.5m,6600777519.01-01,8.0,6600777519,835.0,2026-10-12,2026-10-10,6600777519,52916099,chicago,us,boeblingen dc,de,2026-09-28,2026-08-29,2026-09-02,,air,Meridian Air Cargo,4,15
true,EHM Equip,Infusion Pump Docking Station Single Bay,6601672153.01-01,7.0,6601672153,1124.0,2026-10-06,2026-10-05,6601672153,55946962,hamburg,de,boeblingen dc,de,2026-10-04,2026-08-20,2026-08-21,2026-08-22,road,NorthStar Freight,13,15
true,ACI ICCA,Telemetry Transmitter T3 Mini,6601627413.01-01,5.0,6601627413,3062.0,2026-09-14,2026-09-16,6601627413,52771160,shenzhen,cn,leipzig dc,de,2026-08-19,2026-08-18,2026-08-26,,ocean,Meridian Air Cargo,2,17
true,ACI ICCA,Multi-Param Sensor Module MP-5,6601627413.01-02,2.0,6601627413,5078.0,2026-09-14,2026-09-16,6601627413,52771160,shenzhen,cn,leipzig dc,de,2026-08-19,2026-08-18,2026-08-26,,ocean,Meridian Air Cargo,2,17
true,Clinical Measurements,Printer Module PM-3 Thermal,6601574154.01-01,12.0,6601574154,2473.0,2026-08-20,2026-08-17,6601574154,58568032,warsaw,pl,boeblingen dc,de,2026-08-16,2026-08-16,2026-08-17,2026-08-20,road,Meridian Air Cargo,10,15
true,EHM Equip,Infusion Pump Docking Station Single Bay,6600812212.01-01,7.0,6600812212,525.0,2026-09-06,2026-09-03,6600812212,56732166,singapore,sg,hamburg dc,de,2026-08-15,2026-08-15,2026-08-22,,ocean,NorthStar Freight,3,14
true,EHM Equip,Vital Signs Monitor V300 Wall Mount,6600812212.01-02,9.0,6600812212,3705.0,2026-09-06,2026-09-03,6600812212,56732166,singapore,sg,hamburg dc,de,2026-08-15,2026-08-15,2026-08-22,,ocean,NorthStar Freight,3,14
true,EHM Equip,Multi-Param Sensor Module MP-5,6600902874.01-01,4.0,6600902874,4617.0,2026-08-25,2026-08-26,"6600988104,6600902874",50527765,hamburg,de,boeblingen dc,de,2026-08-23,2026-08-26,2026-08-27,2026-08-30,road,HubLine Cargo,13,15
true,Next-Gen Acute Care Monitoring,Infusion Pump IP-300 Compact,6600988104.01-01,5.0,6600988104,9237.0,2026-09-27,2026-10-01,"6600988104,6600902874",50527765,hamburg,de,boeblingen dc,de,2026-08-23,2026-08-26,2026-08-27,2026-08-30,road,HubLine Cargo,13,15
true,Next-Gen Acute Care Monitoring,CO2 Sensor Module Mainstream,6600988104.01-02,5.0,6600988104,1209.0,2026-09-27,2026-10-01,"6600988104,6600902874",50527765,hamburg,de,boeblingen dc,de,2026-08-23,2026-08-26,2026-08-27,2026-08-30,road,HubLine Cargo,13,15
true,ACI ICCA,Patient Cable NIBP Hose 2.5m,6601679397.01-01,1.0,6601679397,1128.0,2026-10-02,2026-10-03,6601679397,56908552,hamburg,de,hamburg dc,de,2026-10-01,2026-08-31,2026-09-01,,road,Meridian Air Cargo,13,14
true,ACI ICCA,Ventilator Circuit Kit Reusable Adult,6601679397.01-02,3.0,6601679397,2625.0,2026-10-02,2026-10-03,6601679397,56908552,hamburg,de,hamburg dc,de,2026-10-01,2026-08-31,2026-09-01,,road,Meridian Air Cargo,13,14
true,EHM Equip,Multi-Param Sensor Module MP-5,6601035048.01-01,11.0,6601035048,5858.0,2026-09-25,2026-10-02,6601035048,58575205,shanghai,cn,leipzig dc,de,2026-08-31,2026-07-31,2026-08-08,2026-08-26,ocean,NorthStar Freight,1,17
true,EHM Equip,SpO2 Sensor Reusable Adult,6601035048.01-02,6.0,6601035048,1394.0,2026-09-25,2026-10-02,6601035048,58575205,shanghai,cn,leipzig dc,de,2026-08-31,2026-07-31,2026-08-08,2026-08-26,ocean,NorthStar Freight,1,17
true,Next-Gen Acute Care Monitoring,Network Interface Card Redundant Dual-Port,6601294744.01-01,12.0,6601294744,6022.0,2026-08-14,2026-08-21,6601294744,55423377,rotterdam,nl,boeblingen dc,de,2026-08-10,2026-08-10,2026-08-11,,road,HubLine Cargo,7,15
true,Next-Gen Acute Care Monitoring,Defibrillator Pad Set Adult,6601294744.01-02,1.0,6601294744,1883.0,2026-08-14,2026-08-21,6601294744,55423377,rotterdam,nl,boeblingen dc,de,2026-08-10,2026-08-10,2026-08-11,,road,HubLine Cargo,7,15
true,Next-Gen Acute Care Monitoring,CO2 Sensor Module Sidestream,6601604277.01-01,1.0,6601604277,1955.0,2026-09-19,2026-09-26,6601604277,52537532,bratislava,sk,hamburg dc,de,2026-09-16,2026-08-19,2026-08-20,2026-08-22,road,SwiftHaul GmbH,11,14
true,Next-Gen Acute Care Monitoring,Infusion Pump Docking Station Single Bay,6601604277.01-02,6.0,6601604277,2347.0,2026-09-19,2026-09-26,6601604277,52537532,bratislava,sk,hamburg dc,de,2026-09-16,2026-08-19,2026-08-20,2026-08-22,road,SwiftHaul GmbH,11,14
true,Next-Gen Acute Care Monitoring,Temperature Probe Esophageal,6601519371.01-01,8.0,6601519371,6605.0,2026-09-17,2026-09-15,6601519371,57907800,rotterdam,nl,hamburg dc,de,2026-09-15,,,,road,SwiftHaul GmbH,7,14
true,Next-Gen Acute Care Monitoring,Patient Cable ECG 5-lead 3m,6601519371.01-02,5.0,6601519371,1126.0,2026-09-17,2026-09-15,6601519371,57907800,rotterdam,nl,hamburg dc,de,2026-09-15,,,,road,SwiftHaul GmbH,7,14
true,EHM Equip,Patient Cable SpO2 Extension 2m,6601276896.01-01,6.0,6601276896,1519.0,2026-08-11,2026-08-08,6601276896,54175706,lyon,fr,boeblingen dc,de,2026-08-09,2026-08-10,2026-08-11,2026-08-12,road,EuroCargo Express,12,15
true,EHM Equip,Defibrillator Pad Set Training,6601276896.01-02,8.0,6601276896,3105.0,2026-08-11,2026-08-08,6601276896,54175706,lyon,fr,boeblingen dc,de,2026-08-09,2026-08-10,2026-08-11,2026-08-12,road,EuroCargo Express,12,15
true,EHM Equip,Vital Signs Monitor V300 Wall Mount,6601276896.01-03,7.0,6601276896,5154.0,2026-08-11,2026-08-08,6601276896,54175706,lyon,fr,boeblingen dc,de,2026-08-09,2026-08-10,2026-08-11,2026-08-12,road,EuroCargo Express,12,15
true,EHM Equip,SpO2 Sensor Disposable Adult,6601276896.01-04,5.0,6601276896,3309.0,2026-08-11,2026-08-08,6601276896,54175706,lyon,fr,boeblingen dc,de,2026-08-09,2026-08-10,2026-08-11,2026-08-12,road,EuroCargo Express,12,15
true,ACI ICCA,Central Monitoring Software License 10-Bed,6601557979.01-01,1.0,6601557979,5325.0,2026-09-18,2026-09-15,6601557979,51496558,lyon,fr,herrsching dc,de,2026-09-15,2026-08-21,2026-08-22,2026-08-26,road,NorthStar Freight,12,16
true,ACI ICCA,Central Station Display 32in Curved,6601557979.01-02,4.0,6601557979,114.0,2026-09-18,2026-09-15,6601557979,51496558,lyon,fr,herrsching dc,de,2026-09-15,2026-08-21,2026-08-22,2026-08-26,road,NorthStar Freight,12,16
true,Clinical Measurements,Network Interface Card Standard,6601159945.01-01,1.0,6601159945,4562.0,2026-08-29,2026-09-01,6601159945,58249740,bratislava,sk,boeblingen dc,de,2026-08-27,2026-08-28,2026-08-29,2026-08-31,road,Blue Anchor Shipping,11,15
true,Clinical Measurements,NIBP Cuff Set Neonatal,6601159945.01-02,1.0,6601159945,274.0,2026-08-29,2026-09-01,6601159945,58249740,bratislava,sk,boeblingen dc,de,2026-08-27,2026-08-28,2026-08-29,2026-08-31,road,Blue Anchor Shipping,11,15
true,Clinical Measurements,Bedside Monitor Mount Rolling Stand,6601159945.01-03,1.0,6601159945,3127.0,2026-08-29,2026-09-01,6601159945,58249740,bratislava,sk,boeblingen dc,de,2026-08-27,2026-08-28,2026-08-29,2026-08-31,road,Blue Anchor Shipping,11,15
true,Clinical Measurements,Printer Module PM-3,6601159945.01-04,8.0,6601159945,5166.0,2026-08-29,2026-09-01,6601159945,58249740,bratislava,sk,boeblingen dc,de,2026-08-27,2026-08-28,2026-08-29,2026-08-31,road,Blue Anchor Shipping,11,15
true,Clinical Measurements,Anesthesia Gas Module Compact 3-Gas,6600734631.01-01,12.0,6600734631,797.0,2026-08-26,2026-08-30,6600734631,51668690,hamburg,de,hamburg dc,de,2026-08-25,2026-08-26,2026-08-27,2026-08-27,road,HubLine Cargo,13,14
true,EHM Equip,Network Interface Card Standard,6600707386.01-01,6.0,6600707386,2326.0,2026-10-12,2026-10-10,6600707386,53085448,los angeles,us,leipzig dc,de,2026-09-26,,,,air,EuroCargo Express,5,17
true,EHM Equip,NIBP Cuff Set Pediatric,6600707386.01-02,11.0,6600707386,9134.0,2026-10-12,2026-10-10,6600707386,53085448,los angeles,us,leipzig dc,de,2026-09-26,,,,air,EuroCargo Express,5,17
true,Speciality Monitoring,Telemetry Transmitter T5 Dual-Channel,6601359337.01-01,11.0,6601359337,2391.0,2026-09-29,2026-10-06,6601359337,54139869,los angeles,us,hamburg dc,de,2026-09-14,2026-08-30,2026-09-04,,air,Meridian Air Cargo,5,14
true,Speciality Monitoring,Service Cart Mobile Locking,6601359337.01-02,8.0,6601359337,2123.0,2026-09-29,2026-10-06,6601359337,54139869,los angeles,us,hamburg dc,de,2026-09-14,2026-08-30,2026-09-04,,air,Meridian Air Cargo,5,14
true,Clinical Measurements,SpO2 Sensor Disposable Adult,6600777476.01-01,9.0,6600777476,4023.0,2026-10-09,2026-10-10,6600777476,59352425,bratislava,sk,leipzig dc,de,2026-10-06,,,,road,Meridian Air Cargo,11,17
true,Clinical Measurements,Ultrasound Probe Linear L12,6600777476.01-02,9.0,6600777476,3024.0,2026-10-09,2026-10-10,6600777476,59352425,bratislava,sk,leipzig dc,de,2026-10-06,,,,road,Meridian Air Cargo,11,17
true,ACI ICCA,SpO2 Sensor Finger Clip,6600806780.01-01,8.0,6600806780,5205.0,2026-08-26,2026-08-28,6600806780,57651387,singapore,sg,leipzig dc,de,2026-08-03,2026-08-03,2026-08-10,2026-08-26,ocean,Blue Anchor Shipping,3,17
true,EHM Equip,Central Monitoring Software License 10-Bed,6601130701.01-01,7.0,6601130701,248.0,2026-09-22,2026-09-24,6601130701,54645108,hamburg,de,hamburg dc,de,2026-09-21,2026-08-31,2026-09-01,,road,HubLine Cargo,13,14
true,EHM Equip,NIBP Cuff Set Pediatric,6601130701.01-02,8.0,6601130701,4336.0,2026-09-22,2026-09-24,6601130701,54645108,hamburg,de,hamburg dc,de,2026-09-21,2026-08-31,2026-09-01,,road,HubLine Cargo,13,14
true,ACI Clinical Integ. & Insights,Anesthesia Gas Module Compact 3-Gas,6601319180.01-01,3.0,6601319180,2875.0,2026-09-03,2026-08-31,6601319180,55263874,shanghai,cn,boeblingen dc,de,2026-08-08,,,,ocean,Blue Anchor Shipping,1,15
true,EHM Equip,Temperature Probe Rectal,6601284116.01-01,9.0,6601284116,1113.0,2026-09-08,2026-09-07,6601284116,53079580,rotterdam,nl,herrsching dc,de,2026-09-04,2026-08-30,2026-08-31,,road,NorthStar Freight,7,16
true,EHM Equip,Patient Cable NIBP Hose 2.5m,6601284116.01-02,6.0,6601284116,2779.0,2026-09-08,2026-09-07,6601284116,53079580,rotterdam,nl,herrsching dc,de,2026-09-04,2026-08-30,2026-08-31,,road,NorthStar Freight,7,16
true,Next-Gen Acute Care Monitoring,SpO2 Sensor Reusable Adult,6600838153.01-01,2.0,6600838153,1908.0,2026-09-24,2026-09-27,6600838153,56717194,singapore,sg,hamburg dc,de,2026-09-02,2026-07-30,2026-08-06,2026-08-22,ocean,EuroCargo Express,3,14
true,Next-Gen Acute Care Monitoring,Vital Signs Monitor V100 Compact,6600838153.01-02,2.0,6600838153,3636.0,2026-09-24,2026-09-27,6600838153,56717194,singapore,sg,hamburg dc,de,2026-09-02,2026-07-30,2026-08-06,2026-08-22,ocean,EuroCargo Express,3,14
true,Next-Gen Acute Care Monitoring,Ventilator Circuit Kit Reusable Adult,6600838153.01-03,4.0,6600838153,2558.0,2026-09-24,2026-09-27,6600838153,56717194,singapore,sg,hamburg dc,de,2026-09-02,2026-07-30,2026-08-06,2026-08-22,ocean,EuroCargo Express,3,14
true,EHM Equip,ECG Lead Set 5-wire,6600817808.01-01,6.0,6600817808,1293.0,2026-09-18,2026-09-19,6600817808,53142356,warsaw,pl,herrsching dc,de,2026-09-14,2026-08-20,2026-08-21,2026-08-25,road,NorthStar Freight,10,16
true,EHM Equip,ECG Lead Set 3-wire,6600817808.01-02,6.0,6600817808,4166.0,2026-09-18,2026-09-19,6600817808,53142356,warsaw,pl,herrsching dc,de,2026-09-14,2026-08-20,2026-08-21,2026-08-25,road,NorthStar Freight,10,16
true,ACI Clinical Integ. & Insights,Temperature Probe Esophageal,6600900516.01-01,10.0,6600900516,2761.0,2026-09-04,2026-09-02,6600900516,52645450,chicago,us,hamburg dc,de,2026-08-23,,,,air,HubLine Cargo,4,14
true,ACI Clinical Integ. & Insights,Battery Pack BP-08 Compact,6600900516.01-02,6.0,6600900516,839.0,2026-09-04,2026-09-02,6600900516,52645450,chicago,us,hamburg dc,de,2026-08-23,,,,air,HubLine Cargo,4,14
true,ACI Clinical Integ. & Insights,Ventilator Circuit Kit Adult,6600900516.01-03,2.0,6600900516,2434.0,2026-09-04,2026-09-02,6600900516,52645450,chicago,us,hamburg dc,de,2026-08-23,,,,air,HubLine Cargo,4,14
true,ACI Clinical Integ. & Insights,Patient Cable NIBP Hose 2.5m,6600900516.01-04,3.0,6600900516,1467.0,2026-09-04,2026-09-02,6600900516,52645450,chicago,us,hamburg dc,de,2026-08-23,,,,air,HubLine Cargo,4,14
true,Next-Gen Acute Care Monitoring,Central Station Display 27in,6601341782.01-01,7.0,6601341782,3053.0,2026-08-16,2026-08-16,6601341782,58163696,hamburg,de,leipzig dc,de,2026-08-15,2026-08-16,2026-08-17,2026-08-17,road,Meridian Air Cargo,13,17
true,Next-Gen Acute Care Monitoring,CO2 Sensor Module Mainstream,6601341782.01-02,9.0,6601341782,1618.0,2026-08-16,2026-08-16,6601341782,58163696,hamburg,de,leipzig dc,de,2026-08-15,2026-08-16,2026-08-17,2026-08-17,road,Meridian Air Cargo,13,17
true,Next-Gen Acute Care Monitoring,Ultrasound Probe Cardiac P4,6601341782.01-03,12.0,6601341782,4148.0,2026-08-16,2026-08-16,6601341782,58163696,hamburg,de,leipzig dc,de,2026-08-15,2026-08-16,2026-08-17,2026-08-17,road,Meridian Air Cargo,13,17
true,Next-Gen Acute Care Monitoring,Telemetry Transmitter T3,6601341782.01-04,11.0,6601341782,7327.0,2026-08-16,2026-08-16,6601341782,58163696,hamburg,de,leipzig dc,de,2026-08-15,2026-08-16,2026-08-17,2026-08-17,road,Meridian Air Cargo,13,17
true,Speciality Monitoring,SpO2 Sensor Finger Clip,6601389219.01-01,11.0,6601389219,3326.0,2026-10-07,2026-10-12,6601389219,55219747,milan,it,leipzig dc,de,2026-10-03,2026-08-31,2026-09-01,,road,EuroCargo Express,9,17
true,Speciality Monitoring,Infusion Pump Docking Station Triple Bay,6601389219.01-02,10.0,6601389219,495.0,2026-10-07,2026-10-12,6601389219,55219747,milan,it,leipzig dc,de,2026-10-03,2026-08-31,2026-09-01,,road,EuroCargo Express,9,17
true,Speciality Monitoring,Infusion Pump IP-500,6601443602.01-01,5.0,6601443602,1945.0,2026-09-20,2026-09-18,6601443602,55717804,miami,us,leipzig dc,de,2026-09-05,2026-08-14,2026-08-19,2026-08-29,air,SwiftHaul GmbH,6,17
true,Speciality Monitoring,Anesthesia Gas Module Standard 5-Gas,6601443602.01-02,11.0,6601443602,2807.0,2026-09-20,2026-09-18,6601443602,55717804,miami,us,leipzig dc,de,2026-09-05,2026-08-14,2026-08-19,2026-08-29,air,SwiftHaul GmbH,6,17
true,Speciality Monitoring,Network Interface Card Standard,6601443602.01-03,12.0,6601443602,12745.0,2026-09-20,2026-09-18,6601443602,55717804,miami,us,leipzig dc,de,2026-09-05,2026-08-14,2026-08-19,2026-08-29,air,SwiftHaul GmbH,6,17
true,Speciality Monitoring,Service Cart Mobile Locking,6601443602.01-04,4.0,6601443602,2054.0,2026-09-20,2026-09-18,6601443602,55717804,miami,us,leipzig dc,de,2026-09-05,2026-08-14,2026-08-19,2026-08-29,air,SwiftHaul GmbH,6,17
true,EHM Equip,Telemetry Transmitter T3 Mini,6601678949.01-01,1.0,6601678949,5677.0,2026-09-04,2026-09-07,6601678949,51507403,chicago,us,herrsching dc,de,2026-08-21,2026-08-08,2026-08-12,2026-08-21,air,EuroCargo Express,4,16
true,EHM Equip,Bedside Monitor Mount Wall Arm,6601678949.01-02,11.0,6601678949,594.0,2026-09-04,2026-09-07,6601678949,51507403,chicago,us,herrsching dc,de,2026-08-21,2026-08-08,2026-08-12,2026-08-21,air,EuroCargo Express,4,16
true,EHM Equip,NIBP Cuff Set Adult,6601678949.01-03,6.0,6601678949,1105.0,2026-09-04,2026-09-07,6601678949,51507403,chicago,us,herrsching dc,de,2026-08-21,2026-08-08,2026-08-12,2026-08-21,air,EuroCargo Express,4,16
true,EHM Equip,Vital Signs Monitor V200,6601678949.01-04,9.0,6601678949,5129.0,2026-09-04,2026-09-07,6601678949,51507403,chicago,us,herrsching dc,de,2026-08-21,2026-08-08,2026-08-12,2026-08-21,air,EuroCargo Express,4,16
true,EHM Equip,Vital Signs Monitor V200 Cart Mount,6601161784.01-01,5.0,6601161784,7126.0,2026-08-26,2026-08-30,6601161784,52841459,antwerp,be,hamburg dc,de,2026-08-24,2026-08-24,2026-08-25,2026-08-30,road,SwiftHaul GmbH,8,14
true,EHM Equip,Defibrillator Pad Set Training,6601161784.01-02,8.0,6601161784,5558.0,2026-08-26,2026-08-30,6601161784,52841459,antwerp,be,hamburg dc,de,2026-08-24,2026-08-24,2026-08-25,2026-08-30,road,SwiftHaul GmbH,8,14
true,EHM Equip,Multi-Param Sensor Module MP-3 Compact,6601161784.01-03,2.0,6601161784,1909.0,2026-08-26,2026-08-30,6601161784,52841459,antwerp,be,hamburg dc,de,2026-08-24,2026-08-24,2026-08-25,2026-08-30,road,SwiftHaul GmbH,8,14
true,EHM Equip,Temperature Probe Skin,6601161784.01-04,8.0,6601161784,302.0,2026-08-26,2026-08-30,6601161784,52841459,antwerp,be,hamburg dc,de,2026-08-24,2026-08-24,2026-08-25,2026-08-30,road,SwiftHaul GmbH,8,14
true,ACI ICCA,Infusion Pump IP-700 Dual,6601172842.01-01,2.0,6601172842,3433.0,2026-10-09,2026-10-15,6601172842,56615626,bratislava,sk,hamburg dc,de,2026-10-06,2026-08-19,2026-08-20,2026-08-26,road,SwiftHaul GmbH,11,14
true,Speciality Monitoring,Temperature Probe Rectal,6600720941.01-01,4.0,6600720941,208.0,2026-08-17,2026-08-21,6600720941,57884941,bratislava,sk,hamburg dc,de,2026-08-14,2026-08-12,2026-08-13,,road,HubLine Cargo,11,14
true,Speciality Monitoring,Infusion Pump IP-700 Dual,6600720941.01-02,5.0,6600720941,797.0,2026-08-17,2026-08-21,6600720941,57884941,bratislava,sk,hamburg dc,de,2026-08-14,2026-08-12,2026-08-13,,road,HubLine Cargo,11,14
true,EHM Equip,Defibrillator Pad Set Adult,6601496729.01-01,11.0,6601496729,2222.0,2026-10-08,2026-10-11,6601496729,51468290,antwerp,be,hamburg dc,de,2026-10-06,2026-08-24,2026-08-25,2026-08-26,road,SwiftHaul GmbH,8,14
true,EHM Equip,CO2 Sensor Module Sidestream,6601496729.01-02,6.0,6601496729,49.0,2026-10-08,2026-10-11,6601496729,51468290,antwerp,be,hamburg dc,de,2026-10-06,2026-08-24,2026-08-25,2026-08-26,road,SwiftHaul GmbH,8,14
true,EHM Equip,NIBP Cuff Set Adult Long,6601233206.01-01,11.0,6601233206,3476.0,2026-09-24,2026-09-22,6601233206,55674981,chicago,us,leipzig dc,de,2026-09-11,,,,air,EuroCargo Express,4,17
true,EHM Equip,Patient Cable SpO2 Extension 2m,6601233206.01-02,7.0,6601233206,2224.0,2026-09-24,2026-09-22,6601233206,55674981,chicago,us,leipzig dc,de,2026-09-11,,,,air,EuroCargo Express,4,17
true,EHM Equip,Battery Pack BP-24 Extended,6601254127.01-01,8.0,6601254127,3135.0,2026-08-11,2026-08-15,6601254127,54267555,warsaw,pl,leipzig dc,de,2026-08-09,2026-08-10,2026-08-11,,road,Blue Anchor Shipping,10,17
true,EHM Equip,Patient Monitor Gateway X1,6601321506.01-01,8.0,6601321506,2743.0,2026-08-24,2026-08-29,6601321506,53800490,los angeles,us,herrsching dc,de,2026-08-07,2026-08-16,2026-08-21,,air,NorthStar Freight,5,16
true,EHM Equip,CO2 Sensor Module Sidestream,6601321506.01-02,3.0,6601321506,554.0,2026-08-24,2026-08-29,6601321506,53800490,los angeles,us,herrsching dc,de,2026-08-07,2026-08-16,2026-08-21,,air,NorthStar Freight,5,16
true,EHM Equip,Multi-Param Sensor Module MP-3 Compact,6601618381.01-01,3.0,6601618381,933.0,2026-09-23,2026-09-29,6601618381,55929857,antwerp,be,herrsching dc,de,2026-09-19,2026-08-25,2026-08-26,2026-08-29,road,SwiftHaul GmbH,8,16
true,EHM Equip,NIBP Cuff Set Adult,6601618381.01-02,3.0,6601618381,4871.0,2026-09-23,2026-09-29,6601618381,55929857,antwerp,be,herrsching dc,de,2026-09-19,2026-08-25,2026-08-26,2026-08-29,road,SwiftHaul GmbH,8,16
true,EHM Equip,Central Station Display 24in,6601618381.01-03,8.0,6601618381,483.0,2026-09-23,2026-09-29,6601618381,55929857,antwerp,be,herrsching dc,de,2026-09-19,2026-08-25,2026-08-26,2026-08-29,road,SwiftHaul GmbH,8,16
true,Speciality Monitoring,Ultrasound Probe Linear L12,6601136661.01-01,4.0,6601136661,7104.0,2026-09-23,2026-09-26,6601136661,56414474,milan,it,hamburg dc,de,2026-09-19,2026-08-22,2026-08-23,2026-08-27,road,NorthStar Freight,9,14
true,ACI ICCA,NIBP Cuff Set Adult Long,6600792848.01-01,10.0,6600792848,2247.0,2026-09-22,2026-09-29,6600792848,51475630,los angeles,us,herrsching dc,de,2026-09-05,,,,air,Meridian Air Cargo,5,16
true,ACI ICCA,Telemetry Transmitter T5 Dual-Channel,6600792848.01-02,5.0,6600792848,5013.0,2026-09-22,2026-09-29,6600792848,51475630,los angeles,us,herrsching dc,de,2026-09-05,,,,air,Meridian Air Cargo,5,16
true,EHM Equip,NIBP Cuff Set Neonatal,6600904275.01-01,7.0,6600904275,5343.0,2026-09-29,2026-09-28,6600904275,52509025,shanghai,cn,herrsching dc,de,2026-09-02,2026-08-30,2026-09-08,,ocean,EuroCargo Express,1,16
true,Clinical Measurements,SpO2 Sensor Reusable Adult,6601163391.01-01,9.0,6601163391,4303.0,2026-09-17,2026-09-15,6601163391,57291414,hamburg,de,boeblingen dc,de,2026-09-15,2026-08-22,2026-08-23,2026-08-24,road,Blue Anchor Shipping,13,15
true,ACI Clinical Integ. & Insights,Wall Mount Arm Dual Monitor,6601646072.01-01,9.0,6601646072,6016.0,2026-08-11,2026-08-15,6601646072,56829214,shanghai,cn,leipzig dc,de,2026-07-17,2026-07-16,2026-07-24,,ocean,Meridian Air Cargo,1,17
true,ACI Clinical Integ. & Insights,Vital Signs Monitor V100 Compact,6601646072.01-02,3.0,6601646072,3563.0,2026-08-11,2026-08-15,6601646072,56829214,shanghai,cn,leipzig dc,de,2026-07-17,2026-07-16,2026-07-24,,ocean,Meridian Air Cargo,1,17
true,EHM Equip,NIBP Cuff Set Pediatric,6601417662.01-01,2.0,6601417662,2727.0,2026-10-10,2026-10-07,6601417662,54556115,miami,us,boeblingen dc,de,2026-09-24,2026-08-31,2026-09-05,,air,NorthStar Freight,6,15
true,ACI Clinical Integ. & Insights,Service Cart Mobile Locking,6601261150.01-01,2.0,6601261150,4304.0,2026-10-03,2026-10-08,6601261150,53188762,milan,it,herrsching dc,de,2026-09-30,2026-08-30,2026-08-31,,road,NorthStar Freight,9,16
true,ACI ICCA,Infusion Pump Docking Station Single Bay,6601162089.01-01,6.0,6601162089,645.0,2026-10-10,2026-10-11,6601162089,59331866,warsaw,pl,leipzig dc,de,2026-10-08,2026-08-29,2026-08-30,,road,NorthStar Freight,10,17
true,Next-Gen Acute Care Monitoring,Patient Monitor Gateway X1 Pro,6601019175.01-01,10.0,6601019175,4764.0,2026-09-19,2026-09-19,6601019175,53331315,lyon,fr,herrsching dc,de,2026-09-16,,,,road,Blue Anchor Shipping,12,16
true,Next-Gen Acute Care Monitoring,Temperature Probe Rectal,6601019175.01-02,8.0,6601019175,1791.0,2026-09-19,2026-09-19,6601019175,53331315,lyon,fr,herrsching dc,de,2026-09-16,,,,road,Blue Anchor Shipping,12,16
true,Next-Gen Acute Care Monitoring,Patient Cable ECG 5-lead 3m,6601019175.01-03,2.0,6601019175,974.0,2026-09-19,2026-09-19,6601019175,53331315,lyon,fr,herrsching dc,de,2026-09-16,,,,road,Blue Anchor Shipping,12,16
true,EHM Equip,Battery Pack BP-12,6601266789.01-01,11.0,6601266789,14.0,2026-08-17,2026-08-23,6601266789,55256542,lyon,fr,herrsching dc,de,2026-08-14,2026-08-15,2026-08-16,2026-08-20,road,EuroCargo Express,12,16
true,EHM Equip,Multi-Param Sensor Module MP-5,6601658155.01-01,4.0,6601658155,1983.0,2026-09-11,2026-09-17,6601658155,50245351,shenzhen,cn,leipzig dc,de,2026-08-16,2026-08-17,2026-08-25,,ocean,HubLine Cargo,2,17
true,EHM Equip,ECG Lead Set 12-wire Diagnostic,6601658155.01-02,12.0,6601658155,2279.0,2026-09-11,2026-09-17,6601658155,50245351,shenzhen,cn,leipzig dc,de,2026-08-16,2026-08-17,2026-08-25,,ocean,HubLine Cargo,2,17
true,Clinical Measurements,Infusion Pump IP-500,6601646318.01-01,1.0,6601646318,4953.0,2026-09-19,2026-09-22,6601646318,50456919,bratislava,sk,hamburg dc,de,2026-09-16,,,,road,Meridian Air Cargo,11,14
true,EHM Equip,SpO2 Sensor Reusable Pediatric,6601573110.01-01,6.0,6601573110,2658.0,2026-08-22,2026-08-20,6601573110,55485106,hamburg,de,herrsching dc,de,2026-08-20,2026-08-20,2026-08-21,,road,HubLine Cargo,13,16
true,EHM Equip,Service Cart Mobile Locking,6600954923.01-01,2.0,6600954923,296.0,2026-09-15,2026-09-17,6600954923,57346906,singapore,sg,boeblingen dc,de,2026-08-22,2026-07-30,2026-08-07,2026-08-24,ocean,SwiftHaul GmbH,3,15
true,EHM Equip,Central Monitoring Software License 10-Bed,6600954923.01-02,12.0,6600954923,3038.0,2026-09-15,2026-09-17,6600954923,57346906,singapore,sg,boeblingen dc,de,2026-08-22,2026-07-30,2026-08-07,2026-08-24,ocean,SwiftHaul GmbH,3,15
true,Clinical Measurements,NIBP Cuff Set Neonatal,6601395633.01-01,5.0,6601395633,473.0,2026-10-14,2026-10-19,"6601395633,6601658030",50909969,rotterdam,nl,boeblingen dc,de,2026-10-10,2026-08-20,2026-08-21,2026-08-24,road,EuroCargo Express,7,15
true,Clinical Measurements,Telemetry Transmitter T5 Dual-Channel,6601658030.01-01,9.0,6601658030,7666.0,2026-10-14,2026-10-16,"6601395633,6601658030",50909969,rotterdam,nl,boeblingen dc,de,2026-10-10,2026-08-20,2026-08-21,2026-08-24,road,EuroCargo Express,7,15
true,EHM Equip,Vital Signs Monitor V300 Touch,6601335505.01-01,5.0,6601335505,4897.0,2026-08-31,2026-09-05,6601335505,57596339,los angeles,us,herrsching dc,de,2026-08-14,2026-08-14,2026-08-19,,air,SwiftHaul GmbH,5,16
true,EHM Equip,Central Station Display 27in,6601335505.01-02,9.0,6601335505,10266.0,2026-08-31,2026-09-05,6601335505,57596339,los angeles,us,herrsching dc,de,2026-08-14,2026-08-14,2026-08-19,,air,SwiftHaul GmbH,5,16
true,EHM Equip,SpO2 Sensor Disposable Adult,6601335505.01-03,3.0,6601335505,2497.0,2026-08-31,2026-09-05,6601335505,57596339,los angeles,us,herrsching dc,de,2026-08-14,2026-08-14,2026-08-19,,air,SwiftHaul GmbH,5,16
true,EHM Equip,Temperature Probe Esophageal,6600727304.01-01,1.0,6600727304,516.0,2026-09-28,2026-10-04,"6600727304,6601481152",52007769,warsaw,pl,boeblingen dc,de,2026-08-13,2026-08-11,2026-08-12,2026-08-16,road,HubLine Cargo,10,15
true,EHM Equip,Service Cart Mobile Standard,6601481152.01-01,11.0,6601481152,1306.0,2026-08-17,2026-08-24,"6600727304,6601481152",52007769,warsaw,pl,boeblingen dc,de,2026-08-13,2026-08-11,2026-08-12,2026-08-16,road,HubLine Cargo,10,15
true,Speciality Monitoring,Network Interface Card Standard,6601064980.01-01,7.0,6601064980,5079.0,2026-09-29,2026-10-04,6601064980,51964847,shenzhen,cn,leipzig dc,de,2026-09-03,,,,ocean,EuroCargo Express,2,17
true,Clinical Measurements,Multi-Param Sensor Module MP-8 Plus,6600798409.01-01,3.0,6600798409,2069.0,2026-08-17,2026-08-22,6600798409,59109979,lyon,fr,leipzig dc,de,2026-08-14,2026-08-14,2026-08-15,,road,HubLine Cargo,12,17
true,Clinical Measurements,Battery Pack BP-08 Compact,6600798409.01-02,11.0,6600798409,2029.0,2026-08-17,2026-08-22,6600798409,59109979,lyon,fr,leipzig dc,de,2026-08-14,2026-08-14,2026-08-15,,road,HubLine Cargo,12,17
true,EHM Equip,Infusion Pump IP-300 Compact,6601586887.01-01,2.0,6601586887,827.0,2026-10-10,2026-10-09,6601586887,51686822,singapore,sg,hamburg dc,de,2026-09-18,2026-08-31,2026-09-07,,ocean,Meridian Air Cargo,3,14
true,Next-Gen Acute Care Monitoring,Telemetry Transmitter T5 Dual-Channel,6601010428.01-01,12.0,6601010428,1264.0,2026-09-02,2026-09-06,"6601010428,6601657599",56801756,shanghai,cn,herrsching dc,de,2026-08-06,2026-07-28,2026-08-06,2026-08-24,ocean,EuroCargo Express,1,16
true,Next-Gen Acute Care Monitoring,Service Cart Mobile Locking,6601010428.01-02,2.0,6601010428,1983.0,2026-09-02,2026-09-06,"6601010428,6601657599",56801756,shanghai,cn,herrsching dc,de,2026-08-06,2026-07-28,2026-08-06,2026-08-24,ocean,EuroCargo Express,1,16
true,EHM Equip,Patient Cable ECG 5-lead 3m,6601657599.01-01,8.0,6601657599,1591.0,2026-10-01,2026-10-08,"6601010428,6601657599",56801756,shanghai,cn,herrsching dc,de,2026-08-06,2026-07-28,2026-08-06,2026-08-24,ocean,EuroCargo Express,1,16
true,ACI Clinical Integ. & Insights,Service Cart Mobile Locking,6601044917.01-01,6.0,6601044917,2631.0,2026-08-16,2026-08-17,6601044917,50460612,chicago,us,hamburg dc,de,2026-08-04,2026-08-06,2026-08-10,2026-08-18,air,HubLine Cargo,4,14
true,EHM Equip,Ventilator Circuit Kit Adult,6601343962.01-01,3.0,6601343962,981.0,2026-10-03,2026-10-02,6601343962,59754613,shenzhen,cn,hamburg dc,de,2026-09-08,2026-08-03,2026-08-11,2026-08-28,ocean,Blue Anchor Shipping,2,14
true,EHM Equip,Temperature Probe Skin,6601343962.01-02,9.0,6601343962,309.0,2026-10-03,2026-10-02,6601343962,59754613,shenzhen,cn,hamburg dc,de,2026-09-08,2026-08-03,2026-08-11,2026-08-28,ocean,Blue Anchor Shipping,2,14
true,EHM Equip,Patient Monitor Gateway X1 Pro,6601343962.01-03,3.0,6601343962,1318.0,2026-10-03,2026-10-02,6601343962,59754613,shenzhen,cn,hamburg dc,de,2026-09-08,2026-08-03,2026-08-11,2026-08-28,ocean,Blue Anchor Shipping,2,14
true,EHM Equip,Vital Signs Monitor V200,6601452359.01-01,6.0,6601452359,2784.0,2026-10-11,2026-10-11,6601452359,51478324,hamburg,de,boeblingen dc,de,2026-10-09,2026-08-31,2026-09-01,,road,Blue Anchor Shipping,13,15
true,EHM Equip,Network Interface Card Standard,6601452359.01-02,1.0,6601452359,96.0,2026-10-11,2026-10-11,6601452359,51478324,hamburg,de,boeblingen dc,de,2026-10-09,2026-08-31,2026-09-01,,road,Blue Anchor Shipping,13,15
true,Speciality Monitoring,NIBP Cuff Set Pediatric,6600909303.01-01,3.0,6600909303,6534.0,2026-09-29,2026-09-26,6600909303,50975247,shanghai,cn,hamburg dc,de,2026-09-05,,,,ocean,HubLine Cargo,1,14
true,Clinical Measurements,Multi-Param Sensor Module MP-8 Plus,6601575604.01-01,6.0,6601575604,4612.0,2026-08-13,2026-08-19,6601575604,53357550,antwerp,be,hamburg dc,de,2026-08-11,,,,road,EuroCargo Express,8,14
true,Clinical Measurements,Printer Module PM-3 Thermal,6601575604.01-02,11.0,6601575604,2407.0,2026-08-13,2026-08-19,6601575604,53357550,antwerp,be,hamburg dc,de,2026-08-11,,,,road,EuroCargo Express,8,14
true,Speciality Monitoring,Central Monitoring Software License 20-Bed,6601430872.01-01,7.0,6601430872,3102.0,2026-10-05,2026-10-03,6601430872,52696008,antwerp,be,boeblingen dc,de,2026-10-01,2026-08-22,2026-08-23,2026-08-26,road,Meridian Air Cargo,8,15
true,Speciality Monitoring,Infusion Pump Docking Station Triple Bay,6601430872.01-02,10.0,6601430872,3443.0,2026-10-05,2026-10-03,6601430872,52696008,antwerp,be,boeblingen dc,de,2026-10-01,2026-08-22,2026-08-23,2026-08-26,road,Meridian Air Cargo,8,15
true,Speciality Monitoring,Infusion Pump Docking Station Single Bay,6601430872.01-03,5.0,6601430872,1811.0,2026-10-05,2026-10-03,6601430872,52696008,antwerp,be,boeblingen dc,de,2026-10-01,2026-08-22,2026-08-23,2026-08-26,road,Meridian Air Cargo,8,15
true,EHM Equip,Telemetry Transmitter T3,6600820437.01-01,12.0,6600820437,3809.0,2026-09-16,2026-09-15,6600820437,56366061,rotterdam,nl,herrsching dc,de,2026-09-12,2026-08-22,2026-08-23,2026-08-26,road,Blue Anchor Shipping,7,16
true,EHM Equip,CO2 Sensor Module Sidestream,6600820437.01-02,2.0,6600820437,5926.0,2026-09-16,2026-09-15,6600820437,56366061,rotterdam,nl,herrsching dc,de,2026-09-12,2026-08-22,2026-08-23,2026-08-26,road,Blue Anchor Shipping,7,16
true,EHM Equip,Defibrillator Pad Set Adult,6601198564.01-01,11.0,6601198564,2299.0,2026-08-31,2026-09-01,6601198564,51691971,antwerp,be,hamburg dc,de,2026-08-29,2026-08-20,2026-08-21,2026-08-22,road,EuroCargo Express,8,14
true,EHM Equip,Wall Mount Arm Dual Monitor,6601198564.01-02,10.0,6601198564,5638.0,2026-08-31,2026-09-01,6601198564,51691971,antwerp,be,hamburg dc,de,2026-08-29,2026-08-20,2026-08-21,2026-08-22,road,EuroCargo Express,8,14
true,EHM Equip,Printer Module PM-3 Thermal,6601198564.01-03,2.0,6601198564,2671.0,2026-08-31,2026-09-01,6601198564,51691971,antwerp,be,hamburg dc,de,2026-08-29,2026-08-20,2026-08-21,2026-08-22,road,EuroCargo Express,8,14
true,Next-Gen Acute Care Monitoring,Network Interface Card Standard,6600905535.01-01,5.0,6600905535,2765.0,2026-10-09,2026-10-13,6600905535,59079024,miami,us,boeblingen dc,de,2026-09-23,2026-08-10,2026-08-15,2026-08-26,air,SwiftHaul GmbH,6,15
true,EHM Equip,Wall Mount Arm Dual Monitor,6601304207.01-01,4.0,6601304207,772.0,2026-09-20,2026-09-21,6601304207,58100614,singapore,sg,hamburg dc,de,2026-08-29,,,,ocean,EuroCargo Express,3,14
true,ACI Clinical Integ. & Insights,Infusion Pump IP-700 Dual,6601105422.01-01,8.0,6601105422,1826.0,2026-08-23,2026-08-21,6601105422,50185565,bratislava,sk,herrsching dc,de,2026-08-21,2026-08-22,2026-08-23,2026-08-24,road,HubLine Cargo,11,16
true,Next-Gen Acute Care Monitoring,ECG Lead Set 5-wire,6601587994.01-01,7.0,6601587994,3299.0,2026-10-13,2026-10-12,6601587994,55609222,singapore,sg,herrsching dc,de,2026-09-18,2026-08-30,2026-09-07,,ocean,NorthStar Freight,3,16
true,Next-Gen Acute Care Monitoring,Defibrillator Pad Set Pediatric,6601587994.01-02,11.0,6601587994,1494.0,2026-10-13,2026-10-12,6601587994,55609222,singapore,sg,herrsching dc,de,2026-09-18,2026-08-30,2026-09-07,,ocean,NorthStar Freight,3,16
true,ACI Clinical Integ. & Insights,SpO2 Sensor Disposable Adult,6601551340.01-01,6.0,6601551340,1023.0,2026-10-02,2026-09-29,6601551340,59801720,miami,us,leipzig dc,de,2026-09-17,2026-08-29,2026-09-03,,air,EuroCargo Express,6,17
true,Clinical Measurements,Ultrasound Probe Convex C5,6600836848.01-01,5.0,6600836848,2292.0,2026-09-01,2026-09-03,"6600836848,6600846045",59397734,hamburg,de,boeblingen dc,de,2026-08-09,,,,road,Blue Anchor Shipping,13,15
true,EHM Equip,Defibrillator Pad Set Training,6600846045.01-01,4.0,6600846045,1973.0,2026-08-11,2026-08-11,"6600836848,6600846045",59397734,hamburg,de,boeblingen dc,de,2026-08-09,,,,road,Blue Anchor Shipping,13,15
true,EHM Equip,Multi-Param Sensor Module MP-8 Plus,6601165690.01-01,4.0,6601165690,3639.0,2026-09-16,2026-09-15,6601165690,51377555,bratislava,sk,herrsching dc,de,2026-09-14,,,,road,Meridian Air Cargo,11,16
true,EHM Equip,Network Interface Card Redundant Dual-Port,6601165690.01-02,11.0,6601165690,1361.0,2026-09-16,2026-09-15,6601165690,51377555,bratislava,sk,herrsching dc,de,2026-09-14,,,,road,Meridian Air Cargo,11,16
true,EHM Equip,NIBP Cuff Set Adult,6601165690.01-03,5.0,6601165690,845.0,2026-09-16,2026-09-15,6601165690,51377555,bratislava,sk,herrsching dc,de,2026-09-14,,,,road,Meridian Air Cargo,11,16
true,EHM Equip,Infusion Pump IP-500,6601165690.01-04,2.0,6601165690,3127.0,2026-09-16,2026-09-15,6601165690,51377555,bratislava,sk,herrsching dc,de,2026-09-14,,,,road,Meridian Air Cargo,11,16
true,EHM Equip,Bedside Monitor Mount Rail Mount,6601057244.01-01,8.0,6601057244,4172.0,2026-09-11,2026-09-14,6601057244,55014228,shenzhen,cn,boeblingen dc,de,2026-08-15,2026-07-26,2026-08-04,2026-08-21,ocean,NorthStar Freight,2,15
true,EHM Equip,Patient Cable NIBP Hose 2.5m,6601057244.01-02,8.0,6601057244,1728.0,2026-09-11,2026-09-14,6601057244,55014228,shenzhen,cn,boeblingen dc,de,2026-08-15,2026-07-26,2026-08-04,2026-08-21,ocean,NorthStar Freight,2,15
true,Clinical Measurements,Battery Pack BP-24 Extended,6600942074.01-01,8.0,6600942074,4901.0,2026-10-10,2026-10-08,6600942074,55252909,antwerp,be,boeblingen dc,de,2026-10-06,2026-08-31,2026-09-01,,road,HubLine Cargo,8,15
true,Clinical Measurements,Wall Mount Arm Single Monitor,6600942074.01-02,5.0,6600942074,237.0,2026-10-10,2026-10-08,6600942074,55252909,antwerp,be,boeblingen dc,de,2026-10-06,2026-08-31,2026-09-01,,road,HubLine Cargo,8,15
true,Clinical Measurements,Battery Pack BP-12,6600942074.01-03,1.0,6600942074,3545.0,2026-10-10,2026-10-08,6600942074,55252909,antwerp,be,boeblingen dc,de,2026-10-06,2026-08-31,2026-09-01,,road,HubLine Cargo,8,15
true,Clinical Measurements,Ventilator Circuit Kit Reusable Adult,6601117169.01-01,7.0,6601117169,1478.0,2026-08-24,2026-08-26,6601117169,55713111,singapore,sg,leipzig dc,de,2026-08-01,2026-07-30,2026-08-06,2026-08-26,ocean,HubLine Cargo,3,17
true,EHM Equip,CO2 Sensor Module Mainstream,6601525425.01-01,8.0,6601525425,2331.0,2026-10-01,2026-09-29,6601525425,59666462,warsaw,pl,herrsching dc,de,2026-09-27,2026-08-19,2026-08-20,2026-08-23,road,NorthStar Freight,10,16
true,EHM Equip,Calibration Kit Advanced Diagnostic,6601474452.01-01,3.0,6601474452,5313.0,2026-09-21,2026-09-28,6601474452,57345537,hamburg,de,hamburg dc,de,2026-09-20,,,,road,NorthStar Freight,13,14
true,EHM Equip,Multi-Param Sensor Module MP-5,6601474452.01-02,11.0,6601474452,446.0,2026-09-21,2026-09-28,6601474452,57345537,hamburg,de,hamburg dc,de,2026-09-20,,,,road,NorthStar Freight,13,14
true,Clinical Measurements,Ventilator Circuit Kit Neonatal,6600912099.01-01,3.0,6600912099,6564.0,2026-08-14,2026-08-11,6600912099,54347873,lyon,fr,boeblingen dc,de,2026-08-12,2026-08-11,2026-08-12,2026-08-13,road,SwiftHaul GmbH,12,15
true,Clinical Measurements,Ultrasound Probe Convex C5,6600912099.01-02,12.0,6600912099,3072.0,2026-08-14,2026-08-11,6600912099,54347873,lyon,fr,boeblingen dc,de,2026-08-12,2026-08-11,2026-08-12,2026-08-13,road,SwiftHaul GmbH,12,15
true,Clinical Measurements,Ventilator Circuit Kit Reusable Adult,6600912099.01-03,4.0,6600912099,50.0,2026-08-14,2026-08-11,6600912099,54347873,lyon,fr,boeblingen dc,de,2026-08-12,2026-08-11,2026-08-12,2026-08-13,road,SwiftHaul GmbH,12,15
true,Clinical Measurements,Infusion Pump IP-700 Dual,6600912099.01-04,5.0,6600912099,39.0,2026-08-14,2026-08-11,6600912099,54347873,lyon,fr,boeblingen dc,de,2026-08-12,2026-08-11,2026-08-12,2026-08-13,road,SwiftHaul GmbH,12,15
true,Next-Gen Acute Care Monitoring,Multi-Param Sensor Module MP-8 Plus,6601455919.01-01,4.0,6601455919,2573.0,2026-10-06,2026-10-08,6601455919,54560979,hamburg,de,leipzig dc,de,2026-10-05,2026-08-30,2026-08-31,,road,SwiftHaul GmbH,13,17
true,Next-Gen Acute Care Monitoring,Central Monitoring Software License 10-Bed,6601455919.01-02,1.0,6601455919,2589.0,2026-10-06,2026-10-08,6601455919,54560979,hamburg,de,leipzig dc,de,2026-10-05,2026-08-30,2026-08-31,,road,SwiftHaul GmbH,13,17
true,Next-Gen Acute Care Monitoring,Calibration Kit Standard,6601455919.01-03,5.0,6601455919,1297.0,2026-10-06,2026-10-08,6601455919,54560979,hamburg,de,leipzig dc,de,2026-10-05,2026-08-30,2026-08-31,,road,SwiftHaul GmbH,13,17
true,EHM Equip,Patient Cable SpO2 Extension 2m,6601637705.01-01,1.0,6601637705,994.0,2026-09-18,2026-09-16,6601637705,50513457,rotterdam,nl,hamburg dc,de,2026-09-16,2026-08-24,2026-08-25,2026-08-27,road,NorthStar Freight,7,14
true,EHM Equip,NIBP Cuff Set Pediatric,6601637705.01-02,12.0,6601637705,2314.0,2026-09-18,2026-09-16,6601637705,50513457,rotterdam,nl,hamburg dc,de,2026-09-16,2026-08-24,2026-08-25,2026-08-27,road,NorthStar Freight,7,14
true,EHM Equip,Battery Pack BP-08 Compact,6601637705.01-03,5.0,6601637705,2312.0,2026-09-18,2026-09-16,6601637705,50513457,rotterdam,nl,hamburg dc,de,2026-09-16,2026-08-24,2026-08-25,2026-08-27,road,NorthStar Freight,7,14
true,ACI Clinical Integ. & Insights,Ventilator Circuit Kit Neonatal,6601018687.01-01,8.0,6601018687,2189.0,2026-10-03,2026-10-01,6601018687,55360875,warsaw,pl,leipzig dc,de,2026-10-01,2026-08-30,2026-08-31,,road,SwiftHaul GmbH,10,17
true,ACI Clinical Integ. & Insights,Vital Signs Monitor V200 Cart Mount,6601018687.01-02,5.0,6601018687,1433.0,2026-10-03,2026-10-01,6601018687,55360875,warsaw,pl,leipzig dc,de,2026-10-01,2026-08-30,2026-08-31,,road,SwiftHaul GmbH,10,17
true,EHM Equip,Printer Module PM-3,6601402916.01-01,2.0,6601402916,2511.0,2026-09-27,2026-09-29,6601402916,56639917,miami,us,herrsching dc,de,2026-09-11,2026-08-09,2026-08-14,2026-08-25,air,NorthStar Freight,6,16
true,EHM Equip,Network Interface Card Standard,6601541954.01-01,3.0,6601541954,485.0,2026-08-22,2026-08-19,6601541954,52873605,shanghai,cn,boeblingen dc,de,2026-07-27,2026-07-27,2026-08-04,,ocean,Blue Anchor Shipping,1,15
true,EHM Equip,Battery Pack BP-24 Extended,6601541954.01-02,10.0,6601541954,9015.0,2026-08-22,2026-08-19,6601541954,52873605,shanghai,cn,boeblingen dc,de,2026-07-27,2026-07-27,2026-08-04,,ocean,Blue Anchor Shipping,1,15
true,EHM Equip,ECG Lead Set 5-wire Reusable,6600915719.01-01,5.0,6600915719,558.0,2026-09-21,2026-09-21,6600915719,50075678,bratislava,sk,hamburg dc,de,2026-09-18,2026-08-20,2026-08-21,2026-08-24,road,Blue Anchor Shipping,11,14
true,EHM Equip,SpO2 Sensor Finger Clip,6600915719.01-02,5.0,6600915719,1953.0,2026-09-21,2026-09-21,6600915719,50075678,bratislava,sk,hamburg dc,de,2026-09-18,2026-08-20,2026-08-21,2026-08-24,road,Blue Anchor Shipping,11,14
true,EHM Equip,Telemetry Transmitter T3,6600915719.01-03,6.0,6600915719,4371.0,2026-09-21,2026-09-21,6600915719,50075678,bratislava,sk,hamburg dc,de,2026-09-18,2026-08-20,2026-08-21,2026-08-24,road,Blue Anchor Shipping,11,14
true,EHM Equip,ECG Lead Set 3-wire,6600915719.01-04,4.0,6600915719,2557.0,2026-09-21,2026-09-21,6600915719,50075678,bratislava,sk,hamburg dc,de,2026-09-18,2026-08-20,2026-08-21,2026-08-24,road,Blue Anchor Shipping,11,14
true,Clinical Measurements,SpO2 Sensor Reusable Adult,6601301126.01-01,9.0,6601301126,5336.0,2026-09-27,2026-10-02,6601301126,51070585,bratislava,sk,hamburg dc,de,2026-09-24,2026-08-29,2026-08-30,,road,EuroCargo Express,11,14
true,EHM Equip,Calibration Kit Advanced Diagnostic,6601138023.01-01,3.0,6601138023,3589.0,2026-10-09,2026-10-06,6601138023,57862427,milan,it,boeblingen dc,de,2026-10-06,,,,road,Meridian Air Cargo,9,15
true,EHM Equip,Ventilator Circuit Kit Adult,6601352404.01-01,9.0,6601352404,2915.0,2026-09-29,2026-10-06,6601352404,50828220,chicago,us,herrsching dc,de,2026-09-15,2026-08-12,2026-08-16,2026-08-27,air,Blue Anchor Shipping,4,16
true,Speciality Monitoring,NIBP Cuff Set Thigh,6600865128.01-01,2.0,6600865128,677.0,2026-08-17,2026-08-17,6600865128,57680919,antwerp,be,hamburg dc,de,2026-08-15,2026-08-15,2026-08-16,,road,HubLine Cargo,8,14
true,Speciality Monitoring,NIBP Cuff Set Neonatal,6600865128.01-02,4.0,6600865128,2929.0,2026-08-17,2026-08-17,6600865128,57680919,antwerp,be,hamburg dc,de,2026-08-15,2026-08-15,2026-08-16,,road,HubLine Cargo,8,14
true,EHM Equip,Battery Pack BP-24 Extended,6600932094.01-01,5.0,6600932094,638.0,2026-09-04,2026-09-03,6600932094,59667174,shenzhen,cn,boeblingen dc,de,2026-08-08,,,,ocean,HubLine Cargo,2,15
true,EHM Equip,Bedside Monitor Mount Wall Arm,6600932094.01-02,10.0,6600932094,2416.0,2026-09-04,2026-09-03,6600932094,59667174,shenzhen,cn,boeblingen dc,de,2026-08-08,,,,ocean,HubLine Cargo,2,15
true,Clinical Measurements,Ultrasound Probe Convex C5,6601529839.01-01,5.0,6601529839,1921.0,2026-09-09,2026-09-07,6601529839,54489240,hamburg,de,herrsching dc,de,2026-09-07,2026-08-19,2026-08-20,2026-08-21,road,Meridian Air Cargo,13,16
true,Clinical Measurements,Central Monitoring Software License 10-Bed,6601529839.01-02,11.0,6601529839,3074.0,2026-09-09,2026-09-07,6601529839,54489240,hamburg,de,herrsching dc,de,2026-09-07,2026-08-19,2026-08-20,2026-08-21,road,Meridian Air Cargo,13,16
true,Clinical Measurements,Infusion Pump IP-500,6601529839.01-03,9.0,6601529839,996.0,2026-09-09,2026-09-07,6601529839,54489240,hamburg,de,herrsching dc,de,2026-09-07,2026-08-19,2026-08-20,2026-08-21,road,Meridian Air Cargo,13,16
true,Clinical Measurements,Bedside Monitor Mount Rail Mount,6601529839.01-04,8.0,6601529839,2399.0,2026-09-09,2026-09-07,6601529839,54489240,hamburg,de,herrsching dc,de,2026-09-07,2026-08-19,2026-08-20,2026-08-21,road,Meridian Air Cargo,13,16
true,Clinical Measurements,SpO2 Sensor Finger Clip,6601548094.01-01,12.0,6601548094,6681.0,2026-09-25,2026-09-29,6601548094,55183843,shanghai,cn,boeblingen dc,de,2026-08-30,2026-07-30,2026-08-07,2026-08-25,ocean,NorthStar Freight,1,15
true,Clinical Measurements,Patient Monitor Gateway X1 Pro,6601328107.01-01,6.0,6601328107,1883.0,2026-08-22,2026-08-22,6601328107,50705539,warsaw,pl,leipzig dc,de,2026-08-20,,,,road,HubLine Cargo,10,17
true,Next-Gen Acute Care Monitoring,NIBP Cuff Set Adult Long,6600715270.01-01,4.0,6600715270,1601.0,2026-08-14,2026-08-11,6600715270,57106710,miami,us,hamburg dc,de,2026-07-31,2026-07-31,2026-08-04,2026-08-15,air,NorthStar Freight,6,14
true,Next-Gen Acute Care Monitoring,ECG Lead Set 5-wire,6600715270.01-02,6.0,6600715270,96.0,2026-08-14,2026-08-11,6600715270,57106710,miami,us,hamburg dc,de,2026-07-31,2026-07-31,2026-08-04,2026-08-15,air,NorthStar Freight,6,14
true,Next-Gen Acute Care Monitoring,Telemetry Transmitter T3,6600715270.01-03,11.0,6600715270,1835.0,2026-08-14,2026-08-11,6600715270,57106710,miami,us,hamburg dc,de,2026-07-31,2026-07-31,2026-08-04,2026-08-15,air,NorthStar Freight,6,14
true,EHM Equip,Temperature Probe Skin,6600805172.01-01,5.0,6600805172,3546.0,2026-09-23,2026-09-28,6600805172,57309501,shanghai,cn,hamburg dc,de,2026-08-30,2026-08-04,2026-08-12,2026-08-30,ocean,SwiftHaul GmbH,1,14
true,EHM Equip,SpO2 Sensor Finger Clip,6600723621.01-01,1.0,6600723621,1769.0,2026-09-06,2026-09-12,6600723621,54723773,chicago,us,boeblingen dc,de,2026-08-23,2026-08-09,2026-08-13,2026-08-24,air,Blue Anchor Shipping,4,15
true,EHM Equip,Anesthesia Gas Module Standard 5-Gas,6600723621.01-02,8.0,6600723621,627.0,2026-09-06,2026-09-12,6600723621,54723773,chicago,us,boeblingen dc,de,2026-08-23,2026-08-09,2026-08-13,2026-08-24,air,Blue Anchor Shipping,4,15
true,Next-Gen Acute Care Monitoring,Patient Cable NIBP Hose 2.5m,6600995228.01-01,2.0,6600995228,3939.0,2026-10-11,2026-10-10,6600995228,54229573,miami,us,boeblingen dc,de,2026-09-25,,,,air,HubLine Cargo,6,15
true,Next-Gen Acute Care Monitoring,Telemetry Transmitter T5 Dual-Channel,6601302503.01-01,10.0,6601302503,1009.0,2026-09-01,2026-09-08,6601302503,58575735,milan,it,leipzig dc,de,2026-08-28,2026-08-28,2026-08-29,,road,Meridian Air Cargo,9,17
true,EHM Equip,Multi-Param Sensor Module MP-5,6601043674.01-01,11.0,6601043674,2167.0,2026-09-26,2026-09-29,6601043674,51972611,los angeles,us,boeblingen dc,de,2026-09-09,,,,air,HubLine Cargo,5,15
true,EHM Equip,Ultrasound Probe Linear L12,6601043674.01-02,2.0,6601043674,5173.0,2026-09-26,2026-09-29,6601043674,51972611,los angeles,us,boeblingen dc,de,2026-09-09,,,,air,HubLine Cargo,5,15
true,EHM Equip,Vital Signs Monitor V200,6601043674.01-03,3.0,6601043674,4681.0,2026-09-26,2026-09-29,6601043674,51972611,los angeles,us,boeblingen dc,de,2026-09-09,,,,air,HubLine Cargo,5,15
true,ACI ICCA,Patient Monitor Gateway X2 Wireless,6601640023.01-01,7.0,6601640023,742.0,2026-08-19,2026-08-16,6601640023,52345396,singapore,sg,herrsching dc,de,2026-07-25,2026-07-25,2026-08-02,,ocean,NorthStar Freight,3,16
true,EHM Equip,ECG Lead Set 5-wire,6601214904.01-01,11.0,6601214904,1757.0,2026-08-20,2026-08-19,6601214904,50169886,rotterdam,nl,leipzig dc,de,2026-08-17,2026-08-17,2026-08-18,2026-08-20,road,HubLine Cargo,7,17
true,EHM Equip,Wall Mount Arm Dual Monitor,6601214904.01-02,11.0,6601214904,267.0,2026-08-20,2026-08-19,6601214904,50169886,rotterdam,nl,leipzig dc,de,2026-08-17,2026-08-17,2026-08-18,2026-08-20,road,HubLine Cargo,7,17
true,EHM Equip,Infusion Pump IP-500,6601214904.01-03,7.0,6601214904,3219.0,2026-08-20,2026-08-19,6601214904,50169886,rotterdam,nl,leipzig dc,de,2026-08-17,2026-08-17,2026-08-18,2026-08-20,road,HubLine Cargo,7,17
true,EHM Equip,Battery Pack BP-08 Compact,6601214904.01-04,2.0,6601214904,2426.0,2026-08-20,2026-08-19,6601214904,50169886,rotterdam,nl,leipzig dc,de,2026-08-17,2026-08-17,2026-08-18,2026-08-20,road,HubLine Cargo,7,17
true,Next-Gen Acute Care Monitoring,Bedside Monitor Mount Rolling Stand,6601063352.01-01,8.0,6601063352,6928.0,2026-09-04,2026-09-08,6601063352,53981842,lyon,fr,hamburg dc,de,2026-09-01,2026-08-19,2026-08-20,2026-08-21,road,NorthStar Freight,12,14
true,EHM Equip,Temperature Probe Skin,6601462688.01-01,8.0,6601462688,619.0,2026-09-21,2026-09-21,6601462688,50887573,lyon,fr,leipzig dc,de,2026-09-18,2026-08-31,2026-09-01,,road,SwiftHaul GmbH,12,17
true,EHM Equip,Anesthesia Gas Module Standard 5-Gas,6601462688.01-02,2.0,6601462688,3576.0,2026-09-21,2026-09-21,6601462688,50887573,lyon,fr,leipzig dc,de,2026-09-18,2026-08-31,2026-09-01,,road,SwiftHaul GmbH,12,17
true,EHM Equip,Patient Cable SpO2 Extension 2m,6601462688.01-03,1.0,6601462688,192.0,2026-09-21,2026-09-21,6601462688,50887573,lyon,fr,leipzig dc,de,2026-09-18,2026-08-31,2026-09-01,,road,SwiftHaul GmbH,12,17
true,EHM Equip,Multi-Param Sensor Module MP-8 Plus,6601462688.01-04,6.0,6601462688,1619.0,2026-09-21,2026-09-21,6601462688,50887573,lyon,fr,leipzig dc,de,2026-09-18,2026-08-31,2026-09-01,,road,SwiftHaul GmbH,12,17
true,EHM Equip,Vital Signs Monitor V300 Touch,6600730456.01-01,11.0,6600730456,1645.0,2026-10-14,2026-10-12,6600730456,58781078,bratislava,sk,herrsching dc,de,2026-10-12,2026-08-31,2026-09-01,,road,NorthStar Freight,11,16
true,EHM Equip,Anesthesia Gas Module Compact 3-Gas,6600730456.01-02,12.0,6600730456,287.0,2026-10-14,2026-10-12,6600730456,58781078,bratislava,sk,herrsching dc,de,2026-10-12,2026-08-31,2026-09-01,,road,NorthStar Freight,11,16
true,EHM Equip,Patient Monitor Gateway X2 Wireless,6600730456.01-03,7.0,6600730456,7458.0,2026-10-14,2026-10-12,6600730456,58781078,bratislava,sk,herrsching dc,de,2026-10-12,2026-08-31,2026-09-01,,road,NorthStar Freight,11,16
true,EHM Equip,Telemetry Transmitter T3 Mini,6600730456.01-04,10.0,6600730456,4536.0,2026-10-14,2026-10-12,6600730456,58781078,bratislava,sk,herrsching dc,de,2026-10-12,2026-08-31,2026-09-01,,road,NorthStar Freight,11,16
true,EHM Equip,Ventilator Circuit Kit Neonatal,6600838763.01-01,6.0,6600838763,4154.0,2026-08-23,2026-08-20,6600838763,54919026,miami,us,leipzig dc,de,2026-08-08,2026-08-08,2026-08-13,2026-08-25,air,SwiftHaul GmbH,6,17
true,Next-Gen Acute Care Monitoring,Patient Monitor Gateway X1,6600708880.01-01,4.0,6600708880,4721.0,2026-10-14,2026-10-13,6600708880,55913317,rotterdam,nl,herrsching dc,de,2026-10-10,2026-08-24,2026-08-25,2026-08-28,road,SwiftHaul GmbH,7,16
true,EHM Equip,Ventilator Circuit Kit Neonatal,6601175113.01-01,6.0,6601175113,2188.0,2026-08-16,2026-08-14,6601175113,54104068,singapore,sg,hamburg dc,de,2026-07-25,2026-07-25,2026-08-01,,ocean,EuroCargo Express,3,14
true,EHM Equip,Infusion Pump IP-300 Compact,6601175113.01-02,8.0,6601175113,4117.0,2026-08-16,2026-08-14,6601175113,54104068,singapore,sg,hamburg dc,de,2026-07-25,2026-07-25,2026-08-01,,ocean,EuroCargo Express,3,14
true,Next-Gen Acute Care Monitoring,Printer Module PM-3 Thermal,6600895290.01-01,4.0,6600895290,2154.0,2026-08-26,2026-08-26,"6601154035,6600895290",58898603,warsaw,pl,boeblingen dc,de,2026-08-22,2026-08-20,2026-08-21,2026-08-24,road,NorthStar Freight,10,15
true,ACI ICCA,Wall Mount Arm Single Monitor,6601154035.01-01,9.0,6601154035,278.0,2026-09-09,2026-09-09,"6601154035,6600895290",58898603,warsaw,pl,boeblingen dc,de,2026-08-22,2026-08-20,2026-08-21,2026-08-24,road,NorthStar Freight,10,15
true,ACI ICCA,Temperature Probe Rectal,6601154035.01-02,4.0,6601154035,3072.0,2026-09-09,2026-09-09,"6601154035,6600895290",58898603,warsaw,pl,boeblingen dc,de,2026-08-22,2026-08-20,2026-08-21,2026-08-24,road,NorthStar Freight,10,15
true,EHM Equip,Central Monitoring Software License 40-Bed Enterprise,6600725368.01-01,1.0,6600725368,177.0,2026-08-28,2026-09-02,6600725368,52857309,antwerp,be,hamburg dc,de,2026-08-26,,,,road,NorthStar Freight,8,14
true,ACI Clinical Integ. & Insights,Telemetry Transmitter T3,6601220095.01-01,6.0,6601220095,4823.0,2026-10-04,2026-10-11,6601220095,59160679,warsaw,pl,leipzig dc,de,2026-10-02,2026-08-21,2026-08-22,2026-08-23,road,Blue Anchor Shipping,10,17
true,EHM Equip,Central Station Display 27in,6601343070.01-01,1.0,6601343070,1117.0,2026-09-25,2026-09-28,"6601343070,6601618012",52435499,antwerp,be,boeblingen dc,de,2026-09-21,2026-08-30,2026-08-31,,road,NorthStar Freight,8,15
true,EHM Equip,SpO2 Sensor Reusable Pediatric,6601343070.01-02,10.0,6601343070,3872.0,2026-09-25,2026-09-28,"6601343070,6601618012",52435499,antwerp,be,boeblingen dc,de,2026-09-21,2026-08-30,2026-08-31,,road,NorthStar Freight,8,15
true,EHM Equip,ECG Lead Set 5-wire Reusable,6601618012.01-01,11.0,6601618012,333.0,2026-09-27,2026-09-26,"6601343070,6601618012",52435499,antwerp,be,boeblingen dc,de,2026-09-21,2026-08-30,2026-08-31,,road,NorthStar Freight,8,15
true,EHM Equip,NIBP Cuff Set Pediatric,6601618012.01-02,3.0,6601618012,997.0,2026-09-27,2026-09-26,"6601343070,6601618012",52435499,antwerp,be,boeblingen dc,de,2026-09-21,2026-08-30,2026-08-31,,road,NorthStar Freight,8,15
true,EHM Equip,Patient Monitor Gateway X1,6601618012.01-03,7.0,6601618012,3199.0,2026-09-27,2026-09-26,"6601343070,6601618012",52435499,antwerp,be,boeblingen dc,de,2026-09-21,2026-08-30,2026-08-31,,road,NorthStar Freight,8,15
true,ACI ICCA,Network Interface Card Redundant Dual-Port,6601422317.01-01,5.0,6601422317,1902.0,2026-10-01,2026-10-06,6601422317,51240465,shanghai,cn,herrsching dc,de,2026-09-04,2026-07-26,2026-08-04,2026-08-22,ocean,Meridian Air Cargo,1,16
true,Next-Gen Acute Care Monitoring,Service Cart Mobile Locking,6601220519.01-01,7.0,6601220519,4754.0,2026-09-09,2026-09-11,6601220519,52975628,los angeles,us,hamburg dc,de,2026-08-25,2026-08-11,2026-08-16,2026-08-28,air,SwiftHaul GmbH,5,14
true,EHM Equip,Ultrasound Probe Cardiac P4,6601400685.01-01,8.0,6601400685,3668.0,2026-08-20,2026-08-20,6601400685,53932875,shanghai,cn,leipzig dc,de,2026-07-26,2026-07-26,2026-08-03,2026-08-19,ocean,Meridian Air Cargo,1,17
true,EHM Equip,Service Cart Mobile Standard,6601400685.01-02,2.0,6601400685,5088.0,2026-08-20,2026-08-20,6601400685,53932875,shanghai,cn,leipzig dc,de,2026-07-26,2026-07-26,2026-08-03,2026-08-19,ocean,Meridian Air Cargo,1,17
true,EHM Equip,Patient Monitor Gateway X1 Pro,6601400685.01-03,8.0,6601400685,873.0,2026-08-20,2026-08-20,6601400685,53932875,shanghai,cn,leipzig dc,de,2026-07-26,2026-07-26,2026-08-03,2026-08-19,ocean,Meridian Air Cargo,1,17
true,EHM Equip,Ventilator Circuit Kit Adult,6601052710.01-01,11.0,6601052710,1686.0,2026-08-21,2026-08-25,6601052710,52200973,lyon,fr,boeblingen dc,de,2026-08-19,2026-08-17,2026-08-18,,road,HubLine Cargo,12,15
true,Next-Gen Acute Care Monitoring,Central Monitoring Software License 40-Bed Enterprise,6601339531.01-01,8.0,6601339531,1465.0,2026-09-21,2026-09-27,6601339531,52599455,bratislava,sk,herrsching dc,de,2026-09-19,2026-08-20,2026-08-21,2026-08-22,road,HubLine Cargo,11,16
true,EHM Equip,ECG Lead Set 5-wire,6600933169.01-01,2.0,6600933169,2835.0,2026-09-04,2026-09-08,6600933169,54698945,singapore,sg,boeblingen dc,de,2026-08-11,2026-08-06,2026-08-14,2026-08-31,ocean,HubLine Cargo,3,15
true,EHM Equip,Wall Mount Arm Single Monitor,6600933169.01-02,3.0,6600933169,2882.0,2026-09-04,2026-09-08,6600933169,54698945,singapore,sg,boeblingen dc,de,2026-08-11,2026-08-06,2026-08-14,2026-08-31,ocean,HubLine Cargo,3,15
true,EHM Equip,Multi-Param Sensor Module MP-5,6600933169.01-03,9.0,6600933169,6088.0,2026-09-04,2026-09-08,6600933169,54698945,singapore,sg,boeblingen dc,de,2026-08-11,2026-08-06,2026-08-14,2026-08-31,ocean,HubLine Cargo,3,15
true,EHM Equip,Patient Cable ECG 5-lead 3m,6600933169.01-04,11.0,6600933169,664.0,2026-09-04,2026-09-08,6600933169,54698945,singapore,sg,boeblingen dc,de,2026-08-11,2026-08-06,2026-08-14,2026-08-31,ocean,HubLine Cargo,3,15
true,EHM Equip,NIBP Cuff Set Adult Long,6600817700.01-01,1.0,6600817700,5679.0,2026-09-26,2026-09-28,"6601029456,6600817700",54987215,shanghai,cn,boeblingen dc,de,2026-08-17,2026-08-03,2026-08-11,2026-08-29,ocean,HubLine Cargo,1,15
true,EHM Equip,Ventilator Circuit Kit Reusable Adult,6600817700.01-02,5.0,6600817700,4092.0,2026-09-26,2026-09-28,"6601029456,6600817700",54987215,shanghai,cn,boeblingen dc,de,2026-08-17,2026-08-03,2026-08-11,2026-08-29,ocean,HubLine Cargo,1,15
true,EHM Equip,Network Interface Card Redundant Dual-Port,6600817700.01-03,2.0,6600817700,631.0,2026-09-26,2026-09-28,"6601029456,6600817700",54987215,shanghai,cn,boeblingen dc,de,2026-08-17,2026-08-03,2026-08-11,2026-08-29,ocean,HubLine Cargo,1,15
true,EHM Equip,Battery Pack BP-12,6600817700.01-04,9.0,6600817700,718.0,2026-09-26,2026-09-28,"6601029456,6600817700",54987215,shanghai,cn,boeblingen dc,de,2026-08-17,2026-08-03,2026-08-11,2026-08-29,ocean,HubLine Cargo,1,15
true,ACI ICCA,Temperature Probe Esophageal,6601029456.01-01,9.0,6601029456,4611.0,2026-09-12,2026-09-19,"6601029456,6600817700",54987215,shanghai,cn,boeblingen dc,de,2026-08-17,2026-08-03,2026-08-11,2026-08-29,ocean,HubLine Cargo,1,15
true,ACI ICCA,Vital Signs Monitor V300 Touch,6601029456.01-02,2.0,6601029456,1822.0,2026-09-12,2026-09-19,"6601029456,6600817700",54987215,shanghai,cn,boeblingen dc,de,2026-08-17,2026-08-03,2026-08-11,2026-08-29,ocean,HubLine Cargo,1,15
true,ACI ICCA,Patient Monitor Gateway X2 Wireless,6601029456.01-03,3.0,6601029456,2659.0,2026-09-12,2026-09-19,"6601029456,6600817700",54987215,shanghai,cn,boeblingen dc,de,2026-08-17,2026-08-03,2026-08-11,2026-08-29,ocean,HubLine Cargo,1,15
true,ACI ICCA,Patient Monitor Gateway X1,6601029456.01-04,12.0,6601029456,152.0,2026-09-12,2026-09-19,"6601029456,6600817700",54987215,shanghai,cn,boeblingen dc,de,2026-08-17,2026-08-03,2026-08-11,2026-08-29,ocean,HubLine Cargo,1,15
true,EHM Equip,Battery Pack BP-24 Extended,6600981489.01-01,7.0,6600981489,215.0,2026-08-11,2026-08-16,6600981489,50928818,shenzhen,cn,herrsching dc,de,2026-07-14,2026-07-20,2026-07-29,2026-08-17,ocean,Blue Anchor Shipping,2,16
true,EHM Equip,NIBP Cuff Set Adult Long,6600981489.01-02,3.0,6600981489,958.0,2026-08-11,2026-08-16,6600981489,50928818,shenzhen,cn,herrsching dc,de,2026-07-14,2026-07-20,2026-07-29,2026-08-17,ocean,Blue Anchor Shipping,2,16
true,EHM Equip,Battery Pack BP-12,6600981489.01-03,10.0,6600981489,765.0,2026-08-11,2026-08-16,6600981489,50928818,shenzhen,cn,herrsching dc,de,2026-07-14,2026-07-20,2026-07-29,2026-08-17,ocean,Blue Anchor Shipping,2,16
true,ACI Clinical Integ. & Insights,Vital Signs Monitor V100 Compact,6600999829.01-01,6.0,6600999829,2619.0,2026-08-30,2026-09-03,6600999829,50850686,rotterdam,nl,hamburg dc,de,2026-08-28,2026-08-26,2026-08-27,2026-08-28,road,EuroCargo Express,7,14
true,ACI ICCA,Temperature Probe Rectal,6601131301.01-01,2.0,6601131301,1345.0,2026-09-19,2026-09-20,6601131301,52116337,rotterdam,nl,herrsching dc,de,2026-09-15,2026-08-24,2026-08-25,2026-08-29,road,NorthStar Freight,7,16
true,ACI ICCA,Infusion Pump IP-500,6601131301.01-02,3.0,6601131301,726.0,2026-09-19,2026-09-20,6601131301,52116337,rotterdam,nl,herrsching dc,de,2026-09-15,2026-08-24,2026-08-25,2026-08-29,road,NorthStar Freight,7,16
true,ACI ICCA,ECG Lead Set 12-wire Diagnostic,6601131301.01-03,12.0,6601131301,1547.0,2026-09-19,2026-09-20,6601131301,52116337,rotterdam,nl,herrsching dc,de,2026-09-15,2026-08-24,2026-08-25,2026-08-29,road,NorthStar Freight,7,16
true,ACI ICCA,Infusion Pump IP-700 Dual,6601344201.01-01,2.0,6601344201,5361.0,2026-08-14,2026-08-20,6601344201,53643452,shanghai,cn,boeblingen dc,de,2026-07-19,2026-07-19,2026-07-27,,ocean,SwiftHaul GmbH,1,15
true,ACI ICCA,NIBP Cuff Set Adult,6600970211.01-01,9.0,6600970211,1108.0,2026-08-30,2026-09-01,6600970211,55575220,hamburg,de,hamburg dc,de,2026-08-29,,,,road,Meridian Air Cargo,13,14
true,ACI ICCA,Vital Signs Monitor V300 Touch,6600970211.01-02,1.0,6600970211,1982.0,2026-08-30,2026-09-01,6600970211,55575220,hamburg,de,hamburg dc,de,2026-08-29,,,,road,Meridian Air Cargo,13,14
true,Clinical Measurements,Ventilator Circuit Kit Reusable Adult,6601417159.01-01,9.0,6601417159,2361.0,2026-09-25,2026-10-01,6601417159,59253868,shanghai,cn,leipzig dc,de,2026-08-31,,,,ocean,NorthStar Freight,1,17
true,Next-Gen Acute Care Monitoring,Network Interface Card Redundant Dual-Port,6601267420.01-01,8.0,6601267420,3037.0,2026-10-14,2026-10-15,6601267420,57773514,shenzhen,cn,leipzig dc,de,2026-09-18,,,,ocean,Meridian Air Cargo,2,17
true,Next-Gen Acute Care Monitoring,Vital Signs Monitor V100 Compact,6601267420.01-02,1.0,6601267420,231.0,2026-10-14,2026-10-15,6601267420,57773514,shenzhen,cn,leipzig dc,de,2026-09-18,,,,ocean,Meridian Air Cargo,2,17
true,EHM Equip,Wall Mount Arm Single Monitor,6601562521.01-01,9.0,6601562521,1302.0,2026-09-22,2026-09-22,6601562521,58461317,hamburg,de,leipzig dc,de,2026-09-21,2026-08-29,2026-08-30,,road,Meridian Air Cargo,13,17
true,EHM Equip,Bedside Monitor Mount Rail Mount,6601562521.01-02,5.0,6601562521,3066.0,2026-09-22,2026-09-22,6601562521,58461317,hamburg,de,leipzig dc,de,2026-09-21,2026-08-29,2026-08-30,,road,Meridian Air Cargo,13,17
true,EHM Equip,Telemetry Transmitter T3 Mini,6601641729.01-01,7.0,6601641729,2676.0,2026-09-06,2026-09-04,6601641729,50254102,lyon,fr,leipzig dc,de,2026-09-03,2026-08-23,2026-08-24,2026-08-30,road,NorthStar Freight,12,17
true,EHM Equip,Battery Pack BP-12,6601579641.01-01,11.0,6601579641,1701.0,2026-08-12,2026-08-16,6601579641,57716037,rotterdam,nl,herrsching dc,de,2026-08-08,2026-08-17,2026-08-18,2026-08-25,road,HubLine Cargo,7,16
true,Next-Gen Acute Care Monitoring,Vital Signs Monitor V300 Wall Mount,6601337261.01-01,11.0,6601337261,5994.0,2026-09-05,2026-09-11,6601337261,58216846,bratislava,sk,hamburg dc,de,2026-09-02,,,,road,SwiftHaul GmbH,11,14
true,ACI ICCA,Patient Cable SpO2 Extension 2m,6601156444.01-01,11.0,6601156444,1509.0,2026-09-22,2026-09-27,6601156444,54583103,rotterdam,nl,leipzig dc,de,2026-09-19,2026-08-26,2026-08-27,2026-08-31,road,EuroCargo Express,7,17
true,ACI ICCA,Printer Module PM-3 Thermal,6601156444.01-02,1.0,6601156444,2272.0,2026-09-22,2026-09-27,6601156444,54583103,rotterdam,nl,leipzig dc,de,2026-09-19,2026-08-26,2026-08-27,2026-08-31,road,EuroCargo Express,7,17
true,ACI ICCA,Telemetry Transmitter T3,6601156444.01-03,12.0,6601156444,1187.0,2026-09-22,2026-09-27,6601156444,54583103,rotterdam,nl,leipzig dc,de,2026-09-19,2026-08-26,2026-08-27,2026-08-31,road,EuroCargo Express,7,17
true,Next-Gen Acute Care Monitoring,Vital Signs Monitor V100 Compact,6601194603.01-01,11.0,6601194603,638.0,2026-09-18,2026-09-21,6601194603,59992833,shenzhen,cn,hamburg dc,de,2026-08-24,2026-08-02,2026-08-10,2026-08-29,ocean,Blue Anchor Shipping,2,14
true,Next-Gen Acute Care Monitoring,Central Station Display 27in,6601194603.01-02,10.0,6601194603,3183.0,2026-09-18,2026-09-21,6601194603,59992833,shenzhen,cn,hamburg dc,de,2026-08-24,2026-08-02,2026-08-10,2026-08-29,ocean,Blue Anchor Shipping,2,14
true,EHM Equip,Temperature Probe Rectal,6600984276.01-01,5.0,6600984276,1485.0,2026-10-01,2026-10-05,6600984276,54847991,bratislava,sk,leipzig dc,de,2026-09-28,2026-08-31,2026-09-01,,road,Meridian Air Cargo,11,17
true,EHM Equip,Central Monitoring Software License 40-Bed Enterprise,6600984276.01-02,10.0,6600984276,2147.0,2026-10-01,2026-10-05,6600984276,54847991,bratislava,sk,leipzig dc,de,2026-09-28,2026-08-31,2026-09-01,,road,Meridian Air Cargo,11,17
true,EHM Equip,Printer Module PM-3 Thermal,6600984276.01-03,2.0,6600984276,1847.0,2026-10-01,2026-10-05,6600984276,54847991,bratislava,sk,leipzig dc,de,2026-09-28,2026-08-31,2026-09-01,,road,Meridian Air Cargo,11,17
true,EHM Equip,CO2 Sensor Module Sidestream,6601303827.01-01,3.0,6601303827,267.0,2026-09-13,2026-09-13,"6601632977,6601303827",54677747,rotterdam,nl,herrsching dc,de,2026-09-09,2026-08-21,2026-08-22,2026-08-25,road,HubLine Cargo,7,16
true,EHM Equip,Anesthesia Gas Module Standard 5-Gas,6601303827.01-02,6.0,6601303827,2244.0,2026-09-13,2026-09-13,"6601632977,6601303827",54677747,rotterdam,nl,herrsching dc,de,2026-09-09,2026-08-21,2026-08-22,2026-08-25,road,HubLine Cargo,7,16
true,EHM Equip,Telemetry Transmitter T3 Mini,6601303827.01-03,9.0,6601303827,1585.0,2026-09-13,2026-09-13,"6601632977,6601303827",54677747,rotterdam,nl,herrsching dc,de,2026-09-09,2026-08-21,2026-08-22,2026-08-25,road,HubLine Cargo,7,16
true,Clinical Measurements,Defibrillator Pad Set Adult,6601632977.01-01,10.0,6601632977,5753.0,2026-10-12,2026-10-18,"6601632977,6601303827",54677747,rotterdam,nl,herrsching dc,de,2026-09-09,2026-08-21,2026-08-22,2026-08-25,road,HubLine Cargo,7,16
true,Clinical Measurements,Battery Pack BP-08 Compact,6601595221.01-01,5.0,6601595221,4004.0,2026-09-18,2026-09-21,6601595221,52019804,bratislava,sk,leipzig dc,de,2026-09-15,2026-08-27,2026-08-28,2026-08-31,road,Meridian Air Cargo,11,17
true,Clinical Measurements,Calibration Kit Standard,6601595221.01-02,7.0,6601595221,1539.0,2026-09-18,2026-09-21,6601595221,52019804,bratislava,sk,leipzig dc,de,2026-09-15,2026-08-27,2026-08-28,2026-08-31,road,Meridian Air Cargo,11,17
true,Clinical Measurements,Defibrillator Pad Set Adult,6601595221.01-03,5.0,6601595221,3104.0,2026-09-18,2026-09-21,6601595221,52019804,bratislava,sk,leipzig dc,de,2026-09-15,2026-08-27,2026-08-28,2026-08-31,road,Meridian Air Cargo,11,17
true,Next-Gen Acute Care Monitoring,Central Station Display 32in Curved,6600828361.01-01,10.0,6600828361,1489.0,2026-08-21,2026-08-18,6600828361,57334408,rotterdam,nl,hamburg dc,de,2026-08-19,2026-08-18,2026-08-19,,road,Blue Anchor Shipping,7,14
true,Next-Gen Acute Care Monitoring,Infusion Pump IP-300 Compact,6600742284.01-01,6.0,6600742284,1665.0,2026-09-05,2026-09-09,6600742284,56733054,rotterdam,nl,herrsching dc,de,2026-09-01,,,,road,EuroCargo Express,7,16
true,Clinical Measurements,SpO2 Sensor Reusable Pediatric,6601625352.01-01,5.0,6601625352,2882.0,2026-10-01,2026-10-02,6601625352,55561340,milan,it,hamburg dc,de,2026-09-27,2026-08-29,2026-08-30,,road,NorthStar Freight,9,14
true,Clinical Measurements,Patient Monitor Gateway X1 Pro,6601625352.01-02,5.0,6601625352,4684.0,2026-10-01,2026-10-02,6601625352,55561340,milan,it,hamburg dc,de,2026-09-27,2026-08-29,2026-08-30,,road,NorthStar Freight,9,14
true,ACI Clinical Integ. & Insights,Central Station Display 32in Curved,6601618978.01-01,3.0,6601618978,1226.0,2026-08-30,2026-09-03,6601618978,54371634,antwerp,be,leipzig dc,de,2026-08-27,2026-08-18,2026-08-19,2026-08-21,road,Blue Anchor Shipping,8,17
true,Clinical Measurements,Defibrillator Pad Set Adult,6601695711.01-01,2.0,6601695711,5573.0,2026-09-10,2026-09-11,6601695711,58244963,los angeles,us,boeblingen dc,de,2026-08-24,,,,air,Meridian Air Cargo,5,15
true,Next-Gen Acute Care Monitoring,SpO2 Sensor Disposable Adult,6601107894.01-01,1.0,6601107894,4411.0,2026-10-04,2026-10-07,6601107894,55158453,rotterdam,nl,herrsching dc,de,2026-09-30,2026-08-23,2026-08-24,2026-08-27,road,Meridian Air Cargo,7,16
true,EHM Equip,Temperature Probe Skin,6601636077.01-01,9.0,6601636077,368.0,2026-08-30,2026-08-31,6601636077,53078319,lyon,fr,boeblingen dc,de,2026-08-28,2026-08-26,2026-08-27,2026-08-29,road,SwiftHaul GmbH,12,15
true,EHM Equip,NIBP Cuff Set Adult,6601100650.01-01,11.0,6601100650,1995.0,2026-10-11,2026-10-12,6601100650,54182150,shenzhen,cn,hamburg dc,de,2026-09-16,2026-08-05,2026-08-13,2026-08-30,ocean,Meridian Air Cargo,2,14
true,Next-Gen Acute Care Monitoring,Patient Monitor Gateway X2 Wireless,6601682248.01-01,10.0,6601682248,1323.0,2026-08-22,2026-08-25,6601682248,50459038,shanghai,cn,boeblingen dc,de,2026-07-27,,,,ocean,HubLine Cargo,1,15
true,Next-Gen Acute Care Monitoring,Central Monitoring Software License 10-Bed,6601682248.01-02,9.0,6601682248,3896.0,2026-08-22,2026-08-25,6601682248,50459038,shanghai,cn,boeblingen dc,de,2026-07-27,,,,ocean,HubLine Cargo,1,15
true,EHM Equip,Central Station Display 27in,6601197018.01-01,2.0,6601197018,6631.0,2026-08-30,2026-08-27,6601197018,54561348,shenzhen,cn,herrsching dc,de,2026-08-02,2026-07-31,2026-08-09,2026-08-28,ocean,Meridian Air Cargo,2,16
true,EHM Equip,Vital Signs Monitor V200 Cart Mount,6601197018.01-02,12.0,6601197018,1108.0,2026-08-30,2026-08-27,6601197018,54561348,shenzhen,cn,herrsching dc,de,2026-08-02,2026-07-31,2026-08-09,2026-08-28,ocean,Meridian Air Cargo,2,16
true,Clinical Measurements,Multi-Param Sensor Module MP-8 Plus,6601054707.01-01,5.0,6601054707,202.0,2026-08-21,2026-08-24,"6601550226,6601054707",53355580,bratislava,sk,leipzig dc,de,2026-08-18,2026-08-18,2026-08-19,,road,Blue Anchor Shipping,11,17
true,Clinical Measurements,CO2 Sensor Module Mainstream,6601054707.01-02,11.0,6601054707,2979.0,2026-08-21,2026-08-24,"6601550226,6601054707",53355580,bratislava,sk,leipzig dc,de,2026-08-18,2026-08-18,2026-08-19,,road,Blue Anchor Shipping,11,17
true,EHM Equip,NIBP Cuff Set Pediatric,6601550226.01-01,12.0,6601550226,4178.0,2026-09-03,2026-09-06,"6601550226,6601054707",53355580,bratislava,sk,leipzig dc,de,2026-08-18,2026-08-18,2026-08-19,,road,Blue Anchor Shipping,11,17
true,EHM Equip,Defibrillator Pad Set Pediatric,6601550226.01-02,2.0,6601550226,2457.0,2026-09-03,2026-09-06,"6601550226,6601054707",53355580,bratislava,sk,leipzig dc,de,2026-08-18,2026-08-18,2026-08-19,,road,Blue Anchor Shipping,11,17
true,Clinical Measurements,Bedside Monitor Mount Wall Arm,6601634741.01-01,6.0,6601634741,4738.0,2026-09-15,2026-09-15,6601634741,55089105,shanghai,cn,boeblingen dc,de,2026-08-20,,,,ocean,NorthStar Freight,1,15
true,Clinical Measurements,Ventilator Circuit Kit Neonatal,6601634741.01-02,3.0,6601634741,6732.0,2026-09-15,2026-09-15,6601634741,55089105,shanghai,cn,boeblingen dc,de,2026-08-20,,,,ocean,NorthStar Freight,1,15
true,Clinical Measurements,Vital Signs Monitor V300 Wall Mount,6601634741.01-03,1.0,6601634741,3729.0,2026-09-15,2026-09-15,6601634741,55089105,shanghai,cn,boeblingen dc,de,2026-08-20,,,,ocean,NorthStar Freight,1,15
true,EHM Equip,Service Cart Mobile Standard,6601349952.01-01,6.0,6601349952,91.0,2026-09-14,2026-09-18,6601349952,58586565,singapore,sg,leipzig dc,de,2026-08-22,2026-08-22,2026-08-29,,ocean,EuroCargo Express,3,17
true,EHM Equip,Patient Cable SpO2 Extension 2m,6601070280.01-01,10.0,6601070280,1965.0,2026-09-05,2026-09-08,6601070280,50612263,rotterdam,nl,leipzig dc,de,2026-09-02,2026-08-21,2026-08-22,2026-08-24,road,Blue Anchor Shipping,7,17
true,EHM Equip,Network Interface Card Standard,6601159873.01-01,10.0,6601159873,1883.0,2026-09-02,2026-09-05,6601159873,57130624,bratislava,sk,herrsching dc,de,2026-08-31,,,,road,EuroCargo Express,11,16
true,EHM Equip,NIBP Cuff Set Adult,6601159873.01-02,9.0,6601159873,2578.0,2026-09-02,2026-09-05,6601159873,57130624,bratislava,sk,herrsching dc,de,2026-08-31,,,,road,EuroCargo Express,11,16
true,EHM Equip,Battery Pack BP-12,6601159873.01-03,11.0,6601159873,8127.0,2026-09-02,2026-09-05,6601159873,57130624,bratislava,sk,herrsching dc,de,2026-08-31,,,,road,EuroCargo Express,11,16
true,Clinical Measurements,Central Station Display 32in Curved,6600972126.01-01,12.0,6600972126,282.0,2026-09-27,2026-09-30,6600972126,50365323,singapore,sg,boeblingen dc,de,2026-09-03,,,,ocean,NorthStar Freight,3,15
true,Clinical Measurements,ECG Lead Set 3-wire,6600939464.01-01,8.0,6600939464,1613.0,2026-09-20,2026-09-19,6600939464,56997068,antwerp,be,herrsching dc,de,2026-09-16,2026-08-21,2026-08-22,2026-08-25,road,SwiftHaul GmbH,8,16
true,Clinical Measurements,Battery Pack BP-12,6600939464.01-02,11.0,6600939464,2871.0,2026-09-20,2026-09-19,6600939464,56997068,antwerp,be,herrsching dc,de,2026-09-16,2026-08-21,2026-08-22,2026-08-25,road,SwiftHaul GmbH,8,16
true,Clinical Measurements,Battery Pack BP-24 Extended,6600939464.01-03,2.0,6600939464,1671.0,2026-09-20,2026-09-19,6600939464,56997068,antwerp,be,herrsching dc,de,2026-09-16,2026-08-21,2026-08-22,2026-08-25,road,SwiftHaul GmbH,8,16
true,Clinical Measurements,Anesthesia Gas Module Compact 3-Gas,6600939464.01-04,3.0,6600939464,1351.0,2026-09-20,2026-09-19,6600939464,56997068,antwerp,be,herrsching dc,de,2026-09-16,2026-08-21,2026-08-22,2026-08-25,road,SwiftHaul GmbH,8,16
true,EHM Equip,Patient Monitor Gateway X1,6600726401.01-01,3.0,6600726401,1245.0,2026-10-09,2026-10-11,6600726401,52339358,chicago,us,hamburg dc,de,2026-09-27,2026-08-18,2026-08-22,2026-08-30,air,Meridian Air Cargo,4,14
true,Clinical Measurements,Temperature Probe Rectal,6601486729.01-01,1.0,6601486729,1548.0,2026-09-15,2026-09-21,6601486729,51032546,milan,it,leipzig dc,de,2026-09-11,2026-08-31,2026-09-01,,road,Meridian Air Cargo,9,17
true,Clinical Measurements,Ventilator Circuit Kit Adult,6601486729.01-02,6.0,6601486729,2999.0,2026-09-15,2026-09-21,6601486729,51032546,milan,it,leipzig dc,de,2026-09-11,2026-08-31,2026-09-01,,road,Meridian Air Cargo,9,17
true,Clinical Measurements,Printer Module PM-3,6601127496.01-01,2.0,6601127496,4425.0,2026-09-25,2026-09-25,6601127496,57398813,shanghai,cn,herrsching dc,de,2026-08-29,2026-08-30,2026-09-08,,ocean,Blue Anchor Shipping,1,16
true,Clinical Measurements,Patient Monitor Gateway X1,6601127496.01-02,7.0,6601127496,893.0,2026-09-25,2026-09-25,6601127496,57398813,shanghai,cn,herrsching dc,de,2026-08-29,2026-08-30,2026-09-08,,ocean,Blue Anchor Shipping,1,16
true,Clinical Measurements,Multi-Param Sensor Module MP-5,6601467330.01-01,12.0,6601467330,7517.0,2026-09-20,2026-09-22,6601467330,51221373,warsaw,pl,boeblingen dc,de,2026-09-16,2026-08-19,2026-08-20,2026-08-24,road,Meridian Air Cargo,10,15
true,EHM Equip,Vital Signs Monitor V200,6600998006.01-01,1.0,6600998006,3111.0,2026-08-27,2026-08-27,"6601285716,6600998006",56708864,singapore,sg,boeblingen dc,de,2026-08-03,2026-08-03,2026-08-11,,ocean,HubLine Cargo,3,15
true,Next-Gen Acute Care Monitoring,Telemetry Transmitter T5 Dual-Channel,6601285716.01-01,4.0,6601285716,3403.0,2026-09-15,2026-09-13,"6601285716,6600998006",56708864,singapore,sg,boeblingen dc,de,2026-08-03,2026-08-03,2026-08-11,,ocean,HubLine Cargo,3,15
true,EHM Equip,Vital Signs Monitor V200,6600931626.01-01,5.0,6600931626,325.0,2026-10-09,2026-10-10,6600931626,57215280,rotterdam,nl,leipzig dc,de,2026-10-06,,,,road,EuroCargo Express,7,17
true,Clinical Measurements,SpO2 Sensor Disposable Adult,6601572933.01-01,9.0,6601572933,3113.0,2026-09-24,2026-09-28,6601572933,57208003,chicago,us,leipzig dc,de,2026-09-11,2026-08-29,2026-09-02,,air,HubLine Cargo,4,17
true,ACI ICCA,Anesthesia Gas Module Standard 5-Gas,6601614182.01-01,3.0,6601614182,964.0,2026-09-03,2026-09-01,6601614182,56300164,chicago,us,boeblingen dc,de,2026-08-20,2026-08-12,2026-08-16,2026-08-26,air,HubLine Cargo,4,15
true,ACI ICCA,Infusion Pump IP-300 Compact,6601614182.01-02,5.0,6601614182,1926.0,2026-09-03,2026-09-01,6601614182,56300164,chicago,us,boeblingen dc,de,2026-08-20,2026-08-12,2026-08-16,2026-08-26,air,HubLine Cargo,4,15
true,ACI ICCA,Calibration Kit Standard,6601614182.01-03,5.0,6601614182,403.0,2026-09-03,2026-09-01,6601614182,56300164,chicago,us,boeblingen dc,de,2026-08-20,2026-08-12,2026-08-16,2026-08-26,air,HubLine Cargo,4,15
true,ACI Clinical Integ. & Insights,Patient Cable SpO2 Extension 2m,6600773877.01-01,12.0,6600773877,6843.0,2026-09-11,2026-09-11,6600773877,54497133,miami,us,leipzig dc,de,2026-08-27,2026-08-15,2026-08-20,2026-08-30,air,SwiftHaul GmbH,6,17
true,ACI Clinical Integ. & Insights,Infusion Pump IP-700 Dual,6600773877.01-02,7.0,6600773877,3646.0,2026-09-11,2026-09-11,6600773877,54497133,miami,us,leipzig dc,de,2026-08-27,2026-08-15,2026-08-20,2026-08-30,air,SwiftHaul GmbH,6,17
true,EHM Equip,Service Cart Mobile Locking,6601375933.01-01,6.0,6601375933,5634.0,2026-08-24,2026-08-30,6601375933,51990213,milan,it,leipzig dc,de,2026-08-20,2026-08-20,2026-08-21,,road,SwiftHaul GmbH,9,17
true,EHM Equip,Telemetry Transmitter T3,6601375933.01-02,2.0,6601375933,103.0,2026-08-24,2026-08-30,6601375933,51990213,milan,it,leipzig dc,de,2026-08-20,2026-08-20,2026-08-21,,road,SwiftHaul GmbH,9,17
true,EHM Equip,Wall Mount Arm Single Monitor,6601375933.01-03,2.0,6601375933,2266.0,2026-08-24,2026-08-30,6601375933,51990213,milan,it,leipzig dc,de,2026-08-20,2026-08-20,2026-08-21,,road,SwiftHaul GmbH,9,17
true,Next-Gen Acute Care Monitoring,Ventilator Circuit Kit Neonatal,6601366286.01-01,12.0,6601366286,1278.0,2026-08-27,2026-08-30,6601366286,53161838,shanghai,cn,leipzig dc,de,2026-08-02,2026-08-02,2026-08-10,2026-08-28,ocean,Meridian Air Cargo,1,17
true,Next-Gen Acute Care Monitoring,Multi-Param Sensor Module MP-8 Plus,6601366286.01-02,12.0,6601366286,1918.0,2026-08-27,2026-08-30,6601366286,53161838,shanghai,cn,leipzig dc,de,2026-08-02,2026-08-02,2026-08-10,2026-08-28,ocean,Meridian Air Cargo,1,17
true,Next-Gen Acute Care Monitoring,Ventilator Circuit Kit Neonatal,6600970635.01-01,12.0,6600970635,30.0,2026-09-22,2026-09-27,6600970635,52050897,warsaw,pl,hamburg dc,de,2026-09-19,2026-08-18,2026-08-19,2026-08-21,road,Blue Anchor Shipping,10,14
true,Next-Gen Acute Care Monitoring,Patient Cable NIBP Hose 2.5m,6600970635.01-02,1.0,6600970635,2963.0,2026-09-22,2026-09-27,6600970635,52050897,warsaw,pl,hamburg dc,de,2026-09-19,2026-08-18,2026-08-19,2026-08-21,road,Blue Anchor Shipping,10,14
true,EHM Equip,Central Station Display 24in,6600845116.01-01,3.0,6600845116,1287.0,2026-08-13,2026-08-17,6600845116,57476575,shenzhen,cn,hamburg dc,de,2026-07-19,2026-07-19,2026-07-27,2026-08-13,ocean,Blue Anchor Shipping,2,14
true,EHM Equip,Printer Module PM-3,6600845116.01-02,6.0,6600845116,3467.0,2026-08-13,2026-08-17,6600845116,57476575,shenzhen,cn,hamburg dc,de,2026-07-19,2026-07-19,2026-07-27,2026-08-13,ocean,Blue Anchor Shipping,2,14
true,EHM Equip,ECG Lead Set 3-wire,6600845116.01-03,4.0,6600845116,1787.0,2026-08-13,2026-08-17,6600845116,57476575,shenzhen,cn,hamburg dc,de,2026-07-19,2026-07-19,2026-07-27,2026-08-13,ocean,Blue Anchor Shipping,2,14
true,EHM Equip,NIBP Cuff Set Pediatric,6601497035.01-01,2.0,6601497035,495.0,2026-09-28,2026-09-30,6601497035,52072293,lyon,fr,herrsching dc,de,2026-09-25,2026-08-21,2026-08-22,2026-08-28,road,SwiftHaul GmbH,12,16
true,EHM Equip,Service Cart Mobile Standard,6601584204.01-01,9.0,6601584204,11179.0,2026-09-24,2026-09-26,6601584204,51490520,singapore,sg,boeblingen dc,de,2026-08-31,,,,ocean,SwiftHaul GmbH,3,15
true,EHM Equip,Defibrillator Pad Set Pediatric,6601584204.01-02,9.0,6601584204,7643.0,2026-09-24,2026-09-26,6601584204,51490520,singapore,sg,boeblingen dc,de,2026-08-31,,,,ocean,SwiftHaul GmbH,3,15
true,EHM Equip,Vital Signs Monitor V300 Wall Mount,6601274914.01-01,8.0,6601274914,1085.0,2026-09-28,2026-10-04,6601274914,59075653,chicago,us,boeblingen dc,de,2026-09-14,2026-08-31,2026-09-04,,air,NorthStar Freight,4,15
true,EHM Equip,NIBP Cuff Set Pediatric,6601274914.01-02,3.0,6601274914,1205.0,2026-09-28,2026-10-04,6601274914,59075653,chicago,us,boeblingen dc,de,2026-09-14,2026-08-31,2026-09-04,,air,NorthStar Freight,4,15
true,EHM Equip,NIBP Cuff Set Neonatal,6601439834.01-01,11.0,6601439834,966.0,2026-09-12,2026-09-09,6601439834,57182811,chicago,us,boeblingen dc,de,2026-08-29,2026-08-11,2026-08-15,2026-08-26,air,EuroCargo Express,4,15
true,ACI Clinical Integ. & Insights,Battery Pack BP-08 Compact,6601637078.01-01,1.0,6601637078,1108.0,2026-08-19,2026-08-20,6601637078,51037265,bratislava,sk,boeblingen dc,de,2026-08-17,2026-08-17,2026-08-18,2026-08-21,road,HubLine Cargo,11,15
true,ACI Clinical Integ. & Insights,Patient Monitor Gateway X2 Wireless,6601637078.01-02,7.0,6601637078,13036.0,2026-08-19,2026-08-20,6601637078,51037265,bratislava,sk,boeblingen dc,de,2026-08-17,2026-08-17,2026-08-18,2026-08-21,road,HubLine Cargo,11,15
true,Speciality Monitoring,Telemetry Transmitter T3 Mini,6601663185.01-01,2.0,6601663185,1359.0,2026-09-05,2026-09-08,6601663185,54910637,lyon,fr,leipzig dc,de,2026-09-02,2026-08-29,2026-08-30,,road,SwiftHaul GmbH,12,17
true,Speciality Monitoring,Patient Cable SpO2 Extension 2m,6601663185.01-02,8.0,6601663185,192.0,2026-09-05,2026-09-08,6601663185,54910637,lyon,fr,leipzig dc,de,2026-09-02,2026-08-29,2026-08-30,,road,SwiftHaul GmbH,12,17
true,Speciality Monitoring,SpO2 Sensor Finger Clip,6601663185.01-03,10.0,6601663185,1502.0,2026-09-05,2026-09-08,6601663185,54910637,lyon,fr,leipzig dc,de,2026-09-02,2026-08-29,2026-08-30,,road,SwiftHaul GmbH,12,17
true,EHM Equip,Bedside Monitor Mount Wall Arm,6601638772.01-01,6.0,6601638772,3722.0,2026-09-28,2026-09-26,6601638772,52390125,warsaw,pl,herrsching dc,de,2026-09-24,2026-08-19,2026-08-20,2026-08-23,road,Meridian Air Cargo,10,16
true,Clinical Measurements,Ultrasound Probe Convex C5,6601513918.01-01,8.0,6601513918,656.0,2026-10-03,2026-10-09,6601513918,58467932,miami,us,herrsching dc,de,2026-09-17,2026-08-29,2026-09-03,,air,EuroCargo Express,6,16
true,Clinical Measurements,Ultrasound Probe Linear L12,6601079835.01-01,7.0,6601079835,1027.0,2026-08-11,2026-08-08,6601079835,59526583,rotterdam,nl,herrsching dc,de,2026-08-07,2026-08-13,2026-08-14,2026-08-18,road,SwiftHaul GmbH,7,16
true,ACI ICCA,Vital Signs Monitor V200,6600834707.01-01,10.0,6600834707,1216.0,2026-10-12,2026-10-12,6600834707,53825534,milan,it,boeblingen dc,de,2026-10-09,,,,road,Blue Anchor Shipping,9,15
true,ACI ICCA,Printer Module PM-3,6600834707.01-02,1.0,6600834707,3518.0,2026-10-12,2026-10-12,6600834707,53825534,milan,it,boeblingen dc,de,2026-10-09,,,,road,Blue Anchor Shipping,9,15
true,EHM Equip,Telemetry Transmitter T5 Dual-Channel,6600710231.01-01,11.0,6600710231,8577.0,2026-09-06,2026-09-13,6600710231,56198107,lyon,fr,herrsching dc,de,2026-09-03,2026-08-20,2026-08-21,2026-08-24,road,Meridian Air Cargo,12,16
true,EHM Equip,Patient Cable ECG 5-lead 3m,6600710231.01-02,1.0,6600710231,5217.0,2026-09-06,2026-09-13,6600710231,56198107,lyon,fr,herrsching dc,de,2026-09-03,2026-08-20,2026-08-21,2026-08-24,road,Meridian Air Cargo,12,16
true,Clinical Measurements,Temperature Probe Rectal,6601476986.01-01,10.0,6601476986,3437.0,2026-09-27,2026-09-29,6601476986,54232714,hamburg,de,leipzig dc,de,2026-09-26,2026-08-31,2026-09-01,,road,EuroCargo Express,13,17
true,EHM Equip,Patient Monitor Gateway X1 Pro,6601214859.01-01,12.0,6601214859,529.0,2026-10-03,2026-10-03,6601214859,59179919,hamburg,de,hamburg dc,de,2026-10-02,2026-08-20,2026-08-21,2026-08-21,road,Meridian Air Cargo,13,14
true,Clinical Measurements,CO2 Sensor Module Mainstream,6601122594.01-01,9.0,6601122594,27.0,2026-10-14,2026-10-17,"6601693542,6601122594",51904785,bratislava,sk,herrsching dc,de,2026-08-28,2026-08-27,2026-08-28,2026-08-28,road,NorthStar Freight,11,16
true,ACI Clinical Integ. & Insights,Ultrasound Probe Cardiac P4,6601693542.01-01,6.0,6601693542,2874.0,2026-08-30,2026-08-28,"6601693542,6601122594",51904785,bratislava,sk,herrsching dc,de,2026-08-28,2026-08-27,2026-08-28,2026-08-28,road,NorthStar Freight,11,16
true,ACI Clinical Integ. & Insights,Printer Module PM-3 Thermal,6601693542.01-02,1.0,6601693542,2082.0,2026-08-30,2026-08-28,"6601693542,6601122594",51904785,bratislava,sk,herrsching dc,de,2026-08-28,2026-08-27,2026-08-28,2026-08-28,road,NorthStar Freight,11,16
true,EHM Equip,Battery Pack BP-24 Extended,6601685487.01-01,2.0,6601685487,3301.0,2026-09-20,2026-09-21,6601685487,54287284,antwerp,be,leipzig dc,de,2026-09-17,,,,road,EuroCargo Express,8,17
true,EHM Equip,Temperature Probe Esophageal,6601685487.01-02,6.0,6601685487,1481.0,2026-09-20,2026-09-21,6601685487,54287284,antwerp,be,leipzig dc,de,2026-09-17,,,,road,EuroCargo Express,8,17
true,EHM Equip,Central Station Display 24in,6601184860.01-01,2.0,6601184860,321.0,2026-10-08,2026-10-12,6601184860,52943570,hamburg,de,leipzig dc,de,2026-10-07,2026-08-28,2026-08-29,2026-08-29,road,Blue Anchor Shipping,13,17
true,Speciality Monitoring,SpO2 Sensor Reusable Pediatric,6601599978.01-01,12.0,6601599978,10709.0,2026-09-19,2026-09-19,6601599978,56974097,bratislava,sk,herrsching dc,de,2026-09-17,2026-08-30,2026-08-31,,road,EuroCargo Express,11,16
true,Next-Gen Acute Care Monitoring,Wall Mount Arm Dual Monitor,6601242412.01-01,5.0,6601242412,2223.0,2026-10-04,2026-10-07,6601242412,50289843,milan,it,herrsching dc,de,2026-10-01,2026-08-25,2026-08-26,2026-08-28,road,NorthStar Freight,9,16
true,Next-Gen Acute Care Monitoring,Central Monitoring Software License 20-Bed,6601242412.01-02,9.0,6601242412,2058.0,2026-10-04,2026-10-07,6601242412,50289843,milan,it,herrsching dc,de,2026-10-01,2026-08-25,2026-08-26,2026-08-28,road,NorthStar Freight,9,16
true,Next-Gen Acute Care Monitoring,Bedside Monitor Mount Rolling Stand,6601242412.01-03,9.0,6601242412,1254.0,2026-10-04,2026-10-07,6601242412,50289843,milan,it,herrsching dc,de,2026-10-01,2026-08-25,2026-08-26,2026-08-28,road,NorthStar Freight,9,16
true,ACI Clinical Integ. & Insights,Infusion Pump Docking Station Single Bay,6600925092.01-01,5.0,6600925092,912.0,2026-09-27,2026-10-03,6600925092,51360302,bratislava,sk,hamburg dc,de,2026-09-24,2026-08-21,2026-08-22,2026-08-24,road,SwiftHaul GmbH,11,14
true,EHM Equip,Patient Cable NIBP Hose 2.5m,6601252907.01-01,7.0,6601252907,2826.0,2026-10-09,2026-10-08,6601252907,55815424,miami,us,hamburg dc,de,2026-09-25,2026-08-31,2026-09-04,,air,HubLine Cargo,6,14
true,EHM Equip,Battery Pack BP-24 Extended,6601644518.01-01,6.0,6601644518,2154.0,2026-08-20,2026-08-25,6601644518,55865310,rotterdam,nl,hamburg dc,de,2026-08-18,2026-08-18,2026-08-19,2026-08-20,road,HubLine Cargo,7,14
true,EHM Equip,Infusion Pump Docking Station Triple Bay,6601644518.01-02,3.0,6601644518,3285.0,2026-08-20,2026-08-25,6601644518,55865310,rotterdam,nl,hamburg dc,de,2026-08-18,2026-08-18,2026-08-19,2026-08-20,road,HubLine Cargo,7,14
true,Next-Gen Acute Care Monitoring,Defibrillator Pad Set Training,6601059465.01-01,11.0,6601059465,608.0,2026-09-26,2026-09-27,6601059465,51263108,milan,it,hamburg dc,de,2026-09-22,2026-08-29,2026-08-30,,road,Blue Anchor Shipping,9,14
true,Next-Gen Acute Care Monitoring,Infusion Pump IP-300 Compact,6601059465.01-02,4.0,6601059465,1068.0,2026-09-26,2026-09-27,6601059465,51263108,milan,it,hamburg dc,de,2026-09-22,2026-08-29,2026-08-30,,road,Blue Anchor Shipping,9,14
true,Next-Gen Acute Care Monitoring,Temperature Probe Rectal,6601059465.01-03,6.0,6601059465,994.0,2026-09-26,2026-09-27,6601059465,51263108,milan,it,hamburg dc,de,2026-09-22,2026-08-29,2026-08-30,,road,Blue Anchor Shipping,9,14
true,Next-Gen Acute Care Monitoring,NIBP Cuff Set Thigh,6601059465.01-04,1.0,6601059465,2273.0,2026-09-26,2026-09-27,6601059465,51263108,milan,it,hamburg dc,de,2026-09-22,2026-08-29,2026-08-30,,road,Blue Anchor Shipping,9,14
true,Speciality Monitoring,Temperature Probe Esophageal,6600746184.01-01,9.0,6600746184,6319.0,2026-09-19,2026-09-22,6600746184,50712120,shenzhen,cn,herrsching dc,de,2026-08-22,2026-07-26,2026-08-04,2026-08-23,ocean,NorthStar Freight,2,16
true,Speciality Monitoring,Multi-Param Sensor Module MP-3 Compact,6600746184.01-02,11.0,6600746184,4205.0,2026-09-19,2026-09-22,6600746184,50712120,shenzhen,cn,herrsching dc,de,2026-08-22,2026-07-26,2026-08-04,2026-08-23,ocean,NorthStar Freight,2,16
true,Speciality Monitoring,Printer Module PM-3,6600746184.01-03,2.0,6600746184,1728.0,2026-09-19,2026-09-22,6600746184,50712120,shenzhen,cn,herrsching dc,de,2026-08-22,2026-07-26,2026-08-04,2026-08-23,ocean,NorthStar Freight,2,16
true,EHM Equip,Temperature Probe Skin,6600907801.01-01,9.0,6600907801,902.0,2026-08-13,2026-08-15,6600907801,57031974,bratislava,sk,herrsching dc,de,2026-08-11,,,,road,Blue Anchor Shipping,11,16
true,EHM Equip,Service Cart Mobile Locking,6600907801.01-02,3.0,6600907801,3792.0,2026-08-13,2026-08-15,6600907801,57031974,bratislava,sk,herrsching dc,de,2026-08-11,,,,road,Blue Anchor Shipping,11,16
true,EHM Equip,SpO2 Sensor Reusable Pediatric,6600907801.01-03,3.0,6600907801,1751.0,2026-08-13,2026-08-15,6600907801,57031974,bratislava,sk,herrsching dc,de,2026-08-11,,,,road,Blue Anchor Shipping,11,16
true,EHM Equip,Infusion Pump Docking Station Triple Bay,6600907801.01-04,1.0,6600907801,5384.0,2026-08-13,2026-08-15,6600907801,57031974,bratislava,sk,herrsching dc,de,2026-08-11,,,,road,Blue Anchor Shipping,11,16
true,ACI Clinical Integ. & Insights,Vital Signs Monitor V100 Compact,6600877877.01-01,2.0,6600877877,2805.0,2026-09-07,2026-09-04,6600877877,56644658,chicago,us,leipzig dc,de,2026-08-25,,,,air,EuroCargo Express,4,17
true,ACI Clinical Integ. & Insights,Ventilator Circuit Kit Adult,6600877877.01-02,1.0,6600877877,3908.0,2026-09-07,2026-09-04,6600877877,56644658,chicago,us,leipzig dc,de,2026-08-25,,,,air,EuroCargo Express,4,17
true,ACI Clinical Integ. & Insights,Ultrasound Probe Cardiac P4,6600877877.01-03,9.0,6600877877,1122.0,2026-09-07,2026-09-04,6600877877,56644658,chicago,us,leipzig dc,de,2026-08-25,,,,air,EuroCargo Express,4,17
true,EHM Equip,Battery Pack BP-24 Extended,6601420613.01-01,5.0,6601420613,7287.0,2026-08-15,2026-08-13,6601420613,51681139,chicago,us,hamburg dc,de,2026-08-03,2026-08-05,2026-08-09,,air,Meridian Air Cargo,4,14
true,EHM Equip,Vital Signs Monitor V300 Touch,6601420613.01-02,12.0,6601420613,2115.0,2026-08-15,2026-08-13,6601420613,51681139,chicago,us,hamburg dc,de,2026-08-03,2026-08-05,2026-08-09,,air,Meridian Air Cargo,4,14
true,EHM Equip,NIBP Cuff Set Adult,6601420613.01-03,7.0,6601420613,958.0,2026-08-15,2026-08-13,6601420613,51681139,chicago,us,hamburg dc,de,2026-08-03,2026-08-05,2026-08-09,,air,Meridian Air Cargo,4,14
true,EHM Equip,Patient Cable NIBP Hose 2.5m,6601666402.01-01,4.0,6601666402,3116.0,2026-08-20,2026-08-23,6601666402,51393258,antwerp,be,herrsching dc,de,2026-08-16,2026-08-14,2026-08-15,2026-08-19,road,Meridian Air Cargo,8,16
true,EHM Equip,Bedside Monitor Mount Wall Arm,6601666402.01-02,11.0,6601666402,3607.0,2026-08-20,2026-08-23,6601666402,51393258,antwerp,be,herrsching dc,de,2026-08-16,2026-08-14,2026-08-15,2026-08-19,road,Meridian Air Cargo,8,16
true,EHM Equip,Infusion Pump Docking Station Triple Bay,6601666402.01-03,5.0,6601666402,2112.0,2026-08-20,2026-08-23,6601666402,51393258,antwerp,be,herrsching dc,de,2026-08-16,2026-08-14,2026-08-15,2026-08-19,road,Meridian Air Cargo,8,16
true,EHM Equip,ECG Lead Set 3-wire,6601489260.01-01,1.0,6601489260,2344.0,2026-10-07,2026-10-06,6601489260,56257970,milan,it,boeblingen dc,de,2026-10-04,,,,road,Blue Anchor Shipping,9,15
true,ACI Clinical Integ. & Insights,Multi-Param Sensor Module MP-8 Plus,6601059959.01-01,8.0,6601059959,1626.0,2026-09-06,2026-09-05,6601059959,50692124,singapore,sg,leipzig dc,de,2026-08-14,2026-08-07,2026-08-14,2026-08-30,ocean,HubLine Cargo,3,17
true,ACI Clinical Integ. & Insights,Calibration Kit Standard,6601059959.01-02,10.0,6601059959,3581.0,2026-09-06,2026-09-05,6601059959,50692124,singapore,sg,leipzig dc,de,2026-08-14,2026-08-07,2026-08-14,2026-08-30,ocean,HubLine Cargo,3,17
true,ACI Clinical Integ. & Insights,Patient Monitor Gateway X2 Wireless,6601059959.01-03,11.0,6601059959,2775.0,2026-09-06,2026-09-05,6601059959,50692124,singapore,sg,leipzig dc,de,2026-08-14,2026-08-07,2026-08-14,2026-08-30,ocean,HubLine Cargo,3,17
true,Clinical Measurements,SpO2 Sensor Disposable Adult,6600929564.01-01,9.0,6600929564,3978.0,2026-08-21,2026-08-23,6600929564,59692193,los angeles,us,leipzig dc,de,2026-08-05,2026-08-08,2026-08-13,,air,EuroCargo Express,5,17
true,Speciality Monitoring,Central Station Display 27in,6600861433.01-01,7.0,6600861433,5886.0,2026-09-05,2026-09-08,6600861433,57229339,rotterdam,nl,boeblingen dc,de,2026-09-01,2026-08-31,2026-09-01,,road,EuroCargo Express,7,15
true,Speciality Monitoring,Ventilator Circuit Kit Reusable Adult,6600704142.01-01,8.0,6600704142,5976.0,2026-09-21,2026-09-26,6600704142,55671576,singapore,sg,herrsching dc,de,2026-08-27,2026-07-28,2026-08-05,2026-08-22,ocean,NorthStar Freight,3,16
true,Speciality Monitoring,Defibrillator Pad Set Adult,6600704142.01-02,10.0,6600704142,1366.0,2026-09-21,2026-09-26,6600704142,55671576,singapore,sg,herrsching dc,de,2026-08-27,2026-07-28,2026-08-05,2026-08-22,ocean,NorthStar Freight,3,16
true,Speciality Monitoring,Multi-Param Sensor Module MP-8 Plus,6600704142.01-03,11.0,6600704142,2324.0,2026-09-21,2026-09-26,6600704142,55671576,singapore,sg,herrsching dc,de,2026-08-27,2026-07-28,2026-08-05,2026-08-22,ocean,NorthStar Freight,3,16
true,Speciality Monitoring,Central Monitoring Software License 20-Bed,6600704142.01-04,5.0,6600704142,998.0,2026-09-21,2026-09-26,6600704142,55671576,singapore,sg,herrsching dc,de,2026-08-27,2026-07-28,2026-08-05,2026-08-22,ocean,NorthStar Freight,3,16
true,ACI Clinical Integ. & Insights,Ventilator Circuit Kit Neonatal,6600862212.01-01,9.0,6600862212,4415.0,2026-08-28,2026-08-31,"6600862212,6601300370",52290965,antwerp,be,hamburg dc,de,2026-08-26,2026-08-24,2026-08-25,2026-08-26,road,EuroCargo Express,8,14
true,ACI Clinical Integ. & Insights,Ventilator Circuit Kit Adult,6600862212.01-02,9.0,6600862212,1298.0,2026-08-28,2026-08-31,"6600862212,6601300370",52290965,antwerp,be,hamburg dc,de,2026-08-26,2026-08-24,2026-08-25,2026-08-26,road,EuroCargo Express,8,14
true,ACI Clinical Integ. & Insights,Service Cart Mobile Standard,6600862212.01-03,7.0,6600862212,1385.0,2026-08-28,2026-08-31,"6600862212,6601300370",52290965,antwerp,be,hamburg dc,de,2026-08-26,2026-08-24,2026-08-25,2026-08-26,road,EuroCargo Express,8,14
true,EHM Equip,Central Station Display 27in,6601300370.01-01,12.0,6601300370,2127.0,2026-09-19,2026-09-19,"6600862212,6601300370",52290965,antwerp,be,hamburg dc,de,2026-08-26,2026-08-24,2026-08-25,2026-08-26,road,EuroCargo Express,8,14
true,EHM Equip,Wall Mount Arm Single Monitor,6601300370.01-02,4.0,6601300370,1028.0,2026-09-19,2026-09-19,"6600862212,6601300370",52290965,antwerp,be,hamburg dc,de,2026-08-26,2026-08-24,2026-08-25,2026-08-26,road,EuroCargo Express,8,14
true,Clinical Measurements,CO2 Sensor Module Sidestream,6601269397.01-01,4.0,6601269397,4635.0,2026-09-04,2026-09-11,6601269397,58501348,antwerp,be,herrsching dc,de,2026-08-31,,,,road,SwiftHaul GmbH,8,16
true,Next-Gen Acute Care Monitoring,Ultrasound Probe Cardiac P4,6601355547.01-01,1.0,6601355547,6556.0,2026-08-20,2026-08-22,6601355547,50812481,hamburg,de,boeblingen dc,de,2026-08-18,2026-08-18,2026-08-19,2026-08-19,road,SwiftHaul GmbH,13,15
true,EHM Equip,Calibration Kit Advanced Diagnostic,6601033050.01-01,3.0,6601033050,828.0,2026-08-27,2026-09-02,6601033050,50764306,milan,it,leipzig dc,de,2026-08-23,2026-08-23,2026-08-24,2026-08-28,road,NorthStar Freight,9,17
true,Clinical Measurements,Bedside Monitor Mount Rolling Stand,6601686762.01-01,3.0,6601686762,51.0,2026-08-20,2026-08-18,6601686762,52521005,antwerp,be,herrsching dc,de,2026-08-16,,,,road,EuroCargo Express,8,16
true,Clinical Measurements,Network Interface Card Standard,6601686762.01-02,6.0,6601686762,3236.0,2026-08-20,2026-08-18,6601686762,52521005,antwerp,be,herrsching dc,de,2026-08-16,,,,road,EuroCargo Express,8,16
true,Next-Gen Acute Care Monitoring,ECG Lead Set 5-wire,6600880207.01-01,1.0,6600880207,3257.0,2026-08-16,2026-08-19,6600880207,59646866,rotterdam,nl,hamburg dc,de,2026-08-14,2026-08-14,2026-08-15,2026-08-20,road,NorthStar Freight,7,14
true,Next-Gen Acute Care Monitoring,SpO2 Sensor Disposable Adult,6600880207.01-02,10.0,6600880207,1027.0,2026-08-16,2026-08-19,6600880207,59646866,rotterdam,nl,hamburg dc,de,2026-08-14,2026-08-14,2026-08-15,2026-08-20,road,NorthStar Freight,7,14
true,Clinical Measurements,Vital Signs Monitor V100 Compact,6600744258.01-01,2.0,6600744258,2187.0,2026-09-08,2026-09-08,6600744258,56004131,shanghai,cn,leipzig dc,de,2026-08-14,2026-08-05,2026-08-13,2026-08-31,ocean,HubLine Cargo,1,17
true,Next-Gen Acute Care Monitoring,Calibration Kit Standard,6601116068.01-01,11.0,6601116068,2431.0,2026-09-16,2026-09-16,6601116068,53222057,milan,it,hamburg dc,de,2026-09-12,2026-08-31,2026-09-01,,road,HubLine Cargo,9,14
true,Next-Gen Acute Care Monitoring,Vital Signs Monitor V200,6601116068.01-02,1.0,6601116068,5746.0,2026-09-16,2026-09-16,6601116068,53222057,milan,it,hamburg dc,de,2026-09-12,2026-08-31,2026-09-01,,road,HubLine Cargo,9,14
true,Next-Gen Acute Care Monitoring,Defibrillator Pad Set Training,6601116068.01-03,3.0,6601116068,3033.0,2026-09-16,2026-09-16,6601116068,53222057,milan,it,hamburg dc,de,2026-09-12,2026-08-31,2026-09-01,,road,HubLine Cargo,9,14
true,Next-Gen Acute Care Monitoring,Ventilator Circuit Kit Neonatal,6601116068.01-04,9.0,6601116068,12159.0,2026-09-16,2026-09-16,6601116068,53222057,milan,it,hamburg dc,de,2026-09-12,2026-08-31,2026-09-01,,road,HubLine Cargo,9,14
true,ACI ICCA,ECG Lead Set 12-wire Diagnostic,6601362953.01-01,1.0,6601362953,1012.0,2026-09-03,2026-09-04,6601362953,50602105,bratislava,sk,herrsching dc,de,2026-09-01,2026-08-30,2026-08-31,,road,SwiftHaul GmbH,11,16
true,ACI ICCA,Patient Cable ECG 5-lead 3m,6601362953.01-02,12.0,6601362953,784.0,2026-09-03,2026-09-04,6601362953,50602105,bratislava,sk,herrsching dc,de,2026-09-01,2026-08-30,2026-08-31,,road,SwiftHaul GmbH,11,16
true,ACI ICCA,CO2 Sensor Module Sidestream,6601362953.01-03,7.0,6601362953,1978.0,2026-09-03,2026-09-04,6601362953,50602105,bratislava,sk,herrsching dc,de,2026-09-01,2026-08-30,2026-08-31,,road,SwiftHaul GmbH,11,16
true,ACI ICCA,Ventilator Circuit Kit Reusable Adult,6601362953.01-04,4.0,6601362953,473.0,2026-09-03,2026-09-04,6601362953,50602105,bratislava,sk,herrsching dc,de,2026-09-01,2026-08-30,2026-08-31,,road,SwiftHaul GmbH,11,16
true,Next-Gen Acute Care Monitoring,Anesthesia Gas Module Standard 5-Gas,6600925402.01-01,11.0,6600925402,893.0,2026-09-30,2026-10-07,6600925402,56178527,singapore,sg,herrsching dc,de,2026-09-05,2026-07-28,2026-08-05,2026-08-26,ocean,SwiftHaul GmbH,3,16
true,Next-Gen Acute Care Monitoring,Vital Signs Monitor V100 Compact,6600925402.01-02,1.0,6600925402,432.0,2026-09-30,2026-10-07,6600925402,56178527,singapore,sg,herrsching dc,de,2026-09-05,2026-07-28,2026-08-05,2026-08-26,ocean,SwiftHaul GmbH,3,16
true,EHM Equip,Wall Mount Arm Single Monitor,6601194585.01-01,2.0,6601194585,361.0,2026-08-29,2026-08-28,6601194585,59748249,lyon,fr,leipzig dc,de,2026-08-26,,,,road,Meridian Air Cargo,12,17
true,EHM Equip,Defibrillator Pad Set Adult,6601194585.01-02,2.0,6601194585,4194.0,2026-08-29,2026-08-28,6601194585,59748249,lyon,fr,leipzig dc,de,2026-08-26,,,,road,Meridian Air Cargo,12,17
true,EHM Equip,Bedside Monitor Mount Rolling Stand,6601194585.01-03,11.0,6601194585,6246.0,2026-08-29,2026-08-28,6601194585,59748249,lyon,fr,leipzig dc,de,2026-08-26,,,,road,Meridian Air Cargo,12,17
true,EHM Equip,Wall Mount Arm Dual Monitor,6601194585.01-04,1.0,6601194585,557.0,2026-08-29,2026-08-28,6601194585,59748249,lyon,fr,leipzig dc,de,2026-08-26,,,,road,Meridian Air Cargo,12,17
true,EHM Equip,Ultrasound Probe Linear L12,6601147455.01-01,9.0,6601147455,3127.0,2026-10-10,2026-10-07,6601147455,54602283,warsaw,pl,hamburg dc,de,2026-10-07,2026-08-23,2026-08-24,2026-08-26,road,EuroCargo Express,10,14
true,EHM Equip,Central Monitoring Software License 20-Bed,6601147455.01-02,3.0,6601147455,3943.0,2026-10-10,2026-10-07,6601147455,54602283,warsaw,pl,hamburg dc,de,2026-10-07,2026-08-23,2026-08-24,2026-08-26,road,EuroCargo Express,10,14
true,Clinical Measurements,Network Interface Card Standard,6601206967.01-01,12.0,6601206967,342.0,2026-09-13,2026-09-20,6601206967,58271007,singapore,sg,leipzig dc,de,2026-08-21,2026-08-06,2026-08-13,2026-08-29,ocean,NorthStar Freight,3,17
true,Speciality Monitoring,Central Station Display 27in,6601061922.01-01,6.0,6601061922,5613.0,2026-08-21,2026-08-26,6601061922,55841709,los angeles,us,hamburg dc,de,2026-08-06,2026-08-06,2026-08-11,2026-08-20,air,EuroCargo Express,5,14
true,Speciality Monitoring,Vital Signs Monitor V200 Cart Mount,6601061922.01-02,4.0,6601061922,3601.0,2026-08-21,2026-08-26,6601061922,55841709,los angeles,us,hamburg dc,de,2026-08-06,2026-08-06,2026-08-11,2026-08-20,air,EuroCargo Express,5,14
true,ACI ICCA,ECG Lead Set 12-wire Diagnostic,6601326329.01-01,2.0,6601326329,2424.0,2026-09-30,2026-10-04,6601326329,51550812,miami,us,leipzig dc,de,2026-09-15,,,,air,EuroCargo Express,6,17
true,ACI ICCA,Temperature Probe Skin,6601326329.01-02,5.0,6601326329,6218.0,2026-09-30,2026-10-04,6601326329,51550812,miami,us,leipzig dc,de,2026-09-15,,,,air,EuroCargo Express,6,17
true,Clinical Measurements,Temperature Probe Rectal,6600722442.01-01,12.0,6600722442,319.0,2026-10-11,2026-10-12,6600722442,56980854,hamburg,de,herrsching dc,de,2026-10-09,2026-08-24,2026-08-25,2026-08-26,road,NorthStar Freight,13,16
true,Clinical Measurements,Central Station Display 24in,6600722442.01-02,1.0,6600722442,2249.0,2026-10-11,2026-10-12,6600722442,56980854,hamburg,de,herrsching dc,de,2026-10-09,2026-08-24,2026-08-25,2026-08-26,road,NorthStar Freight,13,16
true,Clinical Measurements,Bedside Monitor Mount Rail Mount,6601553219.01-01,5.0,6601553219,5182.0,2026-09-25,2026-09-28,6601553219,52524296,milan,it,herrsching dc,de,2026-09-22,2026-08-30,2026-08-31,,road,SwiftHaul GmbH,9,16
true,Clinical Measurements,Infusion Pump Docking Station Triple Bay,6601553219.01-02,12.0,6601553219,217.0,2026-09-25,2026-09-28,6601553219,52524296,milan,it,herrsching dc,de,2026-09-22,2026-08-30,2026-08-31,,road,SwiftHaul GmbH,9,16
true,EHM Equip,Calibration Kit Standard,6601322013.01-01,7.0,6601322013,824.0,2026-08-29,2026-08-30,"6601397440,6601322013",56603123,miami,us,boeblingen dc,de,2026-08-13,2026-08-13,2026-08-18,,air,SwiftHaul GmbH,6,15
true,EHM Equip,Multi-Param Sensor Module MP-8 Plus,6601322013.01-02,7.0,6601322013,2393.0,2026-08-29,2026-08-30,"6601397440,6601322013",56603123,miami,us,boeblingen dc,de,2026-08-13,2026-08-13,2026-08-18,,air,SwiftHaul GmbH,6,15
true,ACI Clinical Integ. & Insights,ECG Lead Set 5-wire,6601397440.01-01,11.0,6601397440,3589.0,2026-09-09,2026-09-13,"6601397440,6601322013",56603123,miami,us,boeblingen dc,de,2026-08-13,2026-08-13,2026-08-18,,air,SwiftHaul GmbH,6,15
true,Clinical Measurements,Ultrasound Probe Linear L12,6600931614.01-01,10.0,6600931614,6782.0,2026-09-25,2026-09-23,6600931614,55975436,bratislava,sk,herrsching dc,de,2026-09-23,2026-08-19,2026-08-20,2026-08-21,road,Blue Anchor Shipping,11,16
true,Clinical Measurements,ECG Lead Set 5-wire Reusable,6600931614.01-02,12.0,6600931614,843.0,2026-09-25,2026-09-23,6600931614,55975436,bratislava,sk,herrsching dc,de,2026-09-23,2026-08-19,2026-08-20,2026-08-21,road,Blue Anchor Shipping,11,16
true,Clinical Measurements,ECG Lead Set 12-wire Diagnostic,6600797550.01-01,3.0,6600797550,359.0,2026-09-16,2026-09-17,6600797550,56485020,hamburg,de,leipzig dc,de,2026-09-15,2026-08-23,2026-08-24,2026-08-24,road,HubLine Cargo,13,17
true,EHM Equip,Patient Monitor Gateway X1,6601645676.01-01,6.0,6601645676,1559.0,2026-09-14,2026-09-11,6601645676,51292274,milan,it,leipzig dc,de,2026-09-10,2026-08-30,2026-08-31,,road,Meridian Air Cargo,9,17
true,EHM Equip,Patient Monitor Gateway X1 Pro,6601645676.01-02,6.0,6601645676,3498.0,2026-09-14,2026-09-11,6601645676,51292274,milan,it,leipzig dc,de,2026-09-10,2026-08-30,2026-08-31,,road,Meridian Air Cargo,9,17
true,EHM Equip,ECG Lead Set 3-wire,6601645676.01-03,3.0,6601645676,703.0,2026-09-14,2026-09-11,6601645676,51292274,milan,it,leipzig dc,de,2026-09-10,2026-08-30,2026-08-31,,road,Meridian Air Cargo,9,17
true,EHM Equip,Infusion Pump IP-500,6601645676.01-04,11.0,6601645676,2664.0,2026-09-14,2026-09-11,6601645676,51292274,milan,it,leipzig dc,de,2026-09-10,2026-08-30,2026-08-31,,road,Meridian Air Cargo,9,17
true,EHM Equip,CO2 Sensor Module Mainstream,6600793450.01-01,6.0,6600793450,5264.0,2026-10-10,2026-10-07,"6600962637,6600793450",58390840,milan,it,herrsching dc,de,2026-09-25,2026-08-21,2026-08-22,2026-08-24,road,EuroCargo Express,9,16
true,EHM Equip,Ultrasound Probe Convex C5,6600793450.01-02,3.0,6600793450,265.0,2026-10-10,2026-10-07,"6600962637,6600793450",58390840,milan,it,herrsching dc,de,2026-09-25,2026-08-21,2026-08-22,2026-08-24,road,EuroCargo Express,9,16
true,ACI ICCA,Infusion Pump IP-500,6600962637.01-01,11.0,6600962637,5806.0,2026-09-28,2026-10-05,"6600962637,6600793450",58390840,milan,it,herrsching dc,de,2026-09-25,2026-08-21,2026-08-22,2026-08-24,road,EuroCargo Express,9,16
true,ACI ICCA,Service Cart Mobile Locking,6600962637.01-02,12.0,6600962637,3161.0,2026-09-28,2026-10-05,"6600962637,6600793450",58390840,milan,it,herrsching dc,de,2026-09-25,2026-08-21,2026-08-22,2026-08-24,road,EuroCargo Express,9,16
true,Next-Gen Acute Care Monitoring,Network Interface Card Redundant Dual-Port,6600996275.01-01,4.0,6600996275,802.0,2026-09-04,2026-09-07,6600996275,55480120,shenzhen,cn,herrsching dc,de,2026-08-07,,,,ocean,HubLine Cargo,2,16
true,EHM Equip,Patient Cable ECG 5-lead 3m,6601015809.01-01,9.0,6601015809,3468.0,2026-09-19,2026-09-25,6601015809,54116368,los angeles,us,leipzig dc,de,2026-09-03,,,,air,NorthStar Freight,5,17
true,EHM Equip,Patient Monitor Gateway X1 Pro,6601590084.01-01,2.0,6601590084,1535.0,2026-10-10,2026-10-14,6601590084,51865571,milan,it,hamburg dc,de,2026-10-06,2026-08-21,2026-08-22,2026-08-26,road,HubLine Cargo,9,14
true,EHM Equip,ECG Lead Set 5-wire Reusable,6600938674.01-01,6.0,6600938674,3144.0,2026-09-01,2026-09-08,6600938674,55330200,bratislava,sk,leipzig dc,de,2026-08-29,,,,road,EuroCargo Express,11,17
true,EHM Equip,Vital Signs Monitor V300 Touch,6600938674.01-02,3.0,6600938674,4217.0,2026-09-01,2026-09-08,6600938674,55330200,bratislava,sk,leipzig dc,de,2026-08-29,,,,road,EuroCargo Express,11,17
true,EHM Equip,Ultrasound Probe Cardiac P4,6601174050.01-01,1.0,6601174050,3902.0,2026-09-16,2026-09-14,6601174050,56451842,lyon,fr,leipzig dc,de,2026-09-13,2026-08-31,2026-09-01,,road,NorthStar Freight,12,17
true,EHM Equip,Service Cart Mobile Locking,6601598317.01-01,7.0,6601598317,7701.0,2026-08-17,2026-08-16,6601598317,51292734,bratislava,sk,hamburg dc,de,2026-08-14,2026-08-14,2026-08-15,,road,Blue Anchor Shipping,11,14
true,ACI Clinical Integ. & Insights,ECG Lead Set 12-wire Diagnostic,6601065186.01-01,3.0,6601065186,3325.0,2026-10-07,2026-10-13,6601065186,51259013,hamburg,de,leipzig dc,de,2026-10-06,,,,road,HubLine Cargo,13,17
true,ACI Clinical Integ. & Insights,CO2 Sensor Module Sidestream,6601065186.01-02,6.0,6601065186,1964.0,2026-10-07,2026-10-13,6601065186,51259013,hamburg,de,leipzig dc,de,2026-10-06,,,,road,HubLine Cargo,13,17
true,ACI Clinical Integ. & Insights,Patient Monitor Gateway X1,6601065186.01-03,2.0,6601065186,2919.0,2026-10-07,2026-10-13,6601065186,51259013,hamburg,de,leipzig dc,de,2026-10-06,,,,road,HubLine Cargo,13,17
true,ACI ICCA,NIBP Cuff Set Adult Long,6601190468.01-01,9.0,6601190468,5114.0,2026-09-27,2026-09-29,"6601447734,6601190468",57749882,shenzhen,cn,leipzig dc,de,2026-09-01,2026-08-03,2026-08-11,2026-08-30,ocean,NorthStar Freight,2,17
true,Clinical Measurements,Ultrasound Probe Cardiac P4,6601447734.01-01,5.0,6601447734,4379.0,2026-10-05,2026-10-10,"6601447734,6601190468",57749882,shenzhen,cn,leipzig dc,de,2026-09-01,2026-08-03,2026-08-11,2026-08-30,ocean,NorthStar Freight,2,17
true,EHM Equip,Patient Cable SpO2 Extension 2m,6600955479.01-01,10.0,6600955479,4144.0,2026-09-20,2026-09-22,6600955479,53362890,shanghai,cn,boeblingen dc,de,2026-08-25,,,,ocean,HubLine Cargo,1,15
true,ACI ICCA,Central Station Display 24in,6600923613.01-01,1.0,6600923613,3491.0,2026-09-05,2026-09-11,6600923613,51693229,los angeles,us,leipzig dc,de,2026-08-20,,,,air,Blue Anchor Shipping,5,17
true,EHM Equip,Bedside Monitor Mount Rolling Stand,6601102675.01-01,7.0,6601102675,716.0,2026-09-06,2026-09-12,6601102675,59303027,singapore,sg,leipzig dc,de,2026-08-14,,,,ocean,EuroCargo Express,3,17
true,EHM Equip,Service Cart Mobile Standard,6601290943.01-01,8.0,6601290943,1953.0,2026-08-21,2026-08-25,6601290943,51712007,rotterdam,nl,leipzig dc,de,2026-08-18,2026-08-18,2026-08-19,,road,Meridian Air Cargo,7,17
true,EHM Equip,Temperature Probe Esophageal,6601013658.01-01,7.0,6601013658,4499.0,2026-08-20,2026-08-25,6601013658,59604215,miami,us,herrsching dc,de,2026-08-04,2026-08-03,2026-08-08,2026-08-23,air,EuroCargo Express,6,16
true,EHM Equip,Infusion Pump Docking Station Triple Bay,6601013658.01-02,3.0,6601013658,4527.0,2026-08-20,2026-08-25,6601013658,59604215,miami,us,herrsching dc,de,2026-08-04,2026-08-03,2026-08-08,2026-08-23,air,EuroCargo Express,6,16
true,Clinical Measurements,Ultrasound Probe Convex C5,6601026028.01-01,7.0,6601026028,4373.0,2026-08-27,2026-09-01,6601026028,55581510,milan,it,herrsching dc,de,2026-08-24,2026-08-22,2026-08-23,2026-08-27,road,Blue Anchor Shipping,9,16
true,Clinical Measurements,Patient Monitor Gateway X1,6601026028.01-02,12.0,6601026028,3689.0,2026-08-27,2026-09-01,6601026028,55581510,milan,it,herrsching dc,de,2026-08-24,2026-08-22,2026-08-23,2026-08-27,road,Blue Anchor Shipping,9,16
true,EHM Equip,SpO2 Sensor Reusable Pediatric,6600883608.01-01,5.0,6600883608,478.0,2026-09-22,2026-09-21,6600883608,57920025,rotterdam,nl,leipzig dc,de,2026-09-19,2026-08-30,2026-08-31,,road,Blue Anchor Shipping,7,17
true,EHM Equip,NIBP Cuff Set Adult Long,6600883608.01-02,4.0,6600883608,636.0,2026-09-22,2026-09-21,6600883608,57920025,rotterdam,nl,leipzig dc,de,2026-09-19,2026-08-30,2026-08-31,,road,Blue Anchor Shipping,7,17
true,EHM Equip,Central Monitoring Software License 40-Bed Enterprise,6600883608.01-03,11.0,6600883608,998.0,2026-09-22,2026-09-21,6600883608,57920025,rotterdam,nl,leipzig dc,de,2026-09-19,2026-08-30,2026-08-31,,road,Blue Anchor Shipping,7,17
true,Clinical Measurements,Central Monitoring Software License 10-Bed,6600759026.01-01,6.0,6600759026,19.0,2026-10-05,2026-10-12,6600759026,53521551,warsaw,pl,leipzig dc,de,2026-10-03,2026-08-26,2026-08-27,2026-09-01,road,EuroCargo Express,10,17
true,ACI ICCA,SpO2 Sensor Finger Clip,6600989287.01-01,10.0,6600989287,3343.0,2026-10-11,2026-10-17,6600989287,52412889,lyon,fr,hamburg dc,de,2026-10-08,2026-08-22,2026-08-23,2026-08-26,road,EuroCargo Express,12,14
true,ACI ICCA,Bedside Monitor Mount Wall Arm,6600989287.01-02,3.0,6600989287,3678.0,2026-10-11,2026-10-17,6600989287,52412889,lyon,fr,hamburg dc,de,2026-10-08,2026-08-22,2026-08-23,2026-08-26,road,EuroCargo Express,12,14
true,ACI ICCA,Ultrasound Probe Linear L12,6600989287.01-03,1.0,6600989287,444.0,2026-10-11,2026-10-17,6600989287,52412889,lyon,fr,hamburg dc,de,2026-10-08,2026-08-22,2026-08-23,2026-08-26,road,EuroCargo Express,12,14
true,ACI ICCA,CO2 Sensor Module Sidestream,6600989287.01-04,8.0,6600989287,4615.0,2026-10-11,2026-10-17,6600989287,52412889,lyon,fr,hamburg dc,de,2026-10-08,2026-08-22,2026-08-23,2026-08-26,road,EuroCargo Express,12,14
true,EHM Equip,Vital Signs Monitor V200,6601633753.01-01,9.0,6601633753,9611.0,2026-08-16,2026-08-23,6601633753,56740953,chicago,us,hamburg dc,de,2026-08-04,2026-08-07,2026-08-11,2026-08-20,air,SwiftHaul GmbH,4,14
true,EHM Equip,Infusion Pump IP-300 Compact,6601518009.01-01,3.0,6601518009,188.0,2026-09-01,2026-09-07,6601518009,57188157,milan,it,leipzig dc,de,2026-08-28,2026-08-29,2026-08-30,,road,EuroCargo Express,9,17
true,EHM Equip,Network Interface Card Redundant Dual-Port,6601407677.01-01,8.0,6601407677,1804.0,2026-09-12,2026-09-16,6601407677,54753043,los angeles,us,boeblingen dc,de,2026-08-26,2026-08-04,2026-08-09,2026-08-21,air,EuroCargo Express,5,15
true,EHM Equip,SpO2 Sensor Reusable Pediatric,6601407677.01-02,6.0,6601407677,6712.0,2026-09-12,2026-09-16,6601407677,54753043,los angeles,us,boeblingen dc,de,2026-08-26,2026-08-04,2026-08-09,2026-08-21,air,EuroCargo Express,5,15
true,EHM Equip,NIBP Cuff Set Adult,6601407677.01-03,12.0,6601407677,1293.0,2026-09-12,2026-09-16,6601407677,54753043,los angeles,us,boeblingen dc,de,2026-08-26,2026-08-04,2026-08-09,2026-08-21,air,EuroCargo Express,5,15
true,EHM Equip,Patient Cable ECG 5-lead 3m,6601407677.01-04,1.0,6601407677,2127.0,2026-09-12,2026-09-16,6601407677,54753043,los angeles,us,boeblingen dc,de,2026-08-26,2026-08-04,2026-08-09,2026-08-21,air,EuroCargo Express,5,15
true,EHM Equip,Ultrasound Probe Convex C5,6600833484.01-01,7.0,6600833484,296.0,2026-08-28,2026-08-31,6600833484,57826061,shanghai,cn,herrsching dc,de,2026-08-01,,,,ocean,Meridian Air Cargo,1,16
true,Clinical Measurements,Wall Mount Arm Single Monitor,6601168515.01-01,7.0,6601168515,1128.0,2026-08-23,2026-08-30,"6601168515,6601511235",57420927,rotterdam,nl,herrsching dc,de,2026-08-19,,,,road,Meridian Air Cargo,7,16
true,Clinical Measurements,CO2 Sensor Module Sidestream,6601168515.01-02,4.0,6601168515,2218.0,2026-08-23,2026-08-30,"6601168515,6601511235",57420927,rotterdam,nl,herrsching dc,de,2026-08-19,,,,road,Meridian Air Cargo,7,16
true,Clinical Measurements,SpO2 Sensor Reusable Adult,6601168515.01-03,10.0,6601168515,1292.0,2026-08-23,2026-08-30,"6601168515,6601511235",57420927,rotterdam,nl,herrsching dc,de,2026-08-19,,,,road,Meridian Air Cargo,7,16
true,ACI Clinical Integ. & Insights,Ventilator Circuit Kit Adult,6601511235.01-01,7.0,6601511235,3798.0,2026-09-05,2026-09-07,"6601168515,6601511235",57420927,rotterdam,nl,herrsching dc,de,2026-08-19,,,,road,Meridian Air Cargo,7,16
true,ACI Clinical Integ. & Insights,Telemetry Transmitter T3 Mini,6601511235.01-02,4.0,6601511235,5318.0,2026-09-05,2026-09-07,"6601168515,6601511235",57420927,rotterdam,nl,herrsching dc,de,2026-08-19,,,,road,Meridian Air Cargo,7,16
true,ACI Clinical Integ. & Insights,Patient Monitor Gateway X2 Wireless,6601511235.01-03,8.0,6601511235,546.0,2026-09-05,2026-09-07,"6601168515,6601511235",57420927,rotterdam,nl,herrsching dc,de,2026-08-19,,,,road,Meridian Air Cargo,7,16
true,Next-Gen Acute Care Monitoring,Patient Cable NIBP Hose 2.5m,6600706993.01-01,1.0,6600706993,6209.0,2026-09-18,2026-09-22,6600706993,56558396,bratislava,sk,hamburg dc,de,2026-09-15,2026-08-25,2026-08-26,2026-08-27,road,SwiftHaul GmbH,11,14
true,Next-Gen Acute Care Monitoring,Central Monitoring Software License 40-Bed Enterprise,6600706993.01-02,12.0,6600706993,1475.0,2026-09-18,2026-09-22,6600706993,56558396,bratislava,sk,hamburg dc,de,2026-09-15,2026-08-25,2026-08-26,2026-08-27,road,SwiftHaul GmbH,11,14
true,ACI ICCA,Central Monitoring Software License 20-Bed,6600857150.01-01,4.0,6600857150,803.0,2026-10-14,2026-10-13,6600857150,56284885,shenzhen,cn,leipzig dc,de,2026-09-18,2026-08-04,2026-08-12,2026-08-30,ocean,Blue Anchor Shipping,2,17
true,Next-Gen Acute Care Monitoring,Vital Signs Monitor V200 Cart Mount,6600998129.01-01,5.0,6600998129,4453.0,2026-09-12,2026-09-18,"6601021444,6600998129",55104790,chicago,us,leipzig dc,de,2026-08-30,2026-08-30,2026-09-03,,air,NorthStar Freight,4,17
true,Next-Gen Acute Care Monitoring,Central Monitoring Software License 20-Bed,6600998129.01-02,2.0,6600998129,637.0,2026-09-12,2026-09-18,"6601021444,6600998129",55104790,chicago,us,leipzig dc,de,2026-08-30,2026-08-30,2026-09-03,,air,NorthStar Freight,4,17
true,Next-Gen Acute Care Monitoring,Service Cart Mobile Locking,6600998129.01-03,12.0,6600998129,2691.0,2026-09-12,2026-09-18,"6601021444,6600998129",55104790,chicago,us,leipzig dc,de,2026-08-30,2026-08-30,2026-09-03,,air,NorthStar Freight,4,17
true,Next-Gen Acute Care Monitoring,Vital Signs Monitor V100 Compact,6601021444.01-01,11.0,6601021444,3583.0,2026-09-24,2026-09-22,"6601021444,6600998129",55104790,chicago,us,leipzig dc,de,2026-08-30,2026-08-30,2026-09-03,,air,NorthStar Freight,4,17
true,Next-Gen Acute Care Monitoring,Defibrillator Pad Set Adult,6601021444.01-02,2.0,6601021444,237.0,2026-09-24,2026-09-22,"6601021444,6600998129",55104790,chicago,us,leipzig dc,de,2026-08-30,2026-08-30,2026-09-03,,air,NorthStar Freight,4,17
true,Next-Gen Acute Care Monitoring,Wall Mount Arm Dual Monitor,6601021444.01-03,5.0,6601021444,3229.0,2026-09-24,2026-09-22,"6601021444,6600998129",55104790,chicago,us,leipzig dc,de,2026-08-30,2026-08-30,2026-09-03,,air,NorthStar Freight,4,17
true,Next-Gen Acute Care Monitoring,Multi-Param Sensor Module MP-3 Compact,6601021444.01-04,12.0,6601021444,3929.0,2026-09-24,2026-09-22,"6601021444,6600998129",55104790,chicago,us,leipzig dc,de,2026-08-30,2026-08-30,2026-09-03,,air,NorthStar Freight,4,17
true,EHM Equip,SpO2 Sensor Disposable Adult,6601209433.01-01,11.0,6601209433,3411.0,2026-09-23,2026-09-23,"6601304056,6601209433",59630290,milan,it,leipzig dc,de,2026-08-26,2026-08-26,2026-08-27,2026-08-29,road,Blue Anchor Shipping,9,17
true,EHM Equip,Network Interface Card Standard,6601209433.01-02,10.0,6601209433,3458.0,2026-09-23,2026-09-23,"6601304056,6601209433",59630290,milan,it,leipzig dc,de,2026-08-26,2026-08-26,2026-08-27,2026-08-29,road,Blue Anchor Shipping,9,17
true,Clinical Measurements,Telemetry Transmitter T5 Dual-Channel,6601304056.01-01,4.0,6601304056,2976.0,2026-08-30,2026-08-28,"6601304056,6601209433",59630290,milan,it,leipzig dc,de,2026-08-26,2026-08-26,2026-08-27,2026-08-29,road,Blue Anchor Shipping,9,17
true,Clinical Measurements,Defibrillator Pad Set Pediatric,6601304056.01-02,10.0,6601304056,1319.0,2026-08-30,2026-08-28,"6601304056,6601209433",59630290,milan,it,leipzig dc,de,2026-08-26,2026-08-26,2026-08-27,2026-08-29,road,Blue Anchor Shipping,9,17
true,EHM Equip,Defibrillator Pad Set Training,6600856041.01-01,1.0,6600856041,4939.0,2026-08-21,2026-08-18,6600856041,53694992,bratislava,sk,boeblingen dc,de,2026-08-19,2026-08-21,2026-08-22,2026-08-24,road,HubLine Cargo,11,15
true,EHM Equip,NIBP Cuff Set Pediatric,6600856041.01-02,1.0,6600856041,2086.0,2026-08-21,2026-08-18,6600856041,53694992,bratislava,sk,boeblingen dc,de,2026-08-19,2026-08-21,2026-08-22,2026-08-24,road,HubLine Cargo,11,15
true,EHM Equip,SpO2 Sensor Finger Clip,6601699381.01-01,6.0,6601699381,1516.0,2026-08-17,2026-08-20,6601699381,57404950,antwerp,be,herrsching dc,de,2026-08-13,2026-08-12,2026-08-13,2026-08-17,road,EuroCargo Express,8,16
true,EHM Equip,CO2 Sensor Module Sidestream,6601699381.01-02,1.0,6601699381,3345.0,2026-08-17,2026-08-20,6601699381,57404950,antwerp,be,herrsching dc,de,2026-08-13,2026-08-12,2026-08-13,2026-08-17,road,EuroCargo Express,8,16
true,EHM Equip,Ventilator Circuit Kit Reusable Adult,6601699381.01-03,8.0,6601699381,625.0,2026-08-17,2026-08-20,6601699381,57404950,antwerp,be,herrsching dc,de,2026-08-13,2026-08-12,2026-08-13,2026-08-17,road,EuroCargo Express,8,16
true,Next-Gen Acute Care Monitoring,ECG Lead Set 12-wire Diagnostic,6601254567.01-01,3.0,6601254567,77.0,2026-10-04,2026-10-09,6601254567,50385589,warsaw,pl,hamburg dc,de,2026-10-01,2026-08-30,2026-08-31,,road,Blue Anchor Shipping,10,14
true,Next-Gen Acute Care Monitoring,Infusion Pump IP-500,6601254567.01-02,9.0,6601254567,1899.0,2026-10-04,2026-10-09,6601254567,50385589,warsaw,pl,hamburg dc,de,2026-10-01,2026-08-30,2026-08-31,,road,Blue Anchor Shipping,10,14
true,EHM Equip,Calibration Kit Advanced Diagnostic,6600747918.01-01,6.0,6600747918,138.0,2026-08-24,2026-08-29,6600747918,52507940,bratislava,sk,herrsching dc,de,2026-08-22,2026-08-22,2026-08-23,2026-08-23,road,NorthStar Freight,11,16
true,EHM Equip,Infusion Pump IP-700 Dual,6600747918.01-02,8.0,6600747918,2417.0,2026-08-24,2026-08-29,6600747918,52507940,bratislava,sk,herrsching dc,de,2026-08-22,2026-08-22,2026-08-23,2026-08-23,road,NorthStar Freight,11,16
true,Next-Gen Acute Care Monitoring,Patient Cable SpO2 Extension 2m,6600860202.01-01,5.0,6600860202,1443.0,2026-10-11,2026-10-15,6600860202,51464732,shenzhen,cn,leipzig dc,de,2026-09-15,,,,ocean,Meridian Air Cargo,2,17
true,ACI Clinical Integ. & Insights,ECG Lead Set 12-wire Diagnostic,6601616891.01-01,6.0,6601616891,2378.0,2026-09-05,2026-09-03,6601616891,54422111,shenzhen,cn,hamburg dc,de,2026-08-11,2026-08-13,2026-08-21,,ocean,Blue Anchor Shipping,2,14
true,ACI Clinical Integ. & Insights,Central Station Display 32in Curved,6601616891.01-02,5.0,6601616891,3837.0,2026-09-05,2026-09-03,6601616891,54422111,shenzhen,cn,hamburg dc,de,2026-08-11,2026-08-13,2026-08-21,,ocean,Blue Anchor Shipping,2,14
true,ACI Clinical Integ. & Insights,SpO2 Sensor Finger Clip,6601616891.01-03,7.0,6601616891,307.0,2026-09-05,2026-09-03,6601616891,54422111,shenzhen,cn,hamburg dc,de,2026-08-11,2026-08-13,2026-08-21,,ocean,Blue Anchor Shipping,2,14
true,Next-Gen Acute Care Monitoring,Calibration Kit Advanced Diagnostic,6601375308.01-01,4.0,6601375308,5777.0,2026-09-26,2026-09-24,6601375308,58424043,antwerp,be,leipzig dc,de,2026-09-23,,,,road,HubLine Cargo,8,17
true,EHM Equip,Bedside Monitor Mount Rolling Stand,6600826875.01-01,10.0,6600826875,3092.0,2026-09-06,2026-09-09,"6600826875,6601660326",58629458,rotterdam,nl,hamburg dc,de,2026-09-04,2026-08-20,2026-08-21,2026-08-22,road,NorthStar Freight,7,14
true,Clinical Measurements,Vital Signs Monitor V300 Touch,6601660326.01-01,3.0,6601660326,4025.0,2026-09-28,2026-10-03,"6600826875,6601660326",58629458,rotterdam,nl,hamburg dc,de,2026-09-04,2026-08-20,2026-08-21,2026-08-22,road,NorthStar Freight,7,14
true,Clinical Measurements,Multi-Param Sensor Module MP-5,6601660326.01-02,1.0,6601660326,3544.0,2026-09-28,2026-10-03,"6600826875,6601660326",58629458,rotterdam,nl,hamburg dc,de,2026-09-04,2026-08-20,2026-08-21,2026-08-22,road,NorthStar Freight,7,14
true,Clinical Measurements,SpO2 Sensor Reusable Pediatric,6601660326.01-03,8.0,6601660326,2632.0,2026-09-28,2026-10-03,"6600826875,6601660326",58629458,rotterdam,nl,hamburg dc,de,2026-09-04,2026-08-20,2026-08-21,2026-08-22,road,NorthStar Freight,7,14
true,EHM Equip,Service Cart Mobile Locking,6601494358.01-01,7.0,6601494358,4105.0,2026-08-19,2026-08-16,6601494358,51963207,chicago,us,hamburg dc,de,2026-08-07,,,,air,Meridian Air Cargo,4,14
true,EHM Equip,Temperature Probe Skin,6601494358.01-02,7.0,6601494358,2834.0,2026-08-19,2026-08-16,6601494358,51963207,chicago,us,hamburg dc,de,2026-08-07,,,,air,Meridian Air Cargo,4,14
true,EHM Equip,Temperature Probe Esophageal,6601262573.01-01,5.0,6601262573,1236.0,2026-10-03,2026-10-07,6601262573,52628840,hamburg,de,boeblingen dc,de,2026-10-01,2026-08-30,2026-08-31,,road,HubLine Cargo,13,15
true,EHM Equip,Temperature Probe Rectal,6601262573.01-02,10.0,6601262573,3996.0,2026-10-03,2026-10-07,6601262573,52628840,hamburg,de,boeblingen dc,de,2026-10-01,2026-08-30,2026-08-31,,road,HubLine Cargo,13,15
true,EHM Equip,Ultrasound Probe Convex C5,6601399241.01-01,9.0,6601399241,235.0,2026-10-11,2026-10-14,6601399241,56018475,miami,us,boeblingen dc,de,2026-09-25,2026-08-06,2026-08-11,2026-08-22,air,EuroCargo Express,6,15
true,EHM Equip,NIBP Cuff Set Adult Long,6601035826.01-01,2.0,6601035826,6127.0,2026-08-20,2026-08-24,6601035826,54199027,hamburg,de,leipzig dc,de,2026-08-19,2026-08-18,2026-08-19,2026-08-19,road,EuroCargo Express,13,17
true,EHM Equip,Patient Cable ECG 5-lead 3m,6601035826.01-02,7.0,6601035826,2397.0,2026-08-20,2026-08-24,6601035826,54199027,hamburg,de,leipzig dc,de,2026-08-19,2026-08-18,2026-08-19,2026-08-19,road,EuroCargo Express,13,17
true,EHM Equip,Central Station Display 32in Curved,6601035826.01-03,7.0,6601035826,532.0,2026-08-20,2026-08-24,6601035826,54199027,hamburg,de,leipzig dc,de,2026-08-19,2026-08-18,2026-08-19,2026-08-19,road,EuroCargo Express,13,17
true,EHM Equip,Bedside Monitor Mount Rail Mount,6600953423.01-01,1.0,6600953423,2082.0,2026-08-23,2026-08-29,"6600975417,6600953423",57344114,chicago,us,boeblingen dc,de,2026-08-09,,,,air,EuroCargo Express,4,15
true,EHM Equip,Multi-Param Sensor Module MP-3 Compact,6600975417.01-01,4.0,6600975417,1606.0,2026-10-08,2026-10-09,"6600975417,6600953423",57344114,chicago,us,boeblingen dc,de,2026-08-09,,,,air,EuroCargo Express,4,15
true,EHM Equip,Central Station Display 27in,6600888978.01-01,12.0,6600888978,3105.0,2026-10-13,2026-10-18,"6601219135,6600888978",57719003,miami,us,hamburg dc,de,2026-09-12,2026-08-31,2026-09-04,,air,SwiftHaul GmbH,6,14
true,EHM Equip,Telemetry Transmitter T5 Dual-Channel,6600888978.01-02,8.0,6600888978,9576.0,2026-10-13,2026-10-18,"6601219135,6600888978",57719003,miami,us,hamburg dc,de,2026-09-12,2026-08-31,2026-09-04,,air,SwiftHaul GmbH,6,14
true,EHM Equip,Service Cart Mobile Standard,6600888978.01-03,8.0,6600888978,838.0,2026-10-13,2026-10-18,"6601219135,6600888978",57719003,miami,us,hamburg dc,de,2026-09-12,2026-08-31,2026-09-04,,air,SwiftHaul GmbH,6,14
true,EHM Equip,Patient Monitor Gateway X2 Wireless,6601219135.01-01,4.0,6601219135,1705.0,2026-09-26,2026-09-25,"6601219135,6600888978",57719003,miami,us,hamburg dc,de,2026-09-12,2026-08-31,2026-09-04,,air,SwiftHaul GmbH,6,14
true,EHM Equip,Service Cart Mobile Locking,6601219135.01-02,9.0,6601219135,1376.0,2026-09-26,2026-09-25,"6601219135,6600888978",57719003,miami,us,hamburg dc,de,2026-09-12,2026-08-31,2026-09-04,,air,SwiftHaul GmbH,6,14
true,EHM Equip,Telemetry Transmitter T5 Dual-Channel,6601219135.01-03,4.0,6601219135,5099.0,2026-09-26,2026-09-25,"6601219135,6600888978",57719003,miami,us,hamburg dc,de,2026-09-12,2026-08-31,2026-09-04,,air,SwiftHaul GmbH,6,14
true,EHM Equip,Telemetry Transmitter T3 Mini,6600848977.01-01,4.0,6600848977,303.0,2026-08-16,2026-08-20,6600848977,58889023,bratislava,sk,boeblingen dc,de,2026-08-14,,,,road,HubLine Cargo,11,15
true,Clinical Measurements,Multi-Param Sensor Module MP-3 Compact,6600906585.01-01,8.0,6600906585,5064.0,2026-10-08,2026-10-10,6600906585,54834991,bratislava,sk,herrsching dc,de,2026-10-06,,,,road,NorthStar Freight,11,16
true,Clinical Measurements,Patient Cable ECG 5-lead 3m,6600906585.01-02,2.0,6600906585,1027.0,2026-10-08,2026-10-10,6600906585,54834991,bratislava,sk,herrsching dc,de,2026-10-06,,,,road,NorthStar Freight,11,16
true,Clinical Measurements,Patient Cable SpO2 Extension 2m,6600906585.01-03,9.0,6600906585,368.0,2026-10-08,2026-10-10,6600906585,54834991,bratislava,sk,herrsching dc,de,2026-10-06,,,,road,NorthStar Freight,11,16
true,Clinical Measurements,Battery Pack BP-08 Compact,6601052937.01-01,2.0,6601052937,1834.0,2026-08-17,2026-08-22,"6601418622,6601052937",58875362,bratislava,sk,hamburg dc,de,2026-08-14,2026-08-14,2026-08-15,2026-08-19,road,NorthStar Freight,11,14
true,Clinical Measurements,Wall Mount Arm Single Monitor,6601052937.01-02,12.0,6601052937,1212.0,2026-08-17,2026-08-22,"6601418622,6601052937",58875362,bratislava,sk,hamburg dc,de,2026-08-14,2026-08-14,2026-08-15,2026-08-19,road,NorthStar Freight,11,14
true,Clinical Measurements,Multi-Param Sensor Module MP-5,6601052937.01-03,11.0,6601052937,1951.0,2026-08-17,2026-08-22,"6601418622,6601052937",58875362,bratislava,sk,hamburg dc,de,2026-08-14,2026-08-14,2026-08-15,2026-08-19,road,NorthStar Freight,11,14
true,Clinical Measurements,Vital Signs Monitor V200 Cart Mount,6601052937.01-04,8.0,6601052937,4233.0,2026-08-17,2026-08-22,"6601418622,6601052937",58875362,bratislava,sk,hamburg dc,de,2026-08-14,2026-08-14,2026-08-15,2026-08-19,road,NorthStar Freight,11,14
true,Next-Gen Acute Care Monitoring,Vital Signs Monitor V100 Compact,6601418622.01-01,6.0,6601418622,2609.0,2026-09-24,2026-09-30,"6601418622,6601052937",58875362,bratislava,sk,hamburg dc,de,2026-08-14,2026-08-14,2026-08-15,2026-08-19,road,NorthStar Freight,11,14
true,Speciality Monitoring,Printer Module PM-3 Thermal,6601165829.01-01,12.0,6601165829,4964.0,2026-09-27,2026-09-28,6601165829,50647247,milan,it,hamburg dc,de,2026-09-23,,,,road,Blue Anchor Shipping,9,14
true,EHM Equip,Calibration Kit Standard,6601018566.01-01,8.0,6601018566,2523.0,2026-09-11,2026-09-08,6601018566,55111227,singapore,sg,hamburg dc,de,2026-08-20,2026-07-30,2026-08-06,2026-08-21,ocean,NorthStar Freight,3,14
true,EHM Equip,Infusion Pump Docking Station Single Bay,6601018566.01-02,6.0,6601018566,412.0,2026-09-11,2026-09-08,6601018566,55111227,singapore,sg,hamburg dc,de,2026-08-20,2026-07-30,2026-08-06,2026-08-21,ocean,NorthStar Freight,3,14
true,EHM Equip,Patient Cable SpO2 Extension 2m,6601018566.01-03,1.0,6601018566,4453.0,2026-09-11,2026-09-08,6601018566,55111227,singapore,sg,hamburg dc,de,2026-08-20,2026-07-30,2026-08-06,2026-08-21,ocean,NorthStar Freight,3,14
true,EHM Equip,Multi-Param Sensor Module MP-8 Plus,6601018566.01-04,9.0,6601018566,5267.0,2026-09-11,2026-09-08,6601018566,55111227,singapore,sg,hamburg dc,de,2026-08-20,2026-07-30,2026-08-06,2026-08-21,ocean,NorthStar Freight,3,14
true,Next-Gen Acute Care Monitoring,ECG Lead Set 3-wire,6600940559.01-01,1.0,6600940559,1411.0,2026-10-01,2026-10-06,6600940559,59705085,shenzhen,cn,leipzig dc,de,2026-09-05,,,,ocean,HubLine Cargo,2,17
true,Next-Gen Acute Care Monitoring,ECG Lead Set 12-wire Diagnostic,6600940559.01-02,10.0,6600940559,3129.0,2026-10-01,2026-10-06,6600940559,59705085,shenzhen,cn,leipzig dc,de,2026-09-05,,,,ocean,HubLine Cargo,2,17
true,Next-Gen Acute Care Monitoring,Printer Module PM-3,6600940559.01-03,8.0,6600940559,1911.0,2026-10-01,2026-10-06,6600940559,59705085,shenzhen,cn,leipzig dc,de,2026-09-05,,,,ocean,HubLine Cargo,2,17
true,Clinical Measurements,Bedside Monitor Mount Rail Mount,6601599904.01-01,3.0,6601599904,3557.0,2026-08-14,2026-08-13,6601599904,56839768,los angeles,us,leipzig dc,de,2026-07-29,2026-07-29,2026-08-03,2026-08-14,air,EuroCargo Express,5,17
true,Clinical Measurements,Bedside Monitor Mount Wall Arm,6601599904.01-02,4.0,6601599904,982.0,2026-08-14,2026-08-13,6601599904,56839768,los angeles,us,leipzig dc,de,2026-07-29,2026-07-29,2026-08-03,2026-08-14,air,EuroCargo Express,5,17
true,Clinical Measurements,Printer Module PM-3,6601599904.01-03,10.0,6601599904,381.0,2026-08-14,2026-08-13,6601599904,56839768,los angeles,us,leipzig dc,de,2026-07-29,2026-07-29,2026-08-03,2026-08-14,air,EuroCargo Express,5,17
true,Clinical Measurements,Multi-Param Sensor Module MP-5,6601599904.01-04,6.0,6601599904,2424.0,2026-08-14,2026-08-13,6601599904,56839768,los angeles,us,leipzig dc,de,2026-07-29,2026-07-29,2026-08-03,2026-08-14,air,EuroCargo Express,5,17
true,Clinical Measurements,CO2 Sensor Module Sidestream,6601038025.01-01,5.0,6601038025,5997.0,2026-09-17,2026-09-15,6601038025,57825081,chicago,us,boeblingen dc,de,2026-09-03,2026-08-31,2026-09-04,,air,SwiftHaul GmbH,4,15
true,Next-Gen Acute Care Monitoring,Battery Pack BP-24 Extended,6600841554.01-01,1.0,6600841554,1382.0,2026-08-12,2026-08-09,6600841554,58931324,rotterdam,nl,hamburg dc,de,2026-08-10,2026-08-10,2026-08-11,2026-08-13,road,SwiftHaul GmbH,7,14
true,Next-Gen Acute Care Monitoring,Battery Pack BP-12,6600841554.01-02,8.0,6600841554,3423.0,2026-08-12,2026-08-09,6600841554,58931324,rotterdam,nl,hamburg dc,de,2026-08-10,2026-08-10,2026-08-11,2026-08-13,road,SwiftHaul GmbH,7,14
true,EHM Equip,Central Monitoring Software License 40-Bed Enterprise,6600942298.01-01,6.0,6600942298,2658.0,2026-09-12,2026-09-16,6600942298,51872850,antwerp,be,hamburg dc,de,2026-09-10,2026-08-29,2026-08-30,,road,HubLine Cargo,8,14
true,ACI ICCA,Infusion Pump IP-500,6601026388.01-01,2.0,6601026388,2875.0,2026-09-03,2026-09-04,"6601346592,6601026388",53840336,warsaw,pl,hamburg dc,de,2026-08-31,2026-08-19,2026-08-20,2026-08-24,road,NorthStar Freight,10,14
true,EHM Equip,Vital Signs Monitor V300 Wall Mount,6601346592.01-01,6.0,6601346592,4118.0,2026-09-13,2026-09-14,"6601346592,6601026388",53840336,warsaw,pl,hamburg dc,de,2026-08-31,2026-08-19,2026-08-20,2026-08-24,road,NorthStar Freight,10,14
true,EHM Equip,NIBP Cuff Set Neonatal,6601346592.01-02,4.0,6601346592,417.0,2026-09-13,2026-09-14,"6601346592,6601026388",53840336,warsaw,pl,hamburg dc,de,2026-08-31,2026-08-19,2026-08-20,2026-08-24,road,NorthStar Freight,10,14
true,ACI Clinical Integ. & Insights,ECG Lead Set 3-wire,6601232366.01-01,8.0,6601232366,4833.0,2026-08-11,2026-08-08,6601232366,56468820,rotterdam,nl,herrsching dc,de,2026-08-07,2026-08-07,2026-08-08,2026-08-11,road,NorthStar Freight,7,16
true,ACI Clinical Integ. & Insights,Ultrasound Probe Convex C5,6601232366.01-02,1.0,6601232366,3929.0,2026-08-11,2026-08-08,6601232366,56468820,rotterdam,nl,herrsching dc,de,2026-08-07,2026-08-07,2026-08-08,2026-08-11,road,NorthStar Freight,7,16
true,ACI Clinical Integ. & Insights,Vital Signs Monitor V200,6601232366.01-03,6.0,6601232366,3296.0,2026-08-11,2026-08-08,6601232366,56468820,rotterdam,nl,herrsching dc,de,2026-08-07,2026-08-07,2026-08-08,2026-08-11,road,NorthStar Freight,7,16
true,Next-Gen Acute Care Monitoring,Multi-Param Sensor Module MP-5,6601565566.01-01,9.0,6601565566,1776.0,2026-09-16,2026-09-16,6601565566,59640590,shenzhen,cn,hamburg dc,de,2026-08-22,2026-07-27,2026-08-04,2026-08-20,ocean,SwiftHaul GmbH,2,14
true,Next-Gen Acute Care Monitoring,Ultrasound Probe Linear L12,6601565566.01-02,2.0,6601565566,2562.0,2026-09-16,2026-09-16,6601565566,59640590,shenzhen,cn,hamburg dc,de,2026-08-22,2026-07-27,2026-08-04,2026-08-20,ocean,SwiftHaul GmbH,2,14
true,Next-Gen Acute Care Monitoring,SpO2 Sensor Finger Clip,6601565566.01-03,12.0,6601565566,3794.0,2026-09-16,2026-09-16,6601565566,59640590,shenzhen,cn,hamburg dc,de,2026-08-22,2026-07-27,2026-08-04,2026-08-20,ocean,SwiftHaul GmbH,2,14
true,EHM Equip,Infusion Pump IP-300 Compact,6600874579.01-01,3.0,6600874579,4288.0,2026-08-30,2026-09-02,6600874579,51905646,los angeles,us,herrsching dc,de,2026-08-13,2026-08-11,2026-08-16,2026-08-27,air,EuroCargo Express,5,16
true,Next-Gen Acute Care Monitoring,Infusion Pump IP-700 Dual,6600982336.01-01,11.0,6600982336,1575.0,2026-10-09,2026-10-13,6600982336,53980192,hamburg,de,leipzig dc,de,2026-10-08,,,,road,NorthStar Freight,13,17
true,EHM Equip,Service Cart Mobile Locking,6600819613.01-01,4.0,6600819613,2392.0,2026-09-27,2026-09-29,6600819613,50152897,warsaw,pl,herrsching dc,de,2026-09-23,,,,road,SwiftHaul GmbH,10,16
true,Next-Gen Acute Care Monitoring,Ultrasound Probe Linear L12,6601321193.01-01,5.0,6601321193,2872.0,2026-09-04,2026-09-07,6601321193,58895377,bratislava,sk,boeblingen dc,de,2026-09-02,,,,road,Blue Anchor Shipping,11,15
true,Next-Gen Acute Care Monitoring,NIBP Cuff Set Thigh,6601321193.01-02,9.0,6601321193,1322.0,2026-09-04,2026-09-07,6601321193,58895377,bratislava,sk,boeblingen dc,de,2026-09-02,,,,road,Blue Anchor Shipping,11,15
true,Next-Gen Acute Care Monitoring,NIBP Cuff Set Adult Long,6601321193.01-03,2.0,6601321193,686.0,2026-09-04,2026-09-07,6601321193,58895377,bratislava,sk,boeblingen dc,de,2026-09-02,,,,road,Blue Anchor Shipping,11,15
true,Next-Gen Acute Care Monitoring,Central Station Display 24in,6600977693.01-01,2.0,6600977693,2076.0,2026-09-21,2026-09-18,6600977693,51332654,shenzhen,cn,boeblingen dc,de,2026-08-25,,,,ocean,Meridian Air Cargo,2,15
true,EHM Equip,Central Monitoring Software License 40-Bed Enterprise,6601426679.01-01,5.0,6601426679,1349.0,2026-10-09,2026-10-14,6601426679,58247107,antwerp,be,hamburg dc,de,2026-10-07,2026-08-27,2026-08-28,2026-08-30,road,EuroCargo Express,8,14
true,EHM Equip,Patient Monitor Gateway X1,6601426679.01-02,12.0,6601426679,2073.0,2026-10-09,2026-10-14,6601426679,58247107,antwerp,be,hamburg dc,de,2026-10-07,2026-08-27,2026-08-28,2026-08-30,road,EuroCargo Express,8,14
true,EHM Equip,Ventilator Circuit Kit Adult,6601054702.01-01,12.0,6601054702,3048.0,2026-09-24,2026-09-26,6601054702,59791256,milan,it,herrsching dc,de,2026-09-21,2026-08-24,2026-08-25,2026-08-27,road,HubLine Cargo,9,16
true,EHM Equip,Infusion Pump IP-700 Dual,6601054702.01-02,10.0,6601054702,1751.0,2026-09-24,2026-09-26,6601054702,59791256,milan,it,herrsching dc,de,2026-09-21,2026-08-24,2026-08-25,2026-08-27,road,HubLine Cargo,9,16
true,EHM Equip,Central Station Display 27in,6600978672.01-01,1.0,6600978672,4012.0,2026-09-16,2026-09-19,"6600978672,6601664213",59660212,los angeles,us,leipzig dc,de,2026-08-31,2026-08-31,2026-09-05,,air,SwiftHaul GmbH,5,17
true,Clinical Measurements,Service Cart Mobile Standard,6601664213.01-01,4.0,6601664213,268.0,2026-09-22,2026-09-20,"6600978672,6601664213",59660212,los angeles,us,leipzig dc,de,2026-08-31,2026-08-31,2026-09-05,,air,SwiftHaul GmbH,5,17
true,EHM Equip,Central Station Display 24in,6601007129.01-01,12.0,6601007129,3846.0,2026-10-01,2026-10-06,6601007129,57649867,hamburg,de,leipzig dc,de,2026-09-30,2026-08-29,2026-08-30,,road,NorthStar Freight,13,17
true,EHM Equip,Vital Signs Monitor V200 Cart Mount,6601007129.01-02,4.0,6601007129,509.0,2026-10-01,2026-10-06,6601007129,57649867,hamburg,de,leipzig dc,de,2026-09-30,2026-08-29,2026-08-30,,road,NorthStar Freight,13,17
true,EHM Equip,Infusion Pump Docking Station Single Bay,6601007129.01-03,1.0,6601007129,2536.0,2026-10-01,2026-10-06,6601007129,57649867,hamburg,de,leipzig dc,de,2026-09-30,2026-08-29,2026-08-30,,road,NorthStar Freight,13,17
true,ACI ICCA,Temperature Probe Esophageal,6600750211.01-01,2.0,6600750211,2592.0,2026-09-29,2026-10-03,6600750211,57798225,lyon,fr,hamburg dc,de,2026-09-26,2026-08-19,2026-08-20,2026-08-22,road,EuroCargo Express,12,14
